0 verbose cli /home/marco/.nvm/versions/node/v24.21.0/bin/node /home/marco/.nvm/versions/node/v24.21.0/bin/npm
1 info using npm@11.19.0
2 info using node@v24.21.0
3 silly config load:file:/home/marco/.nvm/versions/node/v24.21.0/lib/node_modules/npm/npmrc
4 silly config load:file:/home/marco/Documents/deepseek-harness/default-workspace/.npmrc
5 silly config load:file:/home/marco/.npmrc
6 silly config load:file:/home/marco/.nvm/versions/node/v24.21.0/etc/npmrc
7 verbose title npm install playwright-core
8 verbose argv "install" "playwright-core" "--cache" "/home/marco/Documents/deepseek-harness/default-workspace/.uitest/../.npm-cache" "--no-audit" "--no-fund"
9 verbose logfile logs-max:10 dir:/home/marco/Documents/deepseek-harness/default-workspace/.npm-cache/_logs/2026-10-02T21_14_58_545Z-
10 verbose logfile /home/marco/Documents/deepseek-harness/default-workspace/.npm-cache/_logs/2026-10-02T21_14_58_545Z-debug-0.log
11 silly logfile done cleaning log files
12 silly packumentCache heap:4496293888 maxSize:1124073472 maxEntrySize:562036736
13 silly idealTree buildDeps
14 silly fetch manifest playwright-core@*
15 silly packumentCache full:https://registry.npmjs.org/playwright-core cache-miss
16 http fetch GET 200 https://registry.npmjs.org/playwright-core 2061ms (cache miss)
17 silly packumentCache full:https://registry.npmjs.org/playwright-core set size:undefined disposed:false
18 silly placeDep ROOT playwright-core@1.63.0 OK for: lean-kanban@1.0.0 want: *
19 silly fetch manifest @dprint/formatter@^0.4.1
20 silly packumentCache full:https://registry.npmjs.org/@dprint%2fformatter cache-miss
21 http fetch GET 200 https://registry.npmjs.org/@dprint%2fformatter 385ms (cache miss)
22 silly packumentCache full:https://registry.npmjs.org/@dprint%2fformatter set size:undefined disposed:false
23 silly fetch manifest @dprint/typescript@0.93.4
24 silly packumentCache full:https://registry.npmjs.org/@dprint%2ftypescript cache-miss
25 http fetch GET 200 https://registry.npmjs.org/@dprint%2ftypescript 318ms (cache miss)
26 silly packumentCache full:https://registry.npmjs.org/@dprint%2ftypescript set size:undefined disposed:false
27 silly fetch manifest @esfx/canceltoken@^1.0.0
28 silly packumentCache full:https://registry.npmjs.org/@esfx%2fcanceltoken cache-miss
29 http fetch GET 200 https://registry.npmjs.org/@esfx%2fcanceltoken 349ms (cache miss)
30 silly packumentCache full:https://registry.npmjs.org/@esfx%2fcanceltoken set size:undefined disposed:false
31 silly fetch manifest @eslint/js@^9.20.0
32 silly packumentCache full:https://registry.npmjs.org/@eslint%2fjs cache-miss
33 http fetch GET 200 https://registry.npmjs.org/@eslint%2fjs 61ms (cache miss)
34 silly packumentCache full:https://registry.npmjs.org/@eslint%2fjs set size:undefined disposed:false
35 silly fetch manifest @octokit/rest@^21.1.1
36 silly packumentCache full:https://registry.npmjs.org/@octokit%2frest cache-miss
37 http fetch GET 200 https://registry.npmjs.org/@octokit%2frest 298ms (cache miss)
38 silly packumentCache full:https://registry.npmjs.org/@octokit%2frest set size:undefined disposed:false
39 silly fetch manifest @types/chai@^4.3.20
40 silly packumentCache full:https://registry.npmjs.org/@types%2fchai cache-miss
41 http fetch GET 200 https://registry.npmjs.org/@types%2fchai 74ms (cache miss)
42 silly packumentCache full:https://registry.npmjs.org/@types%2fchai set size:undefined disposed:false
43 silly fetch manifest @types/diff@^7.0.1
44 silly packumentCache full:https://registry.npmjs.org/@types%2fdiff cache-miss
45 http fetch GET 200 https://registry.npmjs.org/@types%2fdiff 300ms (cache miss)
46 silly packumentCache full:https://registry.npmjs.org/@types%2fdiff set size:undefined disposed:false
47 silly fetch manifest @types/minimist@^1.2.5
48 silly packumentCache full:https://registry.npmjs.org/@types%2fminimist cache-miss
49 http fetch GET 200 https://registry.npmjs.org/@types%2fminimist 297ms (cache miss)
50 silly packumentCache full:https://registry.npmjs.org/@types%2fminimist set size:undefined disposed:false
51 silly fetch manifest @types/mocha@^10.0.10
52 silly packumentCache full:https://registry.npmjs.org/@types%2fmocha cache-miss
53 http fetch GET 200 https://registry.npmjs.org/@types%2fmocha 93ms (cache miss)
54 silly packumentCache full:https://registry.npmjs.org/@types%2fmocha set size:undefined disposed:false
55 silly fetch manifest @types/ms@^0.7.34
56 silly packumentCache full:https://registry.npmjs.org/@types%2fms cache-miss
57 http fetch GET 200 https://registry.npmjs.org/@types%2fms 67ms (cache miss)
58 silly packumentCache full:https://registry.npmjs.org/@types%2fms set size:undefined disposed:false
59 silly fetch manifest @types/node@latest
60 silly packumentCache full:https://registry.npmjs.org/@types%2fnode cache-miss
61 http fetch GET 200 https://registry.npmjs.org/@types%2fnode 836ms (cache miss)
62 silly packumentCache full:https://registry.npmjs.org/@types%2fnode set size:undefined disposed:false
63 silly fetch manifest @types/source-map-support@^0.5.10
64 silly packumentCache full:https://registry.npmjs.org/@types%2fsource-map-support cache-miss
65 http fetch GET 200 https://registry.npmjs.org/@types%2fsource-map-support 240ms (cache miss)
66 silly packumentCache full:https://registry.npmjs.org/@types%2fsource-map-support set size:undefined disposed:false
67 silly fetch manifest @types/which@^3.0.4
68 silly packumentCache full:https://registry.npmjs.org/@types%2fwhich cache-miss
69 http fetch GET 200 https://registry.npmjs.org/@types%2fwhich 225ms (cache miss)
70 silly packumentCache full:https://registry.npmjs.org/@types%2fwhich set size:undefined disposed:false
71 silly fetch manifest @typescript-eslint/rule-tester@^8.24.1
72 silly packumentCache full:https://registry.npmjs.org/@typescript-eslint%2frule-tester cache-miss
73 http fetch GET 200 https://registry.npmjs.org/@typescript-eslint%2frule-tester 610ms (cache miss)
74 silly packumentCache full:https://registry.npmjs.org/@typescript-eslint%2frule-tester set size:undefined disposed:false
75 silly fetch manifest eslint@^8.57.0 || ^9.0.0 || ^10.0.0
76 silly packumentCache full:https://registry.npmjs.org/eslint cache-miss
77 http fetch GET 200 https://registry.npmjs.org/eslint 156ms (cache miss)
78 silly packumentCache full:https://registry.npmjs.org/eslint set size:undefined disposed:false
79 silly fetch manifest jiti@*
80 silly packumentCache full:https://registry.npmjs.org/jiti cache-miss
81 http fetch GET 200 https://registry.npmjs.org/jiti 105ms (cache miss)
82 silly packumentCache full:https://registry.npmjs.org/jiti set size:undefined disposed:false
83 silly fetch manifest typescript@>=4.8.4 <6.1.0
84 silly packumentCache full:https://registry.npmjs.org/typescript cache-miss
85 http fetch GET 200 https://registry.npmjs.org/typescript 1292ms (cache miss)
86 silly packumentCache full:https://registry.npmjs.org/typescript set size:undefined disposed:false
87 silly fetch manifest @typescript-eslint/type-utils@^8.24.1
88 silly packumentCache full:https://registry.npmjs.org/@typescript-eslint%2ftype-utils cache-miss
89 http fetch GET 200 https://registry.npmjs.org/@typescript-eslint%2ftype-utils 857ms (cache miss)
90 silly packumentCache full:https://registry.npmjs.org/@typescript-eslint%2ftype-utils set size:undefined disposed:false
91 silly fetch manifest @typescript-eslint/utils@^8.24.1
92 silly packumentCache full:https://registry.npmjs.org/@typescript-eslint%2futils cache-miss
93 http fetch GET 200 https://registry.npmjs.org/@typescript-eslint%2futils 867ms (cache miss)
94 silly packumentCache full:https://registry.npmjs.org/@typescript-eslint%2futils set size:undefined disposed:false
95 silly fetch manifest azure-devops-node-api@^14.1.0
96 silly packumentCache full:https://registry.npmjs.org/azure-devops-node-api cache-miss
97 http fetch GET 200 https://registry.npmjs.org/azure-devops-node-api 223ms (cache miss)
98 silly packumentCache full:https://registry.npmjs.org/azure-devops-node-api set size:undefined disposed:false
99 silly fetch manifest c8@^10.1.3
100 silly packumentCache full:https://registry.npmjs.org/c8 cache-miss
101 http fetch GET 200 https://registry.npmjs.org/c8 175ms (cache miss)
102 silly packumentCache full:https://registry.npmjs.org/c8 set size:undefined disposed:false
103 silly fetch manifest monocart-coverage-reports@^2
104 silly packumentCache full:https://registry.npmjs.org/monocart-coverage-reports cache-miss
105 http fetch GET 200 https://registry.npmjs.org/monocart-coverage-reports 160ms (cache miss)
106 silly packumentCache full:https://registry.npmjs.org/monocart-coverage-reports set size:undefined disposed:false
107 silly fetch manifest chai@^4.5.0
108 silly packumentCache full:https://registry.npmjs.org/chai cache-miss
109 http fetch GET 200 https://registry.npmjs.org/chai 138ms (cache miss)
110 silly packumentCache full:https://registry.npmjs.org/chai set size:undefined disposed:false
111 silly fetch manifest chokidar@^4.0.3
112 silly packumentCache full:https://registry.npmjs.org/chokidar cache-miss
113 http fetch GET 200 https://registry.npmjs.org/chokidar 80ms (cache miss)
114 silly packumentCache full:https://registry.npmjs.org/chokidar set size:undefined disposed:false
115 silly fetch manifest diff@^7.0.0
116 silly packumentCache full:https://registry.npmjs.org/diff cache-miss
117 http fetch GET 200 https://registry.npmjs.org/diff 51ms (cache miss)
118 silly packumentCache full:https://registry.npmjs.org/diff set size:undefined disposed:false
119 silly fetch manifest dprint@^0.49.0
120 silly packumentCache full:https://registry.npmjs.org/dprint cache-miss
121 http fetch GET 200 https://registry.npmjs.org/dprint 164ms (cache miss)
122 silly packumentCache full:https://registry.npmjs.org/dprint set size:undefined disposed:false
123 silly fetch manifest esbuild@^0.25.0
124 silly packumentCache full:https://registry.npmjs.org/esbuild cache-miss
125 http fetch GET 200 https://registry.npmjs.org/esbuild 245ms (cache miss)
126 silly packumentCache full:https://registry.npmjs.org/esbuild set size:undefined disposed:false
127 silly fetch manifest eslint@^9.20.1
128 silly packumentCache full:https://registry.npmjs.org/eslint cache-miss
129 http cache https://registry.npmjs.org/eslint 17ms (cache hit)
130 silly packumentCache full:https://registry.npmjs.org/eslint set size:2092267 disposed:false
131 silly fetch manifest eslint-formatter-autolinkable-stylish@^1.4.0
132 silly packumentCache full:https://registry.npmjs.org/eslint-formatter-autolinkable-stylish cache-miss
133 http fetch GET 200 https://registry.npmjs.org/eslint-formatter-autolinkable-stylish 552ms (cache miss)
134 silly packumentCache full:https://registry.npmjs.org/eslint-formatter-autolinkable-stylish set size:undefined disposed:false
135 silly fetch manifest eslint@^8.3.0 || ^9.0.0
136 silly packumentCache full:https://registry.npmjs.org/eslint cache-miss
137 http cache https://registry.npmjs.org/eslint 10ms (cache hit)
138 silly packumentCache full:https://registry.npmjs.org/eslint set size:2092267 disposed:false
139 silly fetch manifest eslint-plugin-regexp@^2.7.0
140 silly packumentCache full:https://registry.npmjs.org/eslint-plugin-regexp cache-miss
141 http fetch GET 200 https://registry.npmjs.org/eslint-plugin-regexp 176ms (cache miss)
142 silly packumentCache full:https://registry.npmjs.org/eslint-plugin-regexp set size:undefined disposed:false
143 silly fetch manifest eslint@>=8.44.0
144 silly packumentCache full:https://registry.npmjs.org/eslint cache-miss
145 http cache https://registry.npmjs.org/eslint 7ms (cache hit)
146 silly packumentCache full:https://registry.npmjs.org/eslint set size:2092267 disposed:false
147 silly fetch manifest fast-xml-parser@^4.5.2
148 silly packumentCache full:https://registry.npmjs.org/fast-xml-parser cache-miss
149 http fetch GET 200 https://registry.npmjs.org/fast-xml-parser 100ms (cache miss)
150 silly packumentCache full:https://registry.npmjs.org/fast-xml-parser set size:undefined disposed:false
151 silly fetch manifest glob@^10.4.5
152 silly packumentCache full:https://registry.npmjs.org/glob cache-miss
153 http fetch GET 200 https://registry.npmjs.org/glob 80ms (cache miss)
154 silly packumentCache full:https://registry.npmjs.org/glob set size:undefined disposed:false
155 silly fetch manifest globals@^15.15.0
156 silly packumentCache full:https://registry.npmjs.org/globals cache-miss
157 http fetch GET 200 https://registry.npmjs.org/globals 77ms (cache miss)
158 silly packumentCache full:https://registry.npmjs.org/globals set size:undefined disposed:false
159 silly fetch manifest hereby@^1.10.0
160 silly packumentCache full:https://registry.npmjs.org/hereby cache-miss
161 http fetch GET 200 https://registry.npmjs.org/hereby 148ms (cache miss)
162 silly packumentCache full:https://registry.npmjs.org/hereby set size:undefined disposed:false
163 silly fetch manifest jsonc-parser@^3.3.1
164 silly packumentCache full:https://registry.npmjs.org/jsonc-parser cache-miss
165 http fetch GET 200 https://registry.npmjs.org/jsonc-parser 148ms (cache miss)
166 silly packumentCache full:https://registry.npmjs.org/jsonc-parser set size:undefined disposed:false
167 silly fetch manifest knip@^5.44.4
168 silly packumentCache full:https://registry.npmjs.org/knip cache-miss
169 http fetch GET 200 https://registry.npmjs.org/knip 307ms (cache miss)
170 silly packumentCache full:https://registry.npmjs.org/knip set size:undefined disposed:false
171 silly fetch manifest @types/node@>=18
172 silly packumentCache full:https://registry.npmjs.org/@types%2fnode cache-miss
173 http cache https://registry.npmjs.org/@types%2fnode 27ms (cache hit)
174 silly packumentCache full:https://registry.npmjs.org/@types%2fnode set size:11171832 disposed:false
175 silly fetch manifest typescript@>=5.0.4 <7
176 silly packumentCache full:https://registry.npmjs.org/typescript cache-miss
177 http cache https://registry.npmjs.org/typescript 42ms (cache hit)
178 silly packumentCache full:https://registry.npmjs.org/typescript set size:15744329 disposed:false
179 silly fetch manifest mocha@^10.8.2
180 silly packumentCache full:https://registry.npmjs.org/mocha cache-miss
181 http fetch GET 200 https://registry.npmjs.org/mocha 729ms (cache miss)
182 silly packumentCache full:https://registry.npmjs.org/mocha set size:undefined disposed:false
183 silly fetch manifest mocha-fivemat-progress-reporter@^0.1.0
184 silly packumentCache full:https://registry.npmjs.org/mocha-fivemat-progress-reporter cache-miss
185 http fetch GET 200 https://registry.npmjs.org/mocha-fivemat-progress-reporter 167ms (cache miss)
186 silly packumentCache full:https://registry.npmjs.org/mocha-fivemat-progress-reporter set size:undefined disposed:false
187 silly fetch manifest monocart-coverage-reports@^2.12.1
188 silly packumentCache full:https://registry.npmjs.org/monocart-coverage-reports cache-miss
189 http cache https://registry.npmjs.org/monocart-coverage-reports 4ms (cache hit)
190 silly packumentCache full:https://registry.npmjs.org/monocart-coverage-reports set size:476112 disposed:false
191 silly fetch manifest playwright@^1.50.1
192 silly packumentCache full:https://registry.npmjs.org/playwright cache-miss
193 http fetch GET 200 https://registry.npmjs.org/playwright 1664ms (cache miss)
194 silly packumentCache full:https://registry.npmjs.org/playwright set size:undefined disposed:false
195 silly fetch manifest source-map-support@^0.5.21
196 silly packumentCache full:https://registry.npmjs.org/source-map-support cache-miss
197 http fetch GET 200 https://registry.npmjs.org/source-map-support 77ms (cache miss)
198 silly packumentCache full:https://registry.npmjs.org/source-map-support set size:undefined disposed:false
199 silly fetch manifest typescript-eslint@^8.24.1
200 silly packumentCache full:https://registry.npmjs.org/typescript-eslint cache-miss
201 http fetch GET 200 https://registry.npmjs.org/typescript-eslint 358ms (cache miss)
202 silly packumentCache full:https://registry.npmjs.org/typescript-eslint set size:undefined disposed:false
203 silly fetch manifest which@^3.0.1
204 silly packumentCache full:https://registry.npmjs.org/which cache-miss
205 http fetch GET 200 https://registry.npmjs.org/which 83ms (cache miss)
206 silly packumentCache full:https://registry.npmjs.org/which set size:undefined disposed:false
207 silly placeDep ROOT @dprint/formatter@0.4.1 OK for: typescript@5.9.3 want: ^0.4.1
208 silly placeDep ROOT @dprint/typescript@0.93.4 OK for: typescript@5.9.3 want: 0.93.4
209 silly placeDep ROOT @esfx/canceltoken@1.0.0 OK for: typescript@5.9.3 want: ^1.0.0
210 silly placeDep ROOT @eslint/js@9.39.5 OK for: typescript@5.9.3 want: ^9.20.0
211 silly placeDep ROOT @octokit/rest@21.1.1 OK for: typescript@5.9.3 want: ^21.1.1
212 silly placeDep ROOT @types/chai@4.3.20 OK for: typescript@5.9.3 want: ^4.3.20
213 silly placeDep ROOT @types/diff@7.0.2 OK for: typescript@5.9.3 want: ^7.0.1
214 silly placeDep ROOT @types/minimist@1.2.5 OK for: typescript@5.9.3 want: ^1.2.5
215 silly placeDep ROOT @types/mocha@10.0.10 OK for: typescript@5.9.3 want: ^10.0.10
216 silly placeDep ROOT @types/ms@0.7.34 OK for: typescript@5.9.3 want: ^0.7.34
217 silly placeDep ROOT @types/node@26.6.4 OK for: typescript@5.9.3 want: latest
218 silly placeDep ROOT @types/source-map-support@0.5.10 OK for: typescript@5.9.3 want: ^0.5.10
219 silly placeDep ROOT @types/which@3.0.4 OK for: typescript@5.9.3 want: ^3.0.4
220 silly placeDep node_modules/.pnpm/typescript@5.9.3/node_modules/typescript @typescript-eslint/rule-tester@8.71.0 CONFLICT for: typescript@5.9.3 want: ^8.24.1
221 warn ERESOLVE overriding peer dependency {
221 warn ERESOLVE   code: 'ERESOLVE',
221 warn ERESOLVE   edge: {
221 warn ERESOLVE     type: 'peer',
221 warn ERESOLVE     name: 'eslint',
221 warn ERESOLVE     spec: '^8.57.0 || ^9.0.0 || ^10.0.0',
221 warn ERESOLVE     error: 'MISSING',
221 warn ERESOLVE     from: {
221 warn ERESOLVE       name: '@typescript-eslint/rule-tester',
221 warn ERESOLVE       version: '8.71.0',
221 warn ERESOLVE       location: 'node_modules/.pnpm/typescript@5.9.3/node_modules/typescript/node_modules/@typescript-eslint/rule-tester',
221 warn ERESOLVE       isWorkspace: false,
221 warn ERESOLVE       dependents: [Array]
221 warn ERESOLVE     }
221 warn ERESOLVE   },
221 warn ERESOLVE   dep: {
221 warn ERESOLVE     name: 'eslint',
221 warn ERESOLVE     version: '10.12.0',
221 warn ERESOLVE     whileInstalling: {
221 warn ERESOLVE       name: 'typescript',
221 warn ERESOLVE       version: '5.9.3',
221 warn ERESOLVE       path: '/home/marco/Documents/deepseek-harness/default-workspace/node_modules/.pnpm/typescript@5.9.3/node_modules/typescript'
221 warn ERESOLVE     },
221 warn ERESOLVE     location: 'node_modules/eslint',
221 warn ERESOLVE     isWorkspace: false,
221 warn ERESOLVE     dependents: [ [Object] ]
221 warn ERESOLVE   },
221 warn ERESOLVE   force: false,
221 warn ERESOLVE   isMine: false,
221 warn ERESOLVE   strictPeerDeps: false,
221 warn ERESOLVE   current: null,
221 warn ERESOLVE   peerConflict: null
221 warn ERESOLVE }
222 silly placeDep node_modules/.pnpm/typescript@5.9.3/node_modules/typescript @typescript-eslint/type-utils@8.71.0 CONFLICT for: typescript@5.9.3 want: ^8.24.1
223 warn ERESOLVE overriding peer dependency {
223 warn ERESOLVE   code: 'ERESOLVE',
223 warn ERESOLVE   edge: {
223 warn ERESOLVE     type: 'peer',
223 warn ERESOLVE     name: 'eslint',
223 warn ERESOLVE     spec: '^8.57.0 || ^9.0.0 || ^10.0.0',
223 warn ERESOLVE     error: 'MISSING',
223 warn ERESOLVE     from: {
223 warn ERESOLVE       name: '@typescript-eslint/type-utils',
223 warn ERESOLVE       version: '8.71.0',
223 warn ERESOLVE       location: 'node_modules/.pnpm/typescript@5.9.3/node_modules/typescript/node_modules/@typescript-eslint/type-utils',
223 warn ERESOLVE       isWorkspace: false,
223 warn ERESOLVE       dependents: [Array]
223 warn ERESOLVE     }
223 warn ERESOLVE   },
223 warn ERESOLVE   dep: {
223 warn ERESOLVE     name: 'eslint',
223 warn ERESOLVE     version: '10.12.0',
223 warn ERESOLVE     whileInstalling: {
223 warn ERESOLVE       name: 'typescript',
223 warn ERESOLVE       version: '5.9.3',
223 warn ERESOLVE       path: '/home/marco/Documents/deepseek-harness/default-workspace/node_modules/.pnpm/typescript@5.9.3/node_modules/typescript'
223 warn ERESOLVE     },
223 warn ERESOLVE     location: 'node_modules/eslint',
223 warn ERESOLVE     isWorkspace: false,
223 warn ERESOLVE     dependents: [ [Object] ]
223 warn ERESOLVE   },
223 warn ERESOLVE   force: false,
223 warn ERESOLVE   isMine: false,
223 warn ERESOLVE   strictPeerDeps: false,
223 warn ERESOLVE   current: null,
223 warn ERESOLVE   peerConflict: null
223 warn ERESOLVE }
224 silly placeDep node_modules/.pnpm/typescript@5.9.3/node_modules/typescript @typescript-eslint/utils@8.71.0 CONFLICT for: typescript@5.9.3 want: ^8.24.1
225 warn ERESOLVE overriding peer dependency {
225 warn ERESOLVE   code: 'ERESOLVE',
225 warn ERESOLVE   edge: {
225 warn ERESOLVE     type: 'peer',
225 warn ERESOLVE     name: 'eslint',
225 warn ERESOLVE     spec: '^8.57.0 || ^9.0.0 || ^10.0.0',
225 warn ERESOLVE     error: 'MISSING',
225 warn ERESOLVE     from: {
225 warn ERESOLVE       name: '@typescript-eslint/utils',
225 warn ERESOLVE       version: '8.71.0',
225 warn ERESOLVE       location: 'node_modules/.pnpm/typescript@5.9.3/node_modules/typescript/node_modules/@typescript-eslint/utils',
225 warn ERESOLVE       isWorkspace: false,
225 warn ERESOLVE       dependents: [Array]
225 warn ERESOLVE     }
225 warn ERESOLVE   },
225 warn ERESOLVE   dep: {
225 warn ERESOLVE     name: 'eslint',
225 warn ERESOLVE     version: '10.12.0',
225 warn ERESOLVE     whileInstalling: {
225 warn ERESOLVE       name: 'typescript',
225 warn ERESOLVE       version: '5.9.3',
225 warn ERESOLVE       path: '/home/marco/Documents/deepseek-harness/default-workspace/node_modules/.pnpm/typescript@5.9.3/node_modules/typescript'
225 warn ERESOLVE     },
225 warn ERESOLVE     location: 'node_modules/eslint',
225 warn ERESOLVE     isWorkspace: false,
225 warn ERESOLVE     dependents: [ [Object] ]
225 warn ERESOLVE   },
225 warn ERESOLVE   force: false,
225 warn ERESOLVE   isMine: false,
225 warn ERESOLVE   strictPeerDeps: false,
225 warn ERESOLVE   current: null,
225 warn ERESOLVE   peerConflict: null
225 warn ERESOLVE }
226 silly placeDep ROOT azure-devops-node-api@14.1.0 OK for: typescript@5.9.3 want: ^14.1.0
227 silly placeDep ROOT c8@10.1.3 OK for: typescript@5.9.3 want: ^10.1.3
228 silly placeDep ROOT chai@4.5.0 OK for: typescript@5.9.3 want: ^4.5.0
229 silly placeDep ROOT chokidar@4.0.3 OK for: typescript@5.9.3 want: ^4.0.3
230 silly placeDep ROOT diff@7.0.0 OK for: typescript@5.9.3 want: ^7.0.0
231 silly placeDep ROOT dprint@0.49.1 OK for: typescript@5.9.3 want: ^0.49.0
232 silly placeDep node_modules/.pnpm/typescript@5.9.3 esbuild@0.25.12 OK for: typescript@5.9.3 want: ^0.25.0
233 silly placeDep ROOT eslint@9.39.5 OK for: typescript@5.9.3 want: ^9.20.1
234 silly placeDep ROOT eslint-formatter-autolinkable-stylish@1.4.0 OK for: typescript@5.9.3 want: ^1.4.0
235 silly placeDep node_modules/.pnpm/typescript@5.9.3/node_modules/typescript eslint-plugin-regexp@2.10.0 CONFLICT for: typescript@5.9.3 want: ^2.7.0
236 silly placeDep ROOT fast-xml-parser@4.5.7 OK for: typescript@5.9.3 want: ^4.5.2
237 silly placeDep ROOT glob@10.5.0 OK for: typescript@5.9.3 want: ^10.4.5
238 silly placeDep ROOT globals@15.15.0 OK for: typescript@5.9.3 want: ^15.15.0
239 silly placeDep ROOT hereby@1.15.2 OK for: typescript@5.9.3 want: ^1.10.0
240 silly placeDep ROOT jsonc-parser@3.3.1 OK for: typescript@5.9.3 want: ^3.3.1
241 silly placeDep node_modules/.pnpm/typescript@5.9.3/node_modules/typescript knip@5.88.1 CONFLICT for: typescript@5.9.3 want: ^5.44.4
242 silly placeDep ROOT mocha@10.8.2 OK for: typescript@5.9.3 want: ^10.8.2
243 silly placeDep ROOT mocha-fivemat-progress-reporter@0.1.0 OK for: typescript@5.9.3 want: ^0.1.0
244 silly placeDep ROOT monocart-coverage-reports@2.13.0 OK for: typescript@5.9.3 want: ^2.12.1
245 silly placeDep ROOT playwright@1.63.0 OK for: typescript@5.9.3 want: ^1.50.1
246 silly placeDep ROOT source-map-support@0.5.21 OK for: typescript@5.9.3 want: ^0.5.21
247 silly placeDep node_modules/.pnpm/typescript@5.9.3/node_modules/typescript typescript-eslint@8.71.0 CONFLICT for: typescript@5.9.3 want: ^8.24.1
248 silly placeDep ROOT which@3.0.1 OK for: typescript@5.9.3 want: ^3.0.1
249 silly fetch manifest @esfx/cancelable@^1.0.0
250 silly packumentCache full:https://registry.npmjs.org/@esfx%2fcancelable cache-miss
251 silly fetch manifest @esfx/disposable@^1.0.0
252 silly packumentCache full:https://registry.npmjs.org/@esfx%2fdisposable cache-miss
253 silly fetch manifest tslib@^2.4.0
254 silly packumentCache full:https://registry.npmjs.org/tslib cache-miss
255 silly fetch manifest @octokit/core@^6.1.4
256 silly packumentCache full:https://registry.npmjs.org/@octokit%2fcore cache-miss
257 silly fetch manifest @octokit/plugin-request-log@^5.3.1
258 silly packumentCache full:https://registry.npmjs.org/@octokit%2fplugin-request-log cache-miss
259 silly fetch manifest @octokit/plugin-paginate-rest@^11.4.2
260 silly packumentCache full:https://registry.npmjs.org/@octokit%2fplugin-paginate-rest cache-miss
261 silly fetch manifest @octokit/plugin-rest-endpoint-methods@^13.3.0
262 silly packumentCache full:https://registry.npmjs.org/@octokit%2fplugin-rest-endpoint-methods cache-miss
263 http fetch GET 200 https://registry.npmjs.org/tslib 144ms (cache miss)
264 silly packumentCache full:https://registry.npmjs.org/tslib set size:undefined disposed:false
265 silly fetch manifest undici-types@~8.9.0
266 silly packumentCache full:https://registry.npmjs.org/undici-types cache-miss
267 http fetch GET 200 https://registry.npmjs.org/@octokit%2fplugin-request-log 244ms (cache miss)
268 silly packumentCache full:https://registry.npmjs.org/@octokit%2fplugin-request-log set size:undefined disposed:false
269 silly fetch manifest source-map@^0.6.0
270 silly packumentCache full:https://registry.npmjs.org/source-map cache-miss
271 http fetch GET 200 https://registry.npmjs.org/undici-types 106ms (cache miss)
272 silly packumentCache full:https://registry.npmjs.org/undici-types set size:undefined disposed:false
273 silly fetch manifest ajv@^6.12.6
274 silly packumentCache full:https://registry.npmjs.org/ajv cache-miss
275 http fetch GET 200 https://registry.npmjs.org/@octokit%2fplugin-paginate-rest 258ms (cache miss)
276 silly packumentCache full:https://registry.npmjs.org/@octokit%2fplugin-paginate-rest set size:undefined disposed:false
277 silly fetch manifest semver@^7.7.3
278 silly packumentCache full:https://registry.npmjs.org/semver cache-miss
279 http fetch GET 200 https://registry.npmjs.org/source-map 134ms (cache miss)
280 silly packumentCache full:https://registry.npmjs.org/source-map set size:undefined disposed:false
281 silly fetch manifest lodash.merge@4.6.2
282 silly packumentCache full:https://registry.npmjs.org/lodash.merge cache-miss
283 http fetch GET 200 https://registry.npmjs.org/@esfx%2fcancelable 387ms (cache miss)
284 silly packumentCache full:https://registry.npmjs.org/@esfx%2fcancelable set size:undefined disposed:false
285 silly fetch manifest @typescript-eslint/utils@8.71.0
286 silly packumentCache full:https://registry.npmjs.org/@typescript-eslint%2futils cache-miss
287 http fetch GET 200 https://registry.npmjs.org/@octokit%2fcore 396ms (cache miss)
288 silly packumentCache full:https://registry.npmjs.org/@octokit%2fcore set size:undefined disposed:false
289 silly fetch manifest @typescript-eslint/parser@8.71.0
290 silly packumentCache full:https://registry.npmjs.org/@typescript-eslint%2fparser cache-miss
291 http cache https://registry.npmjs.org/@typescript-eslint%2futils 31ms (cache hit)
292 silly packumentCache full:https://registry.npmjs.org/@typescript-eslint%2futils set size:11017760 disposed:false
293 silly fetch manifest @typescript-eslint/typescript-estree@8.71.0
294 silly packumentCache full:https://registry.npmjs.org/@typescript-eslint%2ftypescript-estree cache-miss
295 http fetch GET 200 https://registry.npmjs.org/ajv 312ms (cache miss)
296 silly packumentCache full:https://registry.npmjs.org/ajv set size:undefined disposed:false
297 silly fetch manifest json-stable-stringify-without-jsonify@^1.0.1
298 silly packumentCache full:https://registry.npmjs.org/json-stable-stringify-without-jsonify cache-miss
299 http fetch GET 200 https://registry.npmjs.org/semver 337ms (cache miss)
300 silly packumentCache full:https://registry.npmjs.org/semver set size:undefined disposed:false
301 silly fetch manifest debug@^4.4.3
302 silly packumentCache full:https://registry.npmjs.org/debug cache-miss
303 http fetch GET 200 https://registry.npmjs.org/lodash.merge 222ms (cache miss)
304 silly packumentCache full:https://registry.npmjs.org/lodash.merge set size:undefined disposed:false
305 silly fetch manifest ts-api-utils@^2.5.0
306 silly packumentCache full:https://registry.npmjs.org/ts-api-utils cache-miss
307 http fetch GET 200 https://registry.npmjs.org/@esfx%2fdisposable 614ms (cache miss)
308 silly packumentCache full:https://registry.npmjs.org/@esfx%2fdisposable set size:undefined disposed:false
309 silly fetch manifest @typescript-eslint/types@8.71.0
310 silly packumentCache full:https://registry.npmjs.org/@typescript-eslint%2ftypes cache-miss
311 http fetch GET 200 https://registry.npmjs.org/@octokit%2fplugin-rest-endpoint-methods 710ms (cache miss)
312 silly packumentCache full:https://registry.npmjs.org/@octokit%2fplugin-rest-endpoint-methods set size:undefined disposed:false
313 silly fetch manifest @typescript-eslint/typescript-estree@8.71.0
314 silly packumentCache full:https://registry.npmjs.org/@typescript-eslint%2ftypescript-estree cache-miss
315 http fetch GET 200 https://registry.npmjs.org/json-stable-stringify-without-jsonify 201ms (cache miss)
316 silly packumentCache full:https://registry.npmjs.org/json-stable-stringify-without-jsonify set size:undefined disposed:false
317 silly fetch manifest @typescript-eslint/types@8.71.0
318 silly packumentCache full:https://registry.npmjs.org/@typescript-eslint%2ftypes cache-miss
319 http fetch GET 200 https://registry.npmjs.org/ts-api-utils 489ms (cache miss)
320 silly packumentCache full:https://registry.npmjs.org/ts-api-utils set size:undefined disposed:false
321 silly fetch manifest @eslint-community/eslint-utils@^4.9.1
322 silly packumentCache full:https://registry.npmjs.org/@eslint-community%2feslint-utils cache-miss
323 http fetch GET 200 https://registry.npmjs.org/debug 650ms (cache miss)
324 silly packumentCache full:https://registry.npmjs.org/debug set size:undefined disposed:false
325 silly fetch manifest @typescript-eslint/scope-manager@8.71.0
326 silly packumentCache full:https://registry.npmjs.org/@typescript-eslint%2fscope-manager cache-miss
327 http fetch GET 200 https://registry.npmjs.org/@eslint-community%2feslint-utils 229ms (cache miss)
328 silly packumentCache full:https://registry.npmjs.org/@eslint-community%2feslint-utils set size:undefined disposed:false
329 silly fetch manifest @typescript-eslint/typescript-estree@8.71.0
330 silly packumentCache full:https://registry.npmjs.org/@typescript-eslint%2ftypescript-estree cache-miss
331 http fetch GET 200 https://registry.npmjs.org/@typescript-eslint%2fparser 10078ms (cache miss)
332 silly packumentCache full:https://registry.npmjs.org/@typescript-eslint%2fparser set size:undefined disposed:false
333 silly fetch manifest tunnel@0.0.6
334 silly packumentCache full:https://registry.npmjs.org/tunnel cache-miss
335 http fetch GET 200 https://registry.npmjs.org/tunnel 126ms (cache miss)
336 silly packumentCache full:https://registry.npmjs.org/tunnel set size:undefined disposed:false
337 silly fetch manifest typed-rest-client@2.1.0
338 silly packumentCache full:https://registry.npmjs.org/typed-rest-client cache-miss
339 http fetch GET 200 https://registry.npmjs.org/typed-rest-client 255ms (cache miss)
340 silly packumentCache full:https://registry.npmjs.org/typed-rest-client set size:undefined disposed:false
341 silly fetch manifest yargs@^17.7.2
342 silly packumentCache full:https://registry.npmjs.org/yargs cache-miss
343 http fetch GET 200 https://registry.npmjs.org/yargs 578ms (cache miss)
344 silly packumentCache full:https://registry.npmjs.org/yargs set size:undefined disposed:false
345 silly fetch manifest find-up@^5.0.0
346 silly packumentCache full:https://registry.npmjs.org/find-up cache-miss
347 http fetch GET 200 https://registry.npmjs.org/find-up 207ms (cache miss)
348 silly packumentCache full:https://registry.npmjs.org/find-up set size:undefined disposed:false
349 silly fetch manifest test-exclude@^7.0.1
350 silly packumentCache full:https://registry.npmjs.org/test-exclude cache-miss
351 http fetch GET 200 https://registry.npmjs.org/@typescript-eslint%2ftypes 11230ms (cache miss)
352 silly packumentCache full:https://registry.npmjs.org/@typescript-eslint%2ftypes set size:undefined disposed:false
353 silly fetch manifest yargs-parser@^21.1.1
354 silly packumentCache full:https://registry.npmjs.org/yargs-parser cache-miss
355 http fetch GET 200 https://registry.npmjs.org/test-exclude 336ms (cache miss)
356 silly packumentCache full:https://registry.npmjs.org/test-exclude set size:undefined disposed:false
357 silly fetch manifest v8-to-istanbul@^9.0.0
358 silly packumentCache full:https://registry.npmjs.org/v8-to-istanbul cache-miss
359 http fetch GET 200 https://registry.npmjs.org/yargs-parser 281ms (cache miss)
360 silly packumentCache full:https://registry.npmjs.org/yargs-parser set size:undefined disposed:false
361 silly fetch manifest foreground-child@^3.1.1
362 silly packumentCache full:https://registry.npmjs.org/foreground-child cache-miss
363 http fetch GET 200 https://registry.npmjs.org/v8-to-istanbul 274ms (cache miss)
364 silly packumentCache full:https://registry.npmjs.org/v8-to-istanbul set size:undefined disposed:false
365 silly fetch manifest istanbul-reports@^3.1.6
366 silly packumentCache full:https://registry.npmjs.org/istanbul-reports cache-miss
367 http fetch GET 200 https://registry.npmjs.org/foreground-child 97ms (cache miss)
368 silly packumentCache full:https://registry.npmjs.org/foreground-child set size:undefined disposed:false
369 silly fetch manifest @bcoe/v8-coverage@^1.0.1
370 silly packumentCache full:https://registry.npmjs.org/@bcoe%2fv8-coverage cache-miss
371 http fetch GET 200 https://registry.npmjs.org/istanbul-reports 198ms (cache miss)
372 silly packumentCache full:https://registry.npmjs.org/istanbul-reports set size:undefined disposed:false
373 silly fetch manifest @istanbuljs/schema@^0.1.3
374 silly packumentCache full:https://registry.npmjs.org/@istanbuljs%2fschema cache-miss
375 http fetch GET 200 https://registry.npmjs.org/@bcoe%2fv8-coverage 270ms (cache miss)
376 silly packumentCache full:https://registry.npmjs.org/@bcoe%2fv8-coverage set size:undefined disposed:false
377 silly fetch manifest istanbul-lib-report@^3.0.1
378 silly packumentCache full:https://registry.npmjs.org/istanbul-lib-report cache-miss
379 http fetch GET 200 https://registry.npmjs.org/@istanbuljs%2fschema 180ms (cache miss)
380 silly packumentCache full:https://registry.npmjs.org/@istanbuljs%2fschema set size:undefined disposed:false
381 silly fetch manifest istanbul-lib-coverage@^3.2.0
382 silly packumentCache full:https://registry.npmjs.org/istanbul-lib-coverage cache-miss
383 http fetch GET 200 https://registry.npmjs.org/@typescript-eslint%2ftypes 12138ms (cache miss)
384 silly packumentCache full:https://registry.npmjs.org/@typescript-eslint%2ftypes set size:undefined disposed:false
385 silly fetch manifest loupe@^2.3.6
386 silly packumentCache full:https://registry.npmjs.org/loupe cache-miss
387 http fetch GET 200 https://registry.npmjs.org/istanbul-lib-report 164ms (cache miss)
388 silly packumentCache full:https://registry.npmjs.org/istanbul-lib-report set size:undefined disposed:false
389 silly fetch manifest pathval@^1.1.1
390 silly packumentCache full:https://registry.npmjs.org/pathval cache-miss
391 http fetch GET 200 https://registry.npmjs.org/istanbul-lib-coverage 152ms (cache miss)
392 silly packumentCache full:https://registry.npmjs.org/istanbul-lib-coverage set size:undefined disposed:false
393 silly fetch manifest deep-eql@^4.1.3
394 silly packumentCache full:https://registry.npmjs.org/deep-eql cache-miss
395 http fetch GET 200 https://registry.npmjs.org/pathval 117ms (cache miss)
396 silly packumentCache full:https://registry.npmjs.org/pathval set size:undefined disposed:false
397 silly fetch manifest check-error@^1.0.3
398 silly packumentCache full:https://registry.npmjs.org/check-error cache-miss
399 http fetch GET 200 https://registry.npmjs.org/deep-eql 117ms (cache miss)
400 silly packumentCache full:https://registry.npmjs.org/deep-eql set size:undefined disposed:false
401 silly fetch manifest type-detect@^4.1.0
402 silly packumentCache full:https://registry.npmjs.org/type-detect cache-miss
403 http fetch GET 200 https://registry.npmjs.org/loupe 221ms (cache miss)
404 silly packumentCache full:https://registry.npmjs.org/loupe set size:undefined disposed:false
405 silly fetch manifest get-func-name@^2.0.2
406 silly packumentCache full:https://registry.npmjs.org/get-func-name cache-miss
407 http fetch GET 200 https://registry.npmjs.org/type-detect 136ms (cache miss)
408 silly packumentCache full:https://registry.npmjs.org/type-detect set size:undefined disposed:false
409 silly fetch manifest assertion-error@^1.1.0
410 silly packumentCache full:https://registry.npmjs.org/assertion-error cache-miss
411 http fetch GET 200 https://registry.npmjs.org/check-error 166ms (cache miss)
412 silly packumentCache full:https://registry.npmjs.org/check-error set size:undefined disposed:false
413 silly fetch manifest readdirp@^4.0.1
414 silly packumentCache full:https://registry.npmjs.org/readdirp cache-miss
415 http fetch GET 200 https://registry.npmjs.org/@typescript-eslint%2fscope-manager 11908ms (cache miss)
416 silly packumentCache full:https://registry.npmjs.org/@typescript-eslint%2fscope-manager set size:undefined disposed:false
417 silly fetch manifest @dprint/win32-x64@0.49.1
418 silly packumentCache full:https://registry.npmjs.org/@dprint%2fwin32-x64 cache-miss
419 http fetch GET 200 https://registry.npmjs.org/assertion-error 115ms (cache miss)
420 silly packumentCache full:https://registry.npmjs.org/assertion-error set size:undefined disposed:false
421 silly fetch manifest @dprint/darwin-x64@0.49.1
422 silly packumentCache full:https://registry.npmjs.org/@dprint%2fdarwin-x64 cache-miss
423 http fetch GET 200 https://registry.npmjs.org/get-func-name 222ms (cache miss)
424 silly packumentCache full:https://registry.npmjs.org/get-func-name set size:undefined disposed:false
425 silly fetch manifest @dprint/win32-arm64@0.49.1
426 silly packumentCache full:https://registry.npmjs.org/@dprint%2fwin32-arm64 cache-miss
427 http fetch GET 200 https://registry.npmjs.org/readdirp 209ms (cache miss)
428 silly packumentCache full:https://registry.npmjs.org/readdirp set size:undefined disposed:false
429 silly fetch manifest @dprint/darwin-arm64@0.49.1
430 silly packumentCache full:https://registry.npmjs.org/@dprint%2fdarwin-arm64 cache-miss
431 http fetch GET 200 https://registry.npmjs.org/@dprint%2fdarwin-x64 365ms (cache miss)
432 silly packumentCache full:https://registry.npmjs.org/@dprint%2fdarwin-x64 set size:undefined disposed:false
433 silly fetch manifest @dprint/linux-x64-musl@0.49.1
434 silly packumentCache full:https://registry.npmjs.org/@dprint%2flinux-x64-musl cache-miss
435 http fetch GET 200 https://registry.npmjs.org/@dprint%2fwin32-arm64 400ms (cache miss)
436 silly packumentCache full:https://registry.npmjs.org/@dprint%2fwin32-arm64 set size:undefined disposed:false
437 silly fetch manifest @dprint/linux-x64-glibc@0.49.1
438 silly packumentCache full:https://registry.npmjs.org/@dprint%2flinux-x64-glibc cache-miss
439 http fetch GET 200 https://registry.npmjs.org/@dprint%2fwin32-x64 419ms (cache miss)
440 silly packumentCache full:https://registry.npmjs.org/@dprint%2fwin32-x64 set size:undefined disposed:false
441 silly fetch manifest @dprint/linux-arm64-musl@0.49.1
442 silly packumentCache full:https://registry.npmjs.org/@dprint%2flinux-arm64-musl cache-miss
443 http fetch GET 200 https://registry.npmjs.org/@dprint%2fdarwin-arm64 315ms (cache miss)
444 silly packumentCache full:https://registry.npmjs.org/@dprint%2fdarwin-arm64 set size:undefined disposed:false
445 silly fetch manifest @dprint/linux-arm64-glibc@0.49.1
446 silly packumentCache full:https://registry.npmjs.org/@dprint%2flinux-arm64-glibc cache-miss
447 http fetch GET 200 https://registry.npmjs.org/@typescript-eslint%2ftypescript-estree 12365ms (cache miss)
448 silly packumentCache full:https://registry.npmjs.org/@typescript-eslint%2ftypescript-estree set size:undefined disposed:false
449 silly fetch manifest @dprint/linux-riscv64-glibc@0.49.1
450 silly packumentCache full:https://registry.npmjs.org/@dprint%2flinux-riscv64-glibc cache-miss
451 http fetch GET 200 https://registry.npmjs.org/@dprint%2flinux-x64-musl 318ms (cache miss)
452 silly packumentCache full:https://registry.npmjs.org/@dprint%2flinux-x64-musl set size:undefined disposed:false
453 silly fetch manifest @esbuild/aix-ppc64@0.25.12
454 silly packumentCache full:https://registry.npmjs.org/@esbuild%2faix-ppc64 cache-miss
455 http fetch GET 200 https://registry.npmjs.org/@dprint%2flinux-x64-glibc 315ms (cache miss)
456 silly packumentCache full:https://registry.npmjs.org/@dprint%2flinux-x64-glibc set size:undefined disposed:false
457 silly fetch manifest @esbuild/linux-arm@0.25.12
458 silly packumentCache full:https://registry.npmjs.org/@esbuild%2flinux-arm cache-miss
459 http fetch GET 200 https://registry.npmjs.org/@dprint%2flinux-arm64-musl 328ms (cache miss)
460 silly packumentCache full:https://registry.npmjs.org/@dprint%2flinux-arm64-musl set size:undefined disposed:false
461 silly fetch manifest @esbuild/linux-x64@0.25.12
462 silly packumentCache full:https://registry.npmjs.org/@esbuild%2flinux-x64 cache-miss
463 http fetch GET 200 https://registry.npmjs.org/@dprint%2flinux-arm64-glibc 318ms (cache miss)
464 silly packumentCache full:https://registry.npmjs.org/@dprint%2flinux-arm64-glibc set size:undefined disposed:false
465 silly fetch manifest @esbuild/sunos-x64@0.25.12
466 silly packumentCache full:https://registry.npmjs.org/@esbuild%2fsunos-x64 cache-miss
467 http fetch GET 200 https://registry.npmjs.org/@dprint%2flinux-riscv64-glibc 311ms (cache miss)
468 silly packumentCache full:https://registry.npmjs.org/@dprint%2flinux-riscv64-glibc set size:undefined disposed:false
469 silly fetch manifest @esbuild/win32-x64@0.25.12
470 silly packumentCache full:https://registry.npmjs.org/@esbuild%2fwin32-x64 cache-miss
471 http fetch GET 200 https://registry.npmjs.org/@esbuild%2faix-ppc64 282ms (cache miss)
472 silly packumentCache full:https://registry.npmjs.org/@esbuild%2faix-ppc64 set size:undefined disposed:false
473 silly fetch manifest @esbuild/darwin-x64@0.25.12
474 silly packumentCache full:https://registry.npmjs.org/@esbuild%2fdarwin-x64 cache-miss
475 http fetch GET 200 https://registry.npmjs.org/@esbuild%2flinux-arm 369ms (cache miss)
476 silly packumentCache full:https://registry.npmjs.org/@esbuild%2flinux-arm set size:undefined disposed:false
477 silly fetch manifest @esbuild/linux-ia32@0.25.12
478 silly packumentCache full:https://registry.npmjs.org/@esbuild%2flinux-ia32 cache-miss
479 http fetch GET 200 https://registry.npmjs.org/@esbuild%2fsunos-x64 336ms (cache miss)
480 silly packumentCache full:https://registry.npmjs.org/@esbuild%2fsunos-x64 set size:undefined disposed:false
481 silly fetch manifest @esbuild/netbsd-x64@0.25.12
482 silly packumentCache full:https://registry.npmjs.org/@esbuild%2fnetbsd-x64 cache-miss
483 http fetch GET 200 https://registry.npmjs.org/@esbuild%2flinux-x64 364ms (cache miss)
484 silly packumentCache full:https://registry.npmjs.org/@esbuild%2flinux-x64 set size:undefined disposed:false
485 silly fetch manifest @esbuild/win32-ia32@0.25.12
486 silly packumentCache full:https://registry.npmjs.org/@esbuild%2fwin32-ia32 cache-miss
487 http fetch GET 200 https://registry.npmjs.org/@esbuild%2fwin32-x64 275ms (cache miss)
488 silly packumentCache full:https://registry.npmjs.org/@esbuild%2fwin32-x64 set size:undefined disposed:false
489 silly fetch manifest @esbuild/android-arm@0.25.12
490 silly packumentCache full:https://registry.npmjs.org/@esbuild%2fandroid-arm cache-miss
491 http fetch GET 200 https://registry.npmjs.org/@esbuild%2fdarwin-x64 403ms (cache miss)
492 silly packumentCache full:https://registry.npmjs.org/@esbuild%2fdarwin-x64 set size:undefined disposed:false
493 silly fetch manifest @esbuild/android-x64@0.25.12
494 silly packumentCache full:https://registry.npmjs.org/@esbuild%2fandroid-x64 cache-miss
495 http fetch GET 200 https://registry.npmjs.org/@esbuild%2fwin32-ia32 306ms (cache miss)
496 silly packumentCache full:https://registry.npmjs.org/@esbuild%2fwin32-ia32 set size:undefined disposed:false
497 silly fetch manifest @esbuild/freebsd-x64@0.25.12
498 silly packumentCache full:https://registry.npmjs.org/@esbuild%2ffreebsd-x64 cache-miss
499 http fetch GET 200 https://registry.npmjs.org/@esbuild%2fnetbsd-x64 330ms (cache miss)
500 silly packumentCache full:https://registry.npmjs.org/@esbuild%2fnetbsd-x64 set size:undefined disposed:false
501 silly fetch manifest @esbuild/linux-arm64@0.25.12
502 silly packumentCache full:https://registry.npmjs.org/@esbuild%2flinux-arm64 cache-miss
503 http fetch GET 200 https://registry.npmjs.org/@esbuild%2flinux-ia32 340ms (cache miss)
504 silly packumentCache full:https://registry.npmjs.org/@esbuild%2flinux-ia32 set size:undefined disposed:false
505 silly fetch manifest @esbuild/linux-ppc64@0.25.12
506 silly packumentCache full:https://registry.npmjs.org/@esbuild%2flinux-ppc64 cache-miss
507 http fetch GET 200 https://registry.npmjs.org/@esbuild%2fandroid-arm 326ms (cache miss)
508 silly packumentCache full:https://registry.npmjs.org/@esbuild%2fandroid-arm set size:undefined disposed:false
509 silly fetch manifest @esbuild/linux-s390x@0.25.12
510 silly packumentCache full:https://registry.npmjs.org/@esbuild%2flinux-s390x cache-miss
511 http fetch GET 200 https://registry.npmjs.org/@esbuild%2ffreebsd-x64 286ms (cache miss)
512 silly packumentCache full:https://registry.npmjs.org/@esbuild%2ffreebsd-x64 set size:undefined disposed:false
513 silly fetch manifest @esbuild/openbsd-x64@0.25.12
514 silly packumentCache full:https://registry.npmjs.org/@esbuild%2fopenbsd-x64 cache-miss
515 http fetch GET 200 https://registry.npmjs.org/@esbuild%2flinux-ppc64 267ms (cache miss)
516 silly packumentCache full:https://registry.npmjs.org/@esbuild%2flinux-ppc64 set size:undefined disposed:false
517 silly fetch manifest @esbuild/win32-arm64@0.25.12
518 silly packumentCache full:https://registry.npmjs.org/@esbuild%2fwin32-arm64 cache-miss
519 http fetch GET 200 https://registry.npmjs.org/@esbuild%2flinux-arm64 335ms (cache miss)
520 silly packumentCache full:https://registry.npmjs.org/@esbuild%2flinux-arm64 set size:undefined disposed:false
521 silly fetch manifest @esbuild/darwin-arm64@0.25.12
522 silly packumentCache full:https://registry.npmjs.org/@esbuild%2fdarwin-arm64 cache-miss
523 http fetch GET 200 https://registry.npmjs.org/@esbuild%2fandroid-x64 496ms (cache miss)
524 silly packumentCache full:https://registry.npmjs.org/@esbuild%2fandroid-x64 set size:undefined disposed:false
525 silly fetch manifest @esbuild/netbsd-arm64@0.25.12
526 silly packumentCache full:https://registry.npmjs.org/@esbuild%2fnetbsd-arm64 cache-miss
527 http fetch GET 200 https://registry.npmjs.org/@esbuild%2flinux-s390x 456ms (cache miss)
528 silly packumentCache full:https://registry.npmjs.org/@esbuild%2flinux-s390x set size:undefined disposed:false
529 silly fetch manifest @esbuild/android-arm64@0.25.12
530 silly packumentCache full:https://registry.npmjs.org/@esbuild%2fandroid-arm64 cache-miss
531 http fetch GET 200 https://registry.npmjs.org/@esbuild%2fwin32-arm64 260ms (cache miss)
532 silly packumentCache full:https://registry.npmjs.org/@esbuild%2fwin32-arm64 set size:undefined disposed:false
533 silly fetch manifest @esbuild/freebsd-arm64@0.25.12
534 silly packumentCache full:https://registry.npmjs.org/@esbuild%2ffreebsd-arm64 cache-miss
535 http fetch GET 200 https://registry.npmjs.org/@esbuild%2fopenbsd-x64 304ms (cache miss)
536 silly packumentCache full:https://registry.npmjs.org/@esbuild%2fopenbsd-x64 set size:undefined disposed:false
537 silly fetch manifest @esbuild/linux-loong64@0.25.12
538 silly packumentCache full:https://registry.npmjs.org/@esbuild%2flinux-loong64 cache-miss
539 http fetch GET 200 https://registry.npmjs.org/@esbuild%2fnetbsd-arm64 182ms (cache miss)
540 silly packumentCache full:https://registry.npmjs.org/@esbuild%2fnetbsd-arm64 set size:undefined disposed:false
541 silly fetch manifest @esbuild/linux-riscv64@0.25.12
542 silly packumentCache full:https://registry.npmjs.org/@esbuild%2flinux-riscv64 cache-miss
543 http fetch GET 200 https://registry.npmjs.org/@esbuild%2ffreebsd-arm64 226ms (cache miss)
544 silly packumentCache full:https://registry.npmjs.org/@esbuild%2ffreebsd-arm64 set size:undefined disposed:false
545 silly fetch manifest @esbuild/openbsd-arm64@0.25.12
546 silly packumentCache full:https://registry.npmjs.org/@esbuild%2fopenbsd-arm64 cache-miss
547 http fetch GET 200 https://registry.npmjs.org/@esbuild%2fdarwin-arm64 442ms (cache miss)
548 silly packumentCache full:https://registry.npmjs.org/@esbuild%2fdarwin-arm64 set size:undefined disposed:false
549 silly fetch manifest @esbuild/linux-mips64el@0.25.12
550 silly packumentCache full:https://registry.npmjs.org/@esbuild%2flinux-mips64el cache-miss
551 http fetch GET 200 https://registry.npmjs.org/@esbuild%2fandroid-arm64 314ms (cache miss)
552 silly packumentCache full:https://registry.npmjs.org/@esbuild%2fandroid-arm64 set size:undefined disposed:false
553 silly fetch manifest @esbuild/openharmony-arm64@0.25.12
554 silly packumentCache full:https://registry.npmjs.org/@esbuild%2fopenharmony-arm64 cache-miss
555 http fetch GET 200 https://registry.npmjs.org/@typescript-eslint%2ftypescript-estree 14864ms (cache miss)
556 silly packumentCache full:https://registry.npmjs.org/@typescript-eslint%2ftypescript-estree set size:undefined disposed:false
557 silly fetch manifest ajv@^6.14.0
558 silly packumentCache full:https://registry.npmjs.org/ajv cache-miss
559 http fetch GET 200 https://registry.npmjs.org/@esbuild%2fopenbsd-arm64 229ms (cache miss)
560 silly packumentCache full:https://registry.npmjs.org/@esbuild%2fopenbsd-arm64 set size:undefined disposed:false
561 silly fetch manifest chalk@^4.0.0
562 silly packumentCache full:https://registry.npmjs.org/chalk cache-miss
563 http cache https://registry.npmjs.org/ajv 28ms (cache hit)
564 silly packumentCache full:https://registry.npmjs.org/ajv set size:1142658 disposed:false
565 silly fetch manifest debug@^4.3.2
566 silly packumentCache full:https://registry.npmjs.org/debug cache-miss
567 http fetch GET 200 https://registry.npmjs.org/@esbuild%2flinux-loong64 438ms (cache miss)
568 silly packumentCache full:https://registry.npmjs.org/@esbuild%2flinux-loong64 set size:undefined disposed:false
569 silly fetch manifest espree@^10.4.0
570 silly packumentCache full:https://registry.npmjs.org/espree cache-miss
571 http fetch GET 200 https://registry.npmjs.org/@esbuild%2fopenharmony-arm64 234ms (cache miss)
572 silly packumentCache full:https://registry.npmjs.org/@esbuild%2fopenharmony-arm64 set size:undefined disposed:false
573 silly fetch manifest ignore@^5.2.0
574 silly packumentCache full:https://registry.npmjs.org/ignore cache-miss
575 http fetch GET 200 https://registry.npmjs.org/@esbuild%2flinux-riscv64 392ms (cache miss)
576 silly packumentCache full:https://registry.npmjs.org/@esbuild%2flinux-riscv64 set size:undefined disposed:false
577 silly fetch manifest esquery@^1.5.0
578 silly packumentCache full:https://registry.npmjs.org/esquery cache-miss
579 http cache https://registry.npmjs.org/debug 16ms (cache hit)
580 silly packumentCache full:https://registry.npmjs.org/debug set size:195840 disposed:false
581 silly fetch manifest esutils@^2.0.2
582 silly packumentCache full:https://registry.npmjs.org/esutils cache-miss
583 http fetch GET 200 https://registry.npmjs.org/esutils 123ms (cache miss)
584 silly packumentCache full:https://registry.npmjs.org/esutils set size:undefined disposed:false
585 silly fetch manifest is-glob@^4.0.0
586 silly packumentCache full:https://registry.npmjs.org/is-glob cache-miss
587 http fetch GET 200 https://registry.npmjs.org/chalk 165ms (cache miss)
588 silly packumentCache full:https://registry.npmjs.org/chalk set size:undefined disposed:false
589 silly fetch manifest minimatch@^3.1.5
590 silly packumentCache full:https://registry.npmjs.org/minimatch cache-miss
591 http fetch GET 200 https://registry.npmjs.org/@esbuild%2flinux-mips64el 380ms (cache miss)
592 silly packumentCache full:https://registry.npmjs.org/@esbuild%2flinux-mips64el set size:undefined disposed:false
593 silly fetch manifest optionator@^0.9.3
594 silly packumentCache full:https://registry.npmjs.org/optionator cache-miss
595 http fetch GET 200 https://registry.npmjs.org/@typescript-eslint%2ftypescript-estree 15360ms (cache miss)
596 silly packumentCache full:https://registry.npmjs.org/@typescript-eslint%2ftypescript-estree set size:undefined disposed:false
597 silly fetch manifest cross-spawn@^7.0.6
598 silly packumentCache full:https://registry.npmjs.org/cross-spawn cache-miss
599 http fetch GET 200 https://registry.npmjs.org/espree 246ms (cache miss)
600 silly packumentCache full:https://registry.npmjs.org/espree set size:undefined disposed:false
601 silly fetch manifest glob-parent@^6.0.2
602 silly packumentCache full:https://registry.npmjs.org/glob-parent cache-miss
603 http fetch GET 200 https://registry.npmjs.org/is-glob 113ms (cache miss)
604 silly packumentCache full:https://registry.npmjs.org/is-glob set size:undefined disposed:false
605 silly fetch manifest imurmurhash@^0.1.4
606 silly packumentCache full:https://registry.npmjs.org/imurmurhash cache-miss
607 http fetch GET 200 https://registry.npmjs.org/ignore 252ms (cache miss)
608 silly packumentCache full:https://registry.npmjs.org/ignore set size:undefined disposed:false
609 silly fetch manifest @eslint/core@^0.17.0
610 silly packumentCache full:https://registry.npmjs.org/@eslint%2fcore cache-miss
611 http fetch GET 200 https://registry.npmjs.org/optionator 111ms (cache miss)
612 silly packumentCache full:https://registry.npmjs.org/optionator set size:undefined disposed:false
613 silly fetch manifest eslint-scope@^8.4.0
614 silly packumentCache full:https://registry.npmjs.org/eslint-scope cache-miss
615 http fetch GET 200 https://registry.npmjs.org/esquery 253ms (cache miss)
616 silly packumentCache full:https://registry.npmjs.org/esquery set size:undefined disposed:false
617 silly fetch manifest lodash.merge@^4.6.2
618 silly packumentCache full:https://registry.npmjs.org/lodash.merge cache-miss
619 http cache https://registry.npmjs.org/lodash.merge 3ms (cache hit)
620 silly packumentCache full:https://registry.npmjs.org/lodash.merge set size:78575 disposed:false
621 silly fetch manifest @humanfs/node@^0.16.6
622 silly packumentCache full:https://registry.npmjs.org/@humanfs%2fnode cache-miss
623 http fetch GET 200 https://registry.npmjs.org/glob-parent 85ms (cache miss)
624 silly packumentCache full:https://registry.npmjs.org/glob-parent set size:undefined disposed:false
625 silly fetch manifest @types/estree@^1.0.6
626 silly packumentCache full:https://registry.npmjs.org/@types%2festree cache-miss
627 http fetch GET 200 https://registry.npmjs.org/cross-spawn 110ms (cache miss)
628 silly packumentCache full:https://registry.npmjs.org/cross-spawn set size:undefined disposed:false
629 silly fetch manifest fast-deep-equal@^3.1.3
630 silly packumentCache full:https://registry.npmjs.org/fast-deep-equal cache-miss
631 http fetch GET 200 https://registry.npmjs.org/@eslint%2fcore 93ms (cache miss)
632 silly packumentCache full:https://registry.npmjs.org/@eslint%2fcore set size:undefined disposed:false
633 silly fetch manifest natural-compare@^1.4.0
634 silly packumentCache full:https://registry.npmjs.org/natural-compare cache-miss
635 http fetch GET 200 https://registry.npmjs.org/imurmurhash 128ms (cache miss)
636 silly packumentCache full:https://registry.npmjs.org/imurmurhash set size:undefined disposed:false
637 silly fetch manifest @eslint/eslintrc@^3.3.6
638 silly packumentCache full:https://registry.npmjs.org/@eslint%2feslintrc cache-miss
639 http fetch GET 200 https://registry.npmjs.org/eslint-scope 125ms (cache miss)
640 silly packumentCache full:https://registry.npmjs.org/eslint-scope set size:undefined disposed:false
641 silly fetch manifest file-entry-cache@^8.0.0
642 silly packumentCache full:https://registry.npmjs.org/file-entry-cache cache-miss
643 http fetch GET 200 https://registry.npmjs.org/@humanfs%2fnode 164ms (cache miss)
644 silly packumentCache full:https://registry.npmjs.org/@humanfs%2fnode set size:undefined disposed:false
645 silly fetch manifest @eslint/plugin-kit@^0.4.1
646 silly packumentCache full:https://registry.npmjs.org/@eslint%2fplugin-kit cache-miss
647 http fetch GET 200 https://registry.npmjs.org/minimatch 288ms (cache miss)
648 silly packumentCache full:https://registry.npmjs.org/minimatch set size:undefined disposed:false
649 silly fetch manifest eslint-visitor-keys@^4.2.1
650 silly packumentCache full:https://registry.npmjs.org/eslint-visitor-keys cache-miss
651 http fetch GET 200 https://registry.npmjs.org/fast-deep-equal 96ms (cache miss)
652 silly packumentCache full:https://registry.npmjs.org/fast-deep-equal set size:undefined disposed:false
653 silly fetch manifest @eslint/config-array@^0.21.2
654 silly packumentCache full:https://registry.npmjs.org/@eslint%2fconfig-array cache-miss
655 http fetch GET 200 https://registry.npmjs.org/natural-compare 161ms (cache miss)
656 silly packumentCache full:https://registry.npmjs.org/natural-compare set size:undefined disposed:false
657 silly fetch manifest @humanwhocodes/retry@^0.4.2
658 silly packumentCache full:https://registry.npmjs.org/@humanwhocodes%2fretry cache-miss
659 http fetch GET 200 https://registry.npmjs.org/@types%2festree 179ms (cache miss)
660 silly packumentCache full:https://registry.npmjs.org/@types%2festree set size:undefined disposed:false
661 silly fetch manifest escape-string-regexp@^4.0.0
662 silly packumentCache full:https://registry.npmjs.org/escape-string-regexp cache-miss
663 http fetch GET 200 https://registry.npmjs.org/eslint-visitor-keys 80ms (cache miss)
664 silly packumentCache full:https://registry.npmjs.org/eslint-visitor-keys set size:undefined disposed:false
665 silly fetch manifest @eslint/config-helpers@^0.4.2
666 silly packumentCache full:https://registry.npmjs.org/@eslint%2fconfig-helpers cache-miss
667 http fetch GET 200 https://registry.npmjs.org/@eslint%2feslintrc 157ms (cache miss)
668 silly packumentCache full:https://registry.npmjs.org/@eslint%2feslintrc set size:undefined disposed:false
669 silly fetch manifest @eslint-community/regexpp@^4.12.1
670 silly packumentCache full:https://registry.npmjs.org/@eslint-community%2fregexpp cache-miss
671 http fetch GET 200 https://registry.npmjs.org/file-entry-cache 166ms (cache miss)
672 silly packumentCache full:https://registry.npmjs.org/file-entry-cache set size:undefined disposed:false
673 silly fetch manifest @eslint-community/eslint-utils@^4.8.0
674 silly packumentCache full:https://registry.npmjs.org/@eslint-community%2feslint-utils cache-miss
675 http cache https://registry.npmjs.org/@eslint-community%2feslint-utils 2ms (cache hit)
676 silly packumentCache full:https://registry.npmjs.org/@eslint-community%2feslint-utils set size:108339 disposed:false
677 silly fetch manifest @humanwhocodes/module-importer@^1.0.1
678 silly packumentCache full:https://registry.npmjs.org/@humanwhocodes%2fmodule-importer cache-miss
679 http fetch GET 200 https://registry.npmjs.org/escape-string-regexp 66ms (cache miss)
680 silly packumentCache full:https://registry.npmjs.org/escape-string-regexp set size:undefined disposed:false
681 silly fetch manifest chalk@^4.1.2
682 silly packumentCache full:https://registry.npmjs.org/chalk cache-miss
683 http cache https://registry.npmjs.org/chalk 5ms (cache hit)
684 silly packumentCache full:https://registry.npmjs.org/chalk set size:137439 disposed:false
685 silly fetch manifest plur@^4.0.0
686 silly packumentCache full:https://registry.npmjs.org/plur cache-miss
687 http fetch GET 200 https://registry.npmjs.org/@humanwhocodes%2fretry 78ms (cache miss)
688 silly packumentCache full:https://registry.npmjs.org/@humanwhocodes%2fretry set size:undefined disposed:false
689 silly fetch manifest refa@^0.12.1
690 silly packumentCache full:https://registry.npmjs.org/refa cache-miss
691 http fetch GET 200 https://registry.npmjs.org/@humanwhocodes%2fmodule-importer 76ms (cache miss)
692 silly packumentCache full:https://registry.npmjs.org/@humanwhocodes%2fmodule-importer set size:undefined disposed:false
693 silly fetch manifest scslre@^0.3.0
694 silly packumentCache full:https://registry.npmjs.org/scslre cache-miss
695 http fetch GET 200 https://registry.npmjs.org/@eslint%2fplugin-kit 207ms (cache miss)
696 silly packumentCache full:https://registry.npmjs.org/@eslint%2fplugin-kit set size:undefined disposed:false
697 silly fetch manifest comment-parser@^1.4.0
698 silly packumentCache full:https://registry.npmjs.org/comment-parser cache-miss
699 http fetch GET 200 https://registry.npmjs.org/@eslint-community%2fregexpp 98ms (cache miss)
700 silly packumentCache full:https://registry.npmjs.org/@eslint-community%2fregexpp set size:undefined disposed:false
701 silly fetch manifest regexp-ast-analysis@^0.7.1
702 silly packumentCache full:https://registry.npmjs.org/regexp-ast-analysis cache-miss
703 http fetch GET 200 https://registry.npmjs.org/@eslint%2fconfig-array 202ms (cache miss)
704 silly packumentCache full:https://registry.npmjs.org/@eslint%2fconfig-array set size:undefined disposed:false
705 silly fetch manifest jsdoc-type-pratt-parser@^4.0.0
706 silly packumentCache full:https://registry.npmjs.org/jsdoc-type-pratt-parser cache-miss
707 http fetch GET 200 https://registry.npmjs.org/@eslint%2fconfig-helpers 156ms (cache miss)
708 silly packumentCache full:https://registry.npmjs.org/@eslint%2fconfig-helpers set size:undefined disposed:false
709 silly fetch manifest @eslint-community/regexpp@^4.11.0
710 silly packumentCache full:https://registry.npmjs.org/@eslint-community%2fregexpp cache-miss
711 http cache https://registry.npmjs.org/@eslint-community%2fregexpp 2ms (cache hit)
712 silly packumentCache full:https://registry.npmjs.org/@eslint-community%2fregexpp set size:106609 disposed:false
713 silly fetch manifest @eslint-community/eslint-utils@^4.2.0
714 silly packumentCache full:https://registry.npmjs.org/@eslint-community%2feslint-utils cache-hit
715 silly fetch manifest strnum@^1.0.5
716 silly packumentCache full:https://registry.npmjs.org/strnum cache-miss
717 http fetch GET 200 https://registry.npmjs.org/plur 152ms (cache miss)
718 silly packumentCache full:https://registry.npmjs.org/plur set size:undefined disposed:false
719 silly fetch manifest minipass@^7.1.2
720 silly packumentCache full:https://registry.npmjs.org/minipass cache-miss
721 http fetch GET 200 https://registry.npmjs.org/refa 156ms (cache miss)
722 silly packumentCache full:https://registry.npmjs.org/refa set size:undefined disposed:false
723 silly fetch manifest jackspeak@^3.1.2
724 silly packumentCache full:https://registry.npmjs.org/jackspeak cache-miss
725 http fetch GET 200 https://registry.npmjs.org/strnum 71ms (cache miss)
726 silly packumentCache full:https://registry.npmjs.org/strnum set size:undefined disposed:false
727 silly fetch manifest minimatch@^9.0.4
728 silly packumentCache full:https://registry.npmjs.org/minimatch cache-miss
729 http cache https://registry.npmjs.org/minimatch 12ms (cache hit)
730 silly packumentCache full:https://registry.npmjs.org/minimatch set size:377924 disposed:false
731 silly fetch manifest path-scurry@^1.11.1
732 silly packumentCache full:https://registry.npmjs.org/path-scurry cache-miss
733 http fetch GET 200 https://registry.npmjs.org/scslre 147ms (cache miss)
734 silly packumentCache full:https://registry.npmjs.org/scslre set size:undefined disposed:false
735 silly fetch manifest foreground-child@^3.1.0
736 silly packumentCache full:https://registry.npmjs.org/foreground-child cache-miss
737 http cache https://registry.npmjs.org/foreground-child 2ms (cache hit)
738 silly packumentCache full:https://registry.npmjs.org/foreground-child set size:71503 disposed:false
739 silly fetch manifest package-json-from-dist@^1.0.0
740 silly packumentCache full:https://registry.npmjs.org/package-json-from-dist cache-miss
741 http fetch GET 200 https://registry.npmjs.org/regexp-ast-analysis 181ms (cache miss)
742 silly packumentCache full:https://registry.npmjs.org/regexp-ast-analysis set size:undefined disposed:false
743 silly fetch manifest zod@^4.1.11
744 silly packumentCache full:https://registry.npmjs.org/zod cache-miss
745 http fetch GET 200 https://registry.npmjs.org/package-json-from-dist 66ms (cache miss)
746 silly packumentCache full:https://registry.npmjs.org/package-json-from-dist set size:undefined disposed:false
747 silly fetch manifest jiti@^2.6.0
748 silly packumentCache full:https://registry.npmjs.org/jiti cache-miss
749 http cache https://registry.npmjs.org/jiti 3ms (cache hit)
750 silly packumentCache full:https://registry.npmjs.org/jiti set size:387989 disposed:false
751 silly fetch manifest yaml@^2.8.2
752 silly packumentCache full:https://registry.npmjs.org/yaml cache-miss
753 http fetch GET 200 https://registry.npmjs.org/path-scurry 101ms (cache miss)
754 silly packumentCache full:https://registry.npmjs.org/path-scurry set size:undefined disposed:false
755 silly fetch manifest unbash@^2.2.0
756 silly packumentCache full:https://registry.npmjs.org/unbash cache-miss
757 http fetch GET 200 https://registry.npmjs.org/comment-parser 241ms (cache miss)
758 silly packumentCache full:https://registry.npmjs.org/comment-parser set size:undefined disposed:false
759 silly fetch manifest formatly@^0.3.0
760 silly packumentCache full:https://registry.npmjs.org/formatly cache-miss
761 http fetch GET 200 https://registry.npmjs.org/jackspeak 154ms (cache miss)
762 silly packumentCache full:https://registry.npmjs.org/jackspeak set size:undefined disposed:false
763 silly fetch manifest fast-glob@^3.3.3
764 silly packumentCache full:https://registry.npmjs.org/fast-glob cache-miss
765 http fetch GET 200 https://registry.npmjs.org/jsdoc-type-pratt-parser 266ms (cache miss)
766 silly packumentCache full:https://registry.npmjs.org/jsdoc-type-pratt-parser set size:undefined disposed:false
767 silly fetch manifest picomatch@^4.0.1
768 silly packumentCache full:https://registry.npmjs.org/picomatch cache-miss
769 http fetch GET 200 https://registry.npmjs.org/minipass 225ms (cache miss)
770 silly packumentCache full:https://registry.npmjs.org/minipass set size:undefined disposed:false
771 silly fetch manifest smol-toml@^1.5.2
772 silly packumentCache full:https://registry.npmjs.org/smol-toml cache-miss
773 http fetch GET 200 https://registry.npmjs.org/unbash 183ms (cache miss)
774 silly packumentCache full:https://registry.npmjs.org/unbash set size:undefined disposed:false
775 silly fetch manifest oxc-resolver@^11.19.1
776 silly packumentCache full:https://registry.npmjs.org/oxc-resolver cache-miss
777 http fetch GET 200 https://registry.npmjs.org/picomatch 145ms (cache miss)
778 silly packumentCache full:https://registry.npmjs.org/picomatch set size:undefined disposed:false
779 silly fetch manifest @nodelib/fs.walk@^1.2.3
780 silly packumentCache full:https://registry.npmjs.org/@nodelib%2ffs.walk cache-miss
781 http fetch GET 200 https://registry.npmjs.org/fast-glob 158ms (cache miss)
782 silly packumentCache full:https://registry.npmjs.org/fast-glob set size:undefined disposed:false
783 silly fetch manifest strip-json-comments@5.0.3
784 silly packumentCache full:https://registry.npmjs.org/strip-json-comments cache-miss
785 http fetch GET 200 https://registry.npmjs.org/formatly 188ms (cache miss)
786 silly packumentCache full:https://registry.npmjs.org/formatly set size:undefined disposed:false
787 silly fetch manifest he@^1.2.0
788 silly packumentCache full:https://registry.npmjs.org/he cache-miss
789 http fetch GET 200 https://registry.npmjs.org/smol-toml 124ms (cache miss)
790 silly packumentCache full:https://registry.npmjs.org/smol-toml set size:undefined disposed:false
791 silly fetch manifest ms@^2.1.3
792 silly packumentCache full:https://registry.npmjs.org/ms cache-miss
793 http fetch GET 200 https://registry.npmjs.org/yaml 234ms (cache miss)
794 silly packumentCache full:https://registry.npmjs.org/yaml set size:undefined disposed:false
795 silly fetch manifest diff@^5.2.0
796 silly packumentCache full:https://registry.npmjs.org/diff cache-miss
797 http cache https://registry.npmjs.org/diff 3ms (cache hit)
798 silly packumentCache full:https://registry.npmjs.org/diff set size:154400 disposed:false
799 silly fetch manifest glob@^8.1.0
800 silly packumentCache full:https://registry.npmjs.org/glob cache-miss
801 http cache https://registry.npmjs.org/glob 3ms (cache hit)
802 silly packumentCache full:https://registry.npmjs.org/glob set size:469465 disposed:false
803 silly fetch manifest debug@^4.3.5
804 silly packumentCache full:https://registry.npmjs.org/debug cache-hit
805 silly fetch manifest yargs@^16.2.0
806 silly packumentCache full:https://registry.npmjs.org/yargs cache-miss
807 http cache https://registry.npmjs.org/yargs 4ms (cache hit)
808 silly packumentCache full:https://registry.npmjs.org/yargs set size:763370 disposed:false
809 silly fetch manifest js-yaml@^4.1.0
810 silly packumentCache full:https://registry.npmjs.org/js-yaml cache-miss
811 http fetch GET 200 https://registry.npmjs.org/he 75ms (cache miss)
812 silly packumentCache full:https://registry.npmjs.org/he set size:undefined disposed:false
813 silly fetch manifest chokidar@^3.5.3
814 silly packumentCache full:https://registry.npmjs.org/chokidar cache-miss
815 http fetch GET 200 https://registry.npmjs.org/strip-json-comments 82ms (cache miss)
816 silly packumentCache full:https://registry.npmjs.org/strip-json-comments set size:undefined disposed:false
817 silly fetch manifest minimatch@^5.1.6
818 silly packumentCache full:https://registry.npmjs.org/minimatch cache-hit
819 silly fetch manifest workerpool@^6.5.1
820 silly packumentCache full:https://registry.npmjs.org/workerpool cache-miss
821 http cache https://registry.npmjs.org/chokidar 7ms (cache hit)
822 silly packumentCache full:https://registry.npmjs.org/chokidar set size:255902 disposed:false
823 silly fetch manifest ansi-colors@^4.1.3
824 silly packumentCache full:https://registry.npmjs.org/ansi-colors cache-miss
825 http fetch GET 200 https://registry.npmjs.org/ms 133ms (cache miss)
826 silly packumentCache full:https://registry.npmjs.org/ms set size:undefined disposed:false
827 silly fetch manifest log-symbols@^4.1.0
828 silly packumentCache full:https://registry.npmjs.org/log-symbols cache-miss
829 http fetch GET 200 https://registry.npmjs.org/@nodelib%2ffs.walk 182ms (cache miss)
830 silly packumentCache full:https://registry.npmjs.org/@nodelib%2ffs.walk set size:undefined disposed:false
831 silly fetch manifest yargs-parser@^20.2.9
832 silly packumentCache full:https://registry.npmjs.org/yargs-parser cache-miss
833 http cache https://registry.npmjs.org/yargs-parser 2ms (cache hit)
834 silly packumentCache full:https://registry.npmjs.org/yargs-parser set size:238681 disposed:false
835 silly fetch manifest browser-stdout@^1.3.1
836 silly packumentCache full:https://registry.npmjs.org/browser-stdout cache-miss
837 http fetch GET 200 https://registry.npmjs.org/js-yaml 125ms (cache miss)
838 silly packumentCache full:https://registry.npmjs.org/js-yaml set size:undefined disposed:false
839 silly fetch manifest supports-color@^8.1.1
840 silly packumentCache full:https://registry.npmjs.org/supports-color cache-miss
841 http fetch GET 200 https://registry.npmjs.org/oxc-resolver 201ms (cache miss)
842 silly packumentCache full:https://registry.npmjs.org/oxc-resolver set size:undefined disposed:false
843 silly fetch manifest yargs-unparser@^2.0.0
844 silly packumentCache full:https://registry.npmjs.org/yargs-unparser cache-miss
845 http fetch GET 200 https://registry.npmjs.org/browser-stdout 62ms (cache miss)
846 silly packumentCache full:https://registry.npmjs.org/browser-stdout set size:undefined disposed:false
847 silly fetch manifest strip-json-comments@^3.1.1
848 silly packumentCache full:https://registry.npmjs.org/strip-json-comments cache-miss
849 http fetch GET 200 https://registry.npmjs.org/log-symbols 78ms (cache miss)
850 silly packumentCache full:https://registry.npmjs.org/log-symbols set size:undefined disposed:false
851 silly fetch manifest serialize-javascript@^6.0.2
852 silly packumentCache full:https://registry.npmjs.org/serialize-javascript cache-miss
853 http cache https://registry.npmjs.org/strip-json-comments 4ms (cache hit)
854 silly packumentCache full:https://registry.npmjs.org/strip-json-comments set size:43569 disposed:false
855 silly fetch manifest acorn@^8.18.0
856 silly packumentCache full:https://registry.npmjs.org/acorn cache-miss
857 http fetch GET 200 https://registry.npmjs.org/workerpool 168ms (cache miss)
858 silly packumentCache full:https://registry.npmjs.org/workerpool set size:undefined disposed:false
859 silly fetch manifest lz-utils@^2.1.1
860 silly packumentCache full:https://registry.npmjs.org/lz-utils cache-miss
861 http fetch GET 200 https://registry.npmjs.org/yargs-unparser 71ms (cache miss)
862 silly packumentCache full:https://registry.npmjs.org/yargs-unparser set size:undefined disposed:false
863 silly fetch manifest commander@^14.0.3
864 silly packumentCache full:https://registry.npmjs.org/commander cache-miss
865 http fetch GET 200 https://registry.npmjs.org/ansi-colors 184ms (cache miss)
866 silly packumentCache full:https://registry.npmjs.org/ansi-colors set size:undefined disposed:false
867 silly fetch manifest acorn-walk@^8.3.5
868 silly packumentCache full:https://registry.npmjs.org/acorn-walk cache-miss
869 http fetch GET 200 https://registry.npmjs.org/supports-color 100ms (cache miss)
870 silly packumentCache full:https://registry.npmjs.org/supports-color set size:undefined disposed:false
871 silly fetch manifest acorn-loose@^8.5.2
872 silly packumentCache full:https://registry.npmjs.org/acorn-loose cache-miss
873 http fetch GET 200 https://registry.npmjs.org/acorn-walk 100ms (cache miss)
874 silly packumentCache full:https://registry.npmjs.org/acorn-walk set size:undefined disposed:false
875 silly fetch manifest console-grid@^2.2.4
876 silly packumentCache full:https://registry.npmjs.org/console-grid cache-miss
877 http fetch GET 200 https://registry.npmjs.org/serialize-javascript 135ms (cache miss)
878 silly packumentCache full:https://registry.npmjs.org/serialize-javascript set size:undefined disposed:false
879 silly fetch manifest eight-colors@^1.3.3
880 silly packumentCache full:https://registry.npmjs.org/eight-colors cache-miss
881 http fetch GET 200 https://registry.npmjs.org/lz-utils 172ms (cache miss)
882 silly packumentCache full:https://registry.npmjs.org/lz-utils set size:undefined disposed:false
883 silly fetch manifest foreground-child@^4.0.3
884 silly packumentCache full:https://registry.npmjs.org/foreground-child cache-hit
885 silly fetch manifest istanbul-reports@^3.2.0
886 silly packumentCache full:https://registry.npmjs.org/istanbul-reports cache-miss
887 http cache https://registry.npmjs.org/istanbul-reports 2ms (cache hit)
888 silly packumentCache full:https://registry.npmjs.org/istanbul-reports set size:148926 disposed:false
889 silly fetch manifest monocart-locator@^1.0.3
890 silly packumentCache full:https://registry.npmjs.org/monocart-locator cache-miss
891 http fetch GET 200 https://registry.npmjs.org/commander 176ms (cache miss)
892 silly packumentCache full:https://registry.npmjs.org/commander set size:undefined disposed:false
893 silly fetch manifest istanbul-lib-coverage@^3.2.2
894 silly packumentCache full:https://registry.npmjs.org/istanbul-lib-coverage cache-miss
895 http fetch GET 200 https://registry.npmjs.org/acorn-loose 158ms (cache miss)
896 silly packumentCache full:https://registry.npmjs.org/acorn-loose set size:undefined disposed:false
897 silly fetch manifest buffer-from@^1.0.0
898 silly packumentCache full:https://registry.npmjs.org/buffer-from cache-miss
899 http cache https://registry.npmjs.org/istanbul-lib-coverage 7ms (cache hit)
900 silly packumentCache full:https://registry.npmjs.org/istanbul-lib-coverage set size:75651 disposed:false
901 silly fetch manifest @typescript-eslint/eslint-plugin@8.71.0
902 silly packumentCache full:https://registry.npmjs.org/@typescript-eslint%2feslint-plugin cache-miss
903 http fetch GET 200 https://registry.npmjs.org/acorn 227ms (cache miss)
904 silly packumentCache full:https://registry.npmjs.org/acorn set size:undefined disposed:false
905 silly fetch manifest isexe@^2.0.0
906 silly packumentCache full:https://registry.npmjs.org/isexe cache-miss
907 http fetch GET 200 https://registry.npmjs.org/buffer-from 40ms (cache miss)
908 silly packumentCache full:https://registry.npmjs.org/buffer-from set size:undefined disposed:false
909 http fetch GET 200 https://registry.npmjs.org/isexe 61ms (cache miss)
910 silly packumentCache full:https://registry.npmjs.org/isexe set size:undefined disposed:false
911 http fetch GET 200 https://registry.npmjs.org/eight-colors 160ms (cache miss)
912 silly packumentCache full:https://registry.npmjs.org/eight-colors set size:undefined disposed:false
913 http fetch GET 200 https://registry.npmjs.org/console-grid 175ms (cache miss)
914 silly packumentCache full:https://registry.npmjs.org/console-grid set size:undefined disposed:false
915 http fetch GET 200 https://registry.npmjs.org/monocart-locator 136ms (cache miss)
916 silly packumentCache full:https://registry.npmjs.org/monocart-locator set size:undefined disposed:false
917 http fetch GET 200 https://registry.npmjs.org/zod 1005ms (cache miss)
918 silly packumentCache full:https://registry.npmjs.org/zod set size:undefined disposed:false
919 http fetch GET 200 https://registry.npmjs.org/@typescript-eslint%2feslint-plugin 2345ms (cache miss)
920 silly packumentCache full:https://registry.npmjs.org/@typescript-eslint%2feslint-plugin set size:undefined disposed:false
921 silly fetch manifest @ljharb/eslint-config@^21.0.1
922 silly packumentCache full:https://registry.npmjs.org/@ljharb%2feslint-config cache-miss
923 http fetch GET 200 https://registry.npmjs.org/@ljharb%2feslint-config 298ms (cache miss)
924 silly packumentCache full:https://registry.npmjs.org/@ljharb%2feslint-config set size:undefined disposed:false
925 silly fetch manifest eslint@=8.8.0
926 silly packumentCache full:https://registry.npmjs.org/eslint cache-miss
927 http cache https://registry.npmjs.org/eslint 6ms (cache hit)
928 silly packumentCache full:https://registry.npmjs.org/eslint set size:2092267 disposed:false
929 silly fetch manifest aud@^2.0.2
930 silly packumentCache full:https://registry.npmjs.org/aud cache-miss
931 http fetch GET 200 https://registry.npmjs.org/aud 157ms (cache miss)
932 silly packumentCache full:https://registry.npmjs.org/aud set size:undefined disposed:false
933 silly fetch manifest auto-changelog@^2.4.0
934 silly packumentCache full:https://registry.npmjs.org/auto-changelog cache-miss
935 http fetch GET 200 https://registry.npmjs.org/auto-changelog 217ms (cache miss)
936 silly packumentCache full:https://registry.npmjs.org/auto-changelog set size:undefined disposed:false
937 silly fetch manifest in-publish@^2.0.1
938 silly packumentCache full:https://registry.npmjs.org/in-publish cache-miss
939 http fetch GET 200 https://registry.npmjs.org/in-publish 134ms (cache miss)
940 silly packumentCache full:https://registry.npmjs.org/in-publish set size:undefined disposed:false
941 silly fetch manifest npmignore@^0.3.0
942 silly packumentCache full:https://registry.npmjs.org/npmignore cache-miss
943 http fetch GET 200 https://registry.npmjs.org/npmignore 179ms (cache miss)
944 silly packumentCache full:https://registry.npmjs.org/npmignore set size:undefined disposed:false
945 silly fetch manifest nyc@^10.3.2
946 silly packumentCache full:https://registry.npmjs.org/nyc cache-miss
947 http fetch GET 200 https://registry.npmjs.org/nyc 287ms (cache miss)
948 silly packumentCache full:https://registry.npmjs.org/nyc set size:undefined disposed:false
949 silly fetch manifest safe-publish-latest@^2.0.0
950 silly packumentCache full:https://registry.npmjs.org/safe-publish-latest cache-miss
951 http fetch GET 200 https://registry.npmjs.org/safe-publish-latest 124ms (cache miss)
952 silly packumentCache full:https://registry.npmjs.org/safe-publish-latest set size:undefined disposed:false
953 silly fetch manifest tape@^5.6.3
954 silly packumentCache full:https://registry.npmjs.org/tape cache-miss
955 http fetch GET 200 https://registry.npmjs.org/tape 204ms (cache miss)
956 silly packumentCache full:https://registry.npmjs.org/tape set size:undefined disposed:false
957 silly placeDep node_modules/.pnpm/minimist@1.2.8/node_modules/minimist @ljharb/eslint-config@21.4.0 OK for: minimist@1.2.8 want: ^21.0.1
958 silly placeDep ROOT aud@2.0.5 OK for: minimist@1.2.8 want: ^2.0.2
959 silly placeDep ROOT auto-changelog@2.7.0 OK for: minimist@1.2.8 want: ^2.4.0
960 silly placeDep node_modules/.pnpm/minimist@1.2.8/node_modules/minimist eslint@8.8.0 OK for: minimist@1.2.8 want: =8.8.0
961 silly placeDep ROOT in-publish@2.0.1 OK for: minimist@1.2.8 want: ^2.0.1
962 silly placeDep ROOT npmignore@0.3.5 OK for: minimist@1.2.8 want: ^0.3.0
963 silly placeDep ROOT nyc@10.3.2 OK for: minimist@1.2.8 want: ^10.3.2
964 silly placeDep ROOT safe-publish-latest@2.0.0 OK for: minimist@1.2.8 want: ^2.0.0
965 silly placeDep ROOT tape@5.10.2 OK for: minimist@1.2.8 want: ^5.6.3
966 silly fetch manifest @eslint/eslintrc@^2.1.4
967 silly packumentCache full:https://registry.npmjs.org/@eslint%2feslintrc cache-miss
968 silly fetch manifest tmp@=0.2.1
969 silly packumentCache full:https://registry.npmjs.org/tmp cache-miss
970 silly fetch manifest colors@=1.4.0
971 silly packumentCache full:https://registry.npmjs.org/colors cache-miss
972 silly fetch manifest libnpx@^10.2.4
973 silly packumentCache full:https://registry.npmjs.org/libnpx cache-miss
974 silly fetch manifest rimraf@^3.0.2
975 silly packumentCache full:https://registry.npmjs.org/rimraf cache-miss
976 silly fetch manifest semver@^7.6.3
977 silly packumentCache full:https://registry.npmjs.org/semver cache-miss
978 silly fetch manifest node-cleanup@^2.1.2
979 silly packumentCache full:https://registry.npmjs.org/node-cleanup cache-miss
980 http cache https://registry.npmjs.org/semver 6ms (cache hit)
981 silly packumentCache full:https://registry.npmjs.org/semver set size:246128 disposed:false
982 silly fetch manifest npm-lockfile@^3.0.7
983 silly packumentCache full:https://registry.npmjs.org/npm-lockfile cache-miss
984 http cache https://registry.npmjs.org/@eslint%2feslintrc 13ms (cache hit)
985 silly packumentCache full:https://registry.npmjs.org/@eslint%2feslintrc set size:174680 disposed:false
986 silly fetch manifest find-package-json@^1.2.0
987 silly packumentCache full:https://registry.npmjs.org/find-package-json cache-miss
988 http fetch GET 200 https://registry.npmjs.org/colors 73ms (cache miss)
989 silly packumentCache full:https://registry.npmjs.org/colors set size:undefined disposed:false
990 silly fetch manifest semver@^7.8.5
991 silly packumentCache full:https://registry.npmjs.org/semver cache-hit
992 silly fetch manifest commander@^7.2.0
993 silly packumentCache full:https://registry.npmjs.org/commander cache-miss
994 http fetch GET 200 https://registry.npmjs.org/tmp 80ms (cache miss)
995 silly packumentCache full:https://registry.npmjs.org/tmp set size:undefined disposed:false
996 silly fetch manifest handlebars@^4.7.9
997 silly packumentCache full:https://registry.npmjs.org/handlebars cache-miss
998 http cache https://registry.npmjs.org/commander 8ms (cache hit)
999 silly packumentCache full:https://registry.npmjs.org/commander set size:353104 disposed:false
1000 silly fetch manifest import-cwd@^3.0.0
1001 silly packumentCache full:https://registry.npmjs.org/import-cwd cache-miss
1002 http fetch GET 200 https://registry.npmjs.org/find-package-json 137ms (cache miss)
1003 silly packumentCache full:https://registry.npmjs.org/find-package-json set size:undefined disposed:false
1004 silly fetch manifest parse-github-url@^1.0.4
1005 silly packumentCache full:https://registry.npmjs.org/parse-github-url cache-miss
1006 http fetch GET 200 https://registry.npmjs.org/node-cleanup 178ms (cache miss)
1007 silly packumentCache full:https://registry.npmjs.org/node-cleanup set size:undefined disposed:false
1008 silly fetch manifest ajv@^6.10.0
1009 silly packumentCache full:https://registry.npmjs.org/ajv cache-miss
1010 http fetch GET 200 https://registry.npmjs.org/rimraf 180ms (cache miss)
1011 silly packumentCache full:https://registry.npmjs.org/rimraf set size:undefined disposed:false
1012 silly fetch manifest levn@^0.4.1
1013 silly packumentCache full:https://registry.npmjs.org/levn cache-miss
1014 http fetch GET 200 https://registry.npmjs.org/npm-lockfile 173ms (cache miss)
1015 silly packumentCache full:https://registry.npmjs.org/npm-lockfile set size:undefined disposed:false
1016 silly fetch manifest espree@^9.3.0
1017 silly packumentCache full:https://registry.npmjs.org/espree cache-miss
1018 http fetch GET 200 https://registry.npmjs.org/libnpx 186ms (cache miss)
1019 silly packumentCache full:https://registry.npmjs.org/libnpx set size:undefined disposed:false
1020 silly fetch manifest esquery@^1.4.0
1021 silly packumentCache full:https://registry.npmjs.org/esquery cache-miss
1022 http cache https://registry.npmjs.org/ajv 15ms (cache hit)
1023 silly packumentCache full:https://registry.npmjs.org/ajv set size:1142658 disposed:false
1024 silly fetch manifest globals@^13.6.0
1025 silly packumentCache full:https://registry.npmjs.org/globals cache-miss
1026 http cache https://registry.npmjs.org/espree 30ms (cache hit)
1027 silly packumentCache full:https://registry.npmjs.org/espree set size:326080 disposed:false
1028 silly fetch manifest regexpp@^3.2.0
1029 silly packumentCache full:https://registry.npmjs.org/regexpp cache-miss
1030 http cache https://registry.npmjs.org/esquery 34ms (cache hit)
1031 silly packumentCache full:https://registry.npmjs.org/esquery set size:48888 disposed:false
1032 silly fetch manifest doctrine@^3.0.0
1033 silly packumentCache full:https://registry.npmjs.org/doctrine cache-miss
1034 http cache https://registry.npmjs.org/globals 21ms (cache hit)
1035 silly packumentCache full:https://registry.npmjs.org/globals set size:342829 disposed:false
1036 silly fetch manifest minimatch@^3.0.4
1037 silly packumentCache full:https://registry.npmjs.org/minimatch cache-hit
1038 silly fetch manifest optionator@^0.9.1
1039 silly packumentCache full:https://registry.npmjs.org/optionator cache-miss
1040 http fetch GET 200 https://registry.npmjs.org/import-cwd 149ms (cache miss)
1041 silly packumentCache full:https://registry.npmjs.org/import-cwd set size:undefined disposed:false
1042 silly fetch manifest strip-ansi@^6.0.1
1043 silly packumentCache full:https://registry.npmjs.org/strip-ansi cache-miss
1044 http fetch GET 200 https://registry.npmjs.org/handlebars 157ms (cache miss)
1045 silly packumentCache full:https://registry.npmjs.org/handlebars set size:undefined disposed:false
1046 silly fetch manifest text-table@^0.2.0
1047 silly packumentCache full:https://registry.npmjs.org/text-table cache-miss
1048 http cache https://registry.npmjs.org/optionator 10ms (cache hit)
1049 silly packumentCache full:https://registry.npmjs.org/optionator set size:49651 disposed:false
1050 silly fetch manifest cross-spawn@^7.0.2
1051 silly packumentCache full:https://registry.npmjs.org/cross-spawn cache-miss
1052 http fetch GET 200 https://registry.npmjs.org/levn 61ms (cache miss)
1053 silly packumentCache full:https://registry.npmjs.org/levn set size:undefined disposed:false
1054 silly fetch manifest glob-parent@^6.0.1
1055 silly packumentCache full:https://registry.npmjs.org/glob-parent cache-miss
1056 http cache https://registry.npmjs.org/cross-spawn 4ms (cache hit)
1057 silly packumentCache full:https://registry.npmjs.org/cross-spawn set size:109066 disposed:false
1058 silly fetch manifest eslint-scope@^7.1.0
1059 silly packumentCache full:https://registry.npmjs.org/eslint-scope cache-miss
1060 http cache https://registry.npmjs.org/glob-parent 5ms (cache hit)
1061 silly packumentCache full:https://registry.npmjs.org/glob-parent set size:42445 disposed:false
1062 silly fetch manifest eslint-utils@^3.0.0
1063 silly packumentCache full:https://registry.npmjs.org/eslint-utils cache-miss
1064 http cache https://registry.npmjs.org/eslint-scope 4ms (cache hit)
1065 silly packumentCache full:https://registry.npmjs.org/eslint-scope set size:98867 disposed:false
1066 silly fetch manifest import-fresh@^3.0.0
1067 silly packumentCache full:https://registry.npmjs.org/import-fresh cache-miss
1068 http fetch GET 200 https://registry.npmjs.org/strip-ansi 38ms (cache miss)
1069 silly packumentCache full:https://registry.npmjs.org/strip-ansi set size:undefined disposed:false
1070 silly fetch manifest @eslint/eslintrc@^1.0.5
1071 silly packumentCache full:https://registry.npmjs.org/@eslint%2feslintrc cache-hit
1072 silly fetch manifest file-entry-cache@^6.0.1
1073 silly packumentCache full:https://registry.npmjs.org/file-entry-cache cache-miss
1074 http cache https://registry.npmjs.org/file-entry-cache 4ms (cache hit)
1075 silly packumentCache full:https://registry.npmjs.org/file-entry-cache set size:127681 disposed:false
1076 silly fetch manifest v8-compile-cache@^2.0.3
1077 silly packumentCache full:https://registry.npmjs.org/v8-compile-cache cache-miss
1078 http fetch GET 200 https://registry.npmjs.org/doctrine 62ms (cache miss)
1079 silly packumentCache full:https://registry.npmjs.org/doctrine set size:undefined disposed:false
1080 silly fetch manifest eslint-visitor-keys@^3.2.0
1081 silly packumentCache full:https://registry.npmjs.org/eslint-visitor-keys cache-miss
1082 http cache https://registry.npmjs.org/eslint-visitor-keys 3ms (cache hit)
1083 silly packumentCache full:https://registry.npmjs.org/eslint-visitor-keys set size:69949 disposed:false
1084 silly fetch manifest strip-json-comments@^3.1.0
1085 silly packumentCache full:https://registry.npmjs.org/strip-json-comments cache-hit
1086 silly fetch manifest functional-red-black-tree@^1.0.1
1087 silly packumentCache full:https://registry.npmjs.org/functional-red-black-tree cache-miss
1088 http fetch GET 200 https://registry.npmjs.org/text-table 55ms (cache miss)
1089 silly packumentCache full:https://registry.npmjs.org/text-table set size:undefined disposed:false
1090 silly fetch manifest @humanwhocodes/config-array@^0.9.2
1091 silly packumentCache full:https://registry.npmjs.org/@humanwhocodes%2fconfig-array cache-miss
1092 http fetch GET 200 https://registry.npmjs.org/parse-github-url 147ms (cache miss)
1093 silly packumentCache full:https://registry.npmjs.org/parse-github-url set size:undefined disposed:false
1094 silly fetch manifest hasown@^2.0.2
1095 silly packumentCache full:https://registry.npmjs.org/hasown cache-miss
1096 http fetch GET 200 https://registry.npmjs.org/import-fresh 47ms (cache miss)
1097 silly packumentCache full:https://registry.npmjs.org/import-fresh set size:undefined disposed:false
1098 silly fetch manifest minimist@^1.2.8
1099 silly packumentCache full:https://registry.npmjs.org/minimist cache-miss
1100 http fetch GET 200 https://registry.npmjs.org/functional-red-black-tree 39ms (cache miss)
1101 silly packumentCache full:https://registry.npmjs.org/functional-red-black-tree set size:undefined disposed:false
1102 silly fetch manifest semver@^7.3.5
1103 silly packumentCache full:https://registry.npmjs.org/semver cache-hit
1104 silly fetch manifest yargs@^17.2.1
1105 silly packumentCache full:https://registry.npmjs.org/yargs cache-hit
1106 silly fetch manifest glob@^7.2.3
1107 silly packumentCache full:https://registry.npmjs.org/glob cache-hit
1108 silly fetch manifest hasown@^2.0.4
1109 silly packumentCache full:https://registry.npmjs.org/hasown cache-miss
1110 http fetch GET 200 https://registry.npmjs.org/hasown 35ms (cache miss)
1111 silly packumentCache full:https://registry.npmjs.org/hasown set size:undefined disposed:false
1112 silly fetch manifest defined@^1.0.1
1113 silly packumentCache full:https://registry.npmjs.org/defined cache-miss
1114 http fetch GET 200 https://registry.npmjs.org/minimist 63ms (cache miss)
1115 silly packumentCache full:https://registry.npmjs.org/minimist set size:undefined disposed:false
1116 silly fetch manifest resolve@^2.0.0-next.7
1117 silly packumentCache full:https://registry.npmjs.org/resolve cache-miss
1118 http fetch GET 200 https://registry.npmjs.org/regexpp 150ms (cache miss)
1119 silly packumentCache full:https://registry.npmjs.org/regexpp set size:undefined disposed:false
1120 silly fetch manifest for-each@^0.3.5
1121 silly packumentCache full:https://registry.npmjs.org/for-each cache-miss
1122 http fetch GET 200 https://registry.npmjs.org/hasown 57ms (cache miss)
1123 silly packumentCache full:https://registry.npmjs.org/hasown set size:undefined disposed:false
1124 silly fetch manifest inherits@^2.0.4
1125 silly packumentCache full:https://registry.npmjs.org/inherits cache-miss
1126 http fetch GET 200 https://registry.npmjs.org/eslint-utils 145ms (cache miss)
1127 silly packumentCache full:https://registry.npmjs.org/eslint-utils set size:undefined disposed:false
1128 silly fetch manifest is-regex@^1.2.1
1129 silly packumentCache full:https://registry.npmjs.org/is-regex cache-miss
1130 http fetch GET 200 https://registry.npmjs.org/@humanwhocodes%2fconfig-array 119ms (cache miss)
1131 silly packumentCache full:https://registry.npmjs.org/@humanwhocodes%2fconfig-array set size:undefined disposed:false
1132 silly fetch manifest call-bind@^1.0.9
1133 silly packumentCache full:https://registry.npmjs.org/call-bind cache-miss
1134 http fetch GET 200 https://registry.npmjs.org/v8-compile-cache 134ms (cache miss)
1135 silly packumentCache full:https://registry.npmjs.org/v8-compile-cache set size:undefined disposed:false
1136 silly fetch manifest dotignore@^0.1.2
1137 silly packumentCache full:https://registry.npmjs.org/dotignore cache-miss
1138 http fetch GET 200 https://registry.npmjs.org/inherits 37ms (cache miss)
1139 silly packumentCache full:https://registry.npmjs.org/inherits set size:undefined disposed:false
1140 silly fetch manifest object-is@^1.1.6
1141 silly packumentCache full:https://registry.npmjs.org/object-is cache-miss
1142 http fetch GET 200 https://registry.npmjs.org/is-regex 55ms (cache miss)
1143 silly packumentCache full:https://registry.npmjs.org/is-regex set size:undefined disposed:false
1144 silly fetch manifest call-bound@^1.0.4
1145 silly packumentCache full:https://registry.npmjs.org/call-bound cache-miss
1146 http fetch GET 200 https://registry.npmjs.org/call-bind 47ms (cache miss)
1147 silly packumentCache full:https://registry.npmjs.org/call-bind set size:undefined disposed:false
1148 silly fetch manifest deep-equal@^2.2.3
1149 silly packumentCache full:https://registry.npmjs.org/deep-equal cache-miss
1150 http fetch GET 200 https://registry.npmjs.org/object-is 57ms (cache miss)
1151 silly packumentCache full:https://registry.npmjs.org/object-is set size:undefined disposed:false
1152 silly fetch manifest @ljharb/now@^1.0.1
1153 silly packumentCache full:https://registry.npmjs.org/@ljharb%2fnow cache-miss
1154 http fetch GET 200 https://registry.npmjs.org/defined 154ms (cache miss)
1155 silly packumentCache full:https://registry.npmjs.org/defined set size:undefined disposed:false
1156 silly fetch manifest object-keys@^1.1.1
1157 silly packumentCache full:https://registry.npmjs.org/object-keys cache-miss
1158 http fetch GET 200 https://registry.npmjs.org/resolve 126ms (cache miss)
1159 silly packumentCache full:https://registry.npmjs.org/resolve set size:undefined disposed:false
1160 silly fetch manifest mock-property@^1.1.0
1161 silly packumentCache full:https://registry.npmjs.org/mock-property cache-miss
1162 http fetch GET 200 https://registry.npmjs.org/call-bound 46ms (cache miss)
1163 silly packumentCache full:https://registry.npmjs.org/call-bound set size:undefined disposed:false
1164 silly fetch manifest object.assign@^4.1.7
1165 silly packumentCache full:https://registry.npmjs.org/object.assign cache-miss
1166 http fetch GET 200 https://registry.npmjs.org/for-each 134ms (cache miss)
1167 silly packumentCache full:https://registry.npmjs.org/for-each set size:undefined disposed:false
1168 silly fetch manifest object-inspect@^1.13.4
1169 silly packumentCache full:https://registry.npmjs.org/object-inspect cache-miss
1170 http fetch GET 200 https://registry.npmjs.org/dotignore 122ms (cache miss)
1171 silly packumentCache full:https://registry.npmjs.org/dotignore set size:undefined disposed:false
1172 silly fetch manifest @ljharb/resumer@^0.1.3
1173 silly packumentCache full:https://registry.npmjs.org/@ljharb%2fresumer cache-miss
1174 http fetch GET 200 https://registry.npmjs.org/object-keys 59ms (cache miss)
1175 silly packumentCache full:https://registry.npmjs.org/object-keys set size:undefined disposed:false
1176 silly fetch manifest @ljharb/through@^2.3.14
1177 silly packumentCache full:https://registry.npmjs.org/@ljharb%2fthrough cache-miss
1178 http fetch GET 200 https://registry.npmjs.org/object-inspect 67ms (cache miss)
1179 silly packumentCache full:https://registry.npmjs.org/object-inspect set size:undefined disposed:false
1180 silly fetch manifest es-object-atoms@^1.1.2
1181 silly packumentCache full:https://registry.npmjs.org/es-object-atoms cache-miss
1182 http fetch GET 200 https://registry.npmjs.org/es-object-atoms 39ms (cache miss)
1183 silly packumentCache full:https://registry.npmjs.org/es-object-atoms set size:undefined disposed:false
1184 silly fetch manifest get-package-type@^0.1.0
1185 silly packumentCache full:https://registry.npmjs.org/get-package-type cache-miss
1186 http fetch GET 200 https://registry.npmjs.org/deep-equal 149ms (cache miss)
1187 silly packumentCache full:https://registry.npmjs.org/deep-equal set size:undefined disposed:false
1188 silly fetch manifest has-dynamic-import@^2.1.1
1189 silly packumentCache full:https://registry.npmjs.org/has-dynamic-import cache-miss
1190 http fetch GET 200 https://registry.npmjs.org/mock-property 130ms (cache miss)
1191 silly packumentCache full:https://registry.npmjs.org/mock-property set size:undefined disposed:false
1192 silly fetch manifest array.prototype.every@^1.1.7
1193 silly packumentCache full:https://registry.npmjs.org/array.prototype.every cache-miss
1194 http fetch GET 200 https://registry.npmjs.org/object.assign 208ms (cache miss)
1195 silly packumentCache full:https://registry.npmjs.org/object.assign set size:undefined disposed:false
1196 silly fetch manifest string.prototype.trim@^1.2.11
1197 silly packumentCache full:https://registry.npmjs.org/string.prototype.trim cache-miss
1198 http fetch GET 200 https://registry.npmjs.org/get-package-type 120ms (cache miss)
1199 silly packumentCache full:https://registry.npmjs.org/get-package-type set size:undefined disposed:false
1200 http fetch GET 200 https://registry.npmjs.org/@ljharb%2fnow 246ms (cache miss)
1201 silly packumentCache full:https://registry.npmjs.org/@ljharb%2fnow set size:undefined disposed:false
1202 http fetch GET 200 https://registry.npmjs.org/has-dynamic-import 137ms (cache miss)
1203 silly packumentCache full:https://registry.npmjs.org/has-dynamic-import set size:undefined disposed:false
1204 http fetch GET 200 https://registry.npmjs.org/array.prototype.every 127ms (cache miss)
1205 silly packumentCache full:https://registry.npmjs.org/array.prototype.every set size:undefined disposed:false
1206 http fetch GET 200 https://registry.npmjs.org/string.prototype.trim 56ms (cache miss)
1207 silly packumentCache full:https://registry.npmjs.org/string.prototype.trim set size:undefined disposed:false
1208 http fetch GET 200 https://registry.npmjs.org/@ljharb%2fthrough 278ms (cache miss)
1209 silly packumentCache full:https://registry.npmjs.org/@ljharb%2fthrough set size:undefined disposed:false
1210 http fetch GET 200 https://registry.npmjs.org/@ljharb%2fresumer 295ms (cache miss)
1211 silly packumentCache full:https://registry.npmjs.org/@ljharb%2fresumer set size:undefined disposed:false
1212 silly fetch manifest eslint@4.18.2
1213 silly packumentCache full:https://registry.npmjs.org/eslint cache-miss
1214 http cache https://registry.npmjs.org/eslint 8ms (cache hit)
1215 silly packumentCache full:https://registry.npmjs.org/eslint set size:2092267 disposed:false
1216 silly fetch manifest expect.js@0.3.1
1217 silly packumentCache full:https://registry.npmjs.org/expect.js cache-miss
1218 http fetch GET 200 https://registry.npmjs.org/expect.js 134ms (cache miss)
1219 silly packumentCache full:https://registry.npmjs.org/expect.js set size:undefined disposed:false
1220 silly fetch manifest husky@0.14.3
1221 silly packumentCache full:https://registry.npmjs.org/husky cache-miss
1222 http fetch GET 200 https://registry.npmjs.org/husky 141ms (cache miss)
1223 silly packumentCache full:https://registry.npmjs.org/husky set size:undefined disposed:false
1224 silly fetch manifest lint-staged@5.0.0
1225 silly packumentCache full:https://registry.npmjs.org/lint-staged cache-miss
1226 http fetch GET 200 https://registry.npmjs.org/lint-staged 532ms (cache miss)
1227 silly packumentCache full:https://registry.npmjs.org/lint-staged set size:undefined disposed:false
1228 silly fetch manifest mocha@4.0.1
1229 silly packumentCache full:https://registry.npmjs.org/mocha cache-miss
1230 http cache https://registry.npmjs.org/mocha 11ms (cache hit)
1231 silly packumentCache full:https://registry.npmjs.org/mocha set size:4173669 disposed:false
1232 silly fetch manifest prettier@2.0.5
1233 silly packumentCache full:https://registry.npmjs.org/prettier cache-miss
1234 http fetch GET 200 https://registry.npmjs.org/prettier 270ms (cache miss)
1235 silly packumentCache full:https://registry.npmjs.org/prettier set size:undefined disposed:false
1236 silly placeDep node_modules/.pnpm/ms@2.1.3/node_modules/ms eslint@4.18.2 OK for: ms@2.1.3 want: 4.18.2
1237 silly placeDep ROOT expect.js@0.3.1 OK for: ms@2.1.3 want: 0.3.1
1238 silly placeDep ROOT husky@0.14.3 OK for: ms@2.1.3 want: 0.14.3
1239 silly placeDep ROOT lint-staged@5.0.0 OK for: ms@2.1.3 want: 5.0.0
1240 silly placeDep node_modules/.pnpm/ms@2.1.3/node_modules/ms mocha@4.0.1 OK for: ms@2.1.3 want: 4.0.1
1241 silly placeDep ROOT prettier@2.0.5 OK for: ms@2.1.3 want: 2.0.5
1242 silly fetch manifest ajv@^5.3.0
1243 silly packumentCache full:https://registry.npmjs.org/ajv cache-miss
1244 silly fetch manifest glob@^7.1.2
1245 silly packumentCache full:https://registry.npmjs.org/glob cache-hit
1246 silly fetch manifest levn@^0.3.0
1247 silly packumentCache full:https://registry.npmjs.org/levn cache-miss
1248 silly fetch manifest chalk@^2.1.0
1249 silly packumentCache full:https://registry.npmjs.org/chalk cache-hit
1250 silly fetch manifest debug@^3.1.0
1251 silly packumentCache full:https://registry.npmjs.org/debug cache-hit
1252 silly fetch manifest table@4.0.2
1253 silly packumentCache full:https://registry.npmjs.org/table cache-miss
1254 silly fetch manifest espree@^3.5.2
1255 silly packumentCache full:https://registry.npmjs.org/espree cache-hit
1256 silly fetch manifest ignore@^3.3.3
1257 silly packumentCache full:https://registry.npmjs.org/ignore cache-miss
1258 silly fetch manifest lodash@^4.17.4
1259 silly packumentCache full:https://registry.npmjs.org/lodash cache-miss
1260 silly fetch manifest mkdirp@^0.5.1
1261 silly packumentCache full:https://registry.npmjs.org/mkdirp cache-miss
1262 silly fetch manifest semver@^5.3.0
1263 silly packumentCache full:https://registry.npmjs.org/semver cache-hit
1264 silly fetch manifest esquery@^1.0.0
1265 silly packumentCache full:https://registry.npmjs.org/esquery cache-hit
1266 silly fetch manifest globals@^11.0.1
1267 silly packumentCache full:https://registry.npmjs.org/globals cache-hit
1268 silly fetch manifest js-yaml@^3.9.1
1269 silly packumentCache full:https://registry.npmjs.org/js-yaml cache-miss
1270 http cache https://registry.npmjs.org/ignore 14ms (cache hit)
1271 silly packumentCache full:https://registry.npmjs.org/ignore set size:266651 disposed:false
1272 silly fetch manifest doctrine@^2.1.0
1273 silly packumentCache full:https://registry.npmjs.org/doctrine cache-miss
1274 http cache https://registry.npmjs.org/js-yaml 18ms (cache hit)
1275 silly packumentCache full:https://registry.npmjs.org/js-yaml set size:198692 disposed:false
1276 silly fetch manifest inquirer@^3.0.6
1277 silly packumentCache full:https://registry.npmjs.org/inquirer cache-miss
1278 http cache https://registry.npmjs.org/levn 36ms (cache hit)
1279 silly packumentCache full:https://registry.npmjs.org/levn set size:28223 disposed:false
1280 silly fetch manifest progress@^2.0.0
1281 silly packumentCache full:https://registry.npmjs.org/progress cache-miss
1282 http cache https://registry.npmjs.org/ajv 40ms (cache hit)
1283 silly packumentCache full:https://registry.npmjs.org/ajv set size:1142658 disposed:false
1284 silly fetch manifest minimatch@^3.0.2
1285 silly packumentCache full:https://registry.npmjs.org/minimatch cache-hit
1286 silly fetch manifest pluralize@^7.0.0
1287 silly packumentCache full:https://registry.npmjs.org/pluralize cache-miss
1288 http cache https://registry.npmjs.org/doctrine 32ms (cache hit)
1289 silly packumentCache full:https://registry.npmjs.org/doctrine set size:64052 disposed:false
1290 silly fetch manifest optionator@^0.8.2
1291 silly packumentCache full:https://registry.npmjs.org/optionator cache-hit
1292 silly fetch manifest strip-ansi@^4.0.0
1293 silly packumentCache full:https://registry.npmjs.org/strip-ansi cache-miss
1294 http cache https://registry.npmjs.org/strip-ansi 4ms (cache hit)
1295 silly packumentCache full:https://registry.npmjs.org/strip-ansi set size:44998 disposed:false
1296 silly fetch manifest text-table@~0.2.0
1297 silly packumentCache full:https://registry.npmjs.org/text-table cache-miss
1298 http fetch GET 200 https://registry.npmjs.org/mkdirp 61ms (cache miss)
1299 silly packumentCache full:https://registry.npmjs.org/mkdirp set size:undefined disposed:false
1300 silly fetch manifest cross-spawn@^5.1.0
1301 silly packumentCache full:https://registry.npmjs.org/cross-spawn cache-hit
1302 silly fetch manifest eslint-scope@^3.7.1
1303 silly packumentCache full:https://registry.npmjs.org/eslint-scope cache-hit
1304 silly fetch manifest concat-stream@^1.6.0
1305 silly packumentCache full:https://registry.npmjs.org/concat-stream cache-miss
1306 http cache https://registry.npmjs.org/text-table 7ms (cache hit)
1307 silly packumentCache full:https://registry.npmjs.org/text-table set size:20701 disposed:false
1308 silly fetch manifest is-resolvable@^1.0.0
1309 silly packumentCache full:https://registry.npmjs.org/is-resolvable cache-miss
1310 http fetch GET 200 https://registry.npmjs.org/pluralize 123ms (cache miss)
1311 silly packumentCache full:https://registry.npmjs.org/pluralize set size:undefined disposed:false
1312 silly fetch manifest path-is-inside@^1.0.2
1313 silly packumentCache full:https://registry.npmjs.org/path-is-inside cache-miss
1314 http fetch GET 200 https://registry.npmjs.org/progress 139ms (cache miss)
1315 silly packumentCache full:https://registry.npmjs.org/progress set size:undefined disposed:false
1316 silly fetch manifest babel-code-frame@^6.22.0
1317 silly packumentCache full:https://registry.npmjs.org/babel-code-frame cache-miss
1318 http fetch GET 200 https://registry.npmjs.org/lodash 179ms (cache miss)
1319 silly packumentCache full:https://registry.npmjs.org/lodash set size:undefined disposed:false
1320 silly fetch manifest file-entry-cache@^2.0.0
1321 silly packumentCache full:https://registry.npmjs.org/file-entry-cache cache-hit
1322 silly fetch manifest require-uncached@^1.0.3
1323 silly packumentCache full:https://registry.npmjs.org/require-uncached cache-miss
1324 http fetch GET 200 https://registry.npmjs.org/concat-stream 122ms (cache miss)
1325 silly packumentCache full:https://registry.npmjs.org/concat-stream set size:undefined disposed:false
1326 silly fetch manifest eslint-visitor-keys@^1.0.0
1327 silly packumentCache full:https://registry.npmjs.org/eslint-visitor-keys cache-hit
1328 silly fetch manifest strip-json-comments@~2.0.1
1329 silly packumentCache full:https://registry.npmjs.org/strip-json-comments cache-hit
1330 silly fetch manifest is-ci@^1.0.10
1331 silly packumentCache full:https://registry.npmjs.org/is-ci cache-miss
1332 http fetch GET 200 https://registry.npmjs.org/is-resolvable 150ms (cache miss)
1333 silly packumentCache full:https://registry.npmjs.org/is-resolvable set size:undefined disposed:false
1334 silly fetch manifest strip-indent@^2.0.0
1335 silly packumentCache full:https://registry.npmjs.org/strip-indent cache-miss
1336 http fetch GET 200 https://registry.npmjs.org/table 294ms (cache miss)
1337 silly packumentCache full:https://registry.npmjs.org/table set size:undefined disposed:false
1338 silly fetch manifest normalize-path@^1.0.0
1339 silly packumentCache full:https://registry.npmjs.org/normalize-path cache-miss
1340 http fetch GET 200 https://registry.npmjs.org/path-is-inside 210ms (cache miss)
1341 silly packumentCache full:https://registry.npmjs.org/path-is-inside set size:undefined disposed:false
1342 silly fetch manifest pify@^3.0.0
1343 silly packumentCache full:https://registry.npmjs.org/pify cache-miss
1344 http fetch GET 200 https://registry.npmjs.org/require-uncached 230ms (cache miss)
1345 silly packumentCache full:https://registry.npmjs.org/require-uncached set size:undefined disposed:false
1346 silly fetch manifest execa@^0.8.0
1347 silly packumentCache full:https://registry.npmjs.org/execa cache-miss
1348 http fetch GET 200 https://registry.npmjs.org/strip-indent 205ms (cache miss)
1349 silly packumentCache full:https://registry.npmjs.org/strip-indent set size:undefined disposed:false
1350 silly fetch manifest listr@^0.13.0
1351 silly packumentCache full:https://registry.npmjs.org/listr cache-miss
1352 http fetch GET 200 https://registry.npmjs.org/is-ci 235ms (cache miss)
1353 silly packumentCache full:https://registry.npmjs.org/is-ci set size:undefined disposed:false
1354 silly fetch manifest p-map@^1.1.1
1355 silly packumentCache full:https://registry.npmjs.org/p-map cache-miss
1356 http fetch GET 200 https://registry.npmjs.org/babel-code-frame 255ms (cache miss)
1357 silly packumentCache full:https://registry.npmjs.org/babel-code-frame set size:undefined disposed:false
1358 silly fetch manifest dedent@^0.7.0
1359 silly packumentCache full:https://registry.npmjs.org/dedent cache-miss
1360 http fetch GET 200 https://registry.npmjs.org/normalize-path 148ms (cache miss)
1361 silly packumentCache full:https://registry.npmjs.org/normalize-path set size:undefined disposed:false
1362 silly fetch manifest commander@^2.11.0
1363 silly packumentCache full:https://registry.npmjs.org/commander cache-hit
1364 silly fetch manifest minimatch@^3.0.0
1365 silly packumentCache full:https://registry.npmjs.org/minimatch cache-hit
1366 silly fetch manifest npm-which@^3.0.1
1367 silly packumentCache full:https://registry.npmjs.org/npm-which cache-miss
1368 http fetch GET 200 https://registry.npmjs.org/inquirer 426ms (cache miss)
1369 silly packumentCache full:https://registry.npmjs.org/inquirer set size:undefined disposed:false
1370 silly fetch manifest cosmiconfig@^3.1.0
1371 silly packumentCache full:https://registry.npmjs.org/cosmiconfig cache-miss
1372 http fetch GET 200 https://registry.npmjs.org/pify 87ms (cache miss)
1373 silly packumentCache full:https://registry.npmjs.org/pify set size:undefined disposed:false
1374 silly fetch manifest log-symbols@^2.0.0
1375 silly packumentCache full:https://registry.npmjs.org/log-symbols cache-miss
1376 http cache https://registry.npmjs.org/log-symbols 2ms (cache hit)
1377 silly packumentCache full:https://registry.npmjs.org/log-symbols set size:31977 disposed:false
1378 silly fetch manifest app-root-path@^2.0.0
1379 silly packumentCache full:https://registry.npmjs.org/app-root-path cache-miss
1380 http fetch GET 200 https://registry.npmjs.org/dedent 98ms (cache miss)
1381 silly packumentCache full:https://registry.npmjs.org/dedent set size:undefined disposed:false
1382 silly fetch manifest jest-validate@^21.1.0
1383 silly packumentCache full:https://registry.npmjs.org/jest-validate cache-miss
1384 http fetch GET 200 https://registry.npmjs.org/app-root-path 152ms (cache miss)
1385 silly packumentCache full:https://registry.npmjs.org/app-root-path set size:undefined disposed:false
1386 silly fetch manifest find-parent-dir@^0.3.0
1387 silly packumentCache full:https://registry.npmjs.org/find-parent-dir cache-miss
1388 http fetch GET 200 https://registry.npmjs.org/listr 213ms (cache miss)
1389 silly packumentCache full:https://registry.npmjs.org/listr set size:undefined disposed:false
1390 silly fetch manifest staged-git-files@0.0.4
1391 silly packumentCache full:https://registry.npmjs.org/staged-git-files cache-miss
1392 http fetch GET 200 https://registry.npmjs.org/execa 225ms (cache miss)
1393 silly packumentCache full:https://registry.npmjs.org/execa set size:undefined disposed:false
1394 silly fetch manifest stringify-object@^3.2.0
1395 silly packumentCache full:https://registry.npmjs.org/stringify-object cache-miss
1396 http fetch GET 200 https://registry.npmjs.org/p-map 219ms (cache miss)
1397 silly packumentCache full:https://registry.npmjs.org/p-map set size:undefined disposed:false
1398 silly fetch manifest he@1.1.1
1399 silly packumentCache full:https://registry.npmjs.org/he cache-miss
1400 http cache https://registry.npmjs.org/he 3ms (cache hit)
1401 silly packumentCache full:https://registry.npmjs.org/he set size:58773 disposed:false
1402 silly fetch manifest diff@3.3.1
1403 silly packumentCache full:https://registry.npmjs.org/diff cache-hit
1404 silly fetch manifest glob@7.1.2
1405 silly packumentCache full:https://registry.npmjs.org/glob cache-hit
1406 silly fetch manifest debug@3.1.0
1407 silly packumentCache full:https://registry.npmjs.org/debug cache-hit
1408 silly fetch manifest growl@1.10.3
1409 silly packumentCache full:https://registry.npmjs.org/growl cache-miss
1410 http fetch GET 200 https://registry.npmjs.org/npm-which 265ms (cache miss)
1411 silly packumentCache full:https://registry.npmjs.org/npm-which set size:undefined disposed:false
1412 silly fetch manifest mkdirp@0.5.1
1413 silly packumentCache full:https://registry.npmjs.org/mkdirp cache-miss
1414 http fetch GET 200 https://registry.npmjs.org/cosmiconfig 254ms (cache miss)
1415 silly packumentCache full:https://registry.npmjs.org/cosmiconfig set size:undefined disposed:false
1416 silly fetch manifest commander@2.11.0
1417 silly packumentCache full:https://registry.npmjs.org/commander cache-hit
1418 silly fetch manifest browser-stdout@1.3.0
1419 silly packumentCache full:https://registry.npmjs.org/browser-stdout cache-miss
1420 http cache https://registry.npmjs.org/mkdirp 6ms (cache hit)
1421 silly packumentCache full:https://registry.npmjs.org/mkdirp set size:116415 disposed:false
1422 silly fetch manifest supports-color@4.4.0
1423 silly packumentCache full:https://registry.npmjs.org/supports-color cache-miss
1424 http cache https://registry.npmjs.org/browser-stdout 7ms (cache hit)
1425 silly packumentCache full:https://registry.npmjs.org/browser-stdout set size:9832 disposed:false
1426 silly fetch manifest escape-string-regexp@1.0.5
1427 silly packumentCache full:https://registry.npmjs.org/escape-string-regexp cache-miss
1428 http cache https://registry.npmjs.org/supports-color 5ms (cache hit)
1429 silly packumentCache full:https://registry.npmjs.org/supports-color set size:124169 disposed:false
1430 http cache https://registry.npmjs.org/escape-string-regexp 5ms (cache hit)
1431 silly packumentCache full:https://registry.npmjs.org/escape-string-regexp set size:22244 disposed:false
1432 http fetch GET 200 https://registry.npmjs.org/stringify-object 141ms (cache miss)
1433 silly packumentCache full:https://registry.npmjs.org/stringify-object set size:undefined disposed:false
1434 http fetch GET 200 https://registry.npmjs.org/jest-validate 301ms (cache miss)
1435 silly packumentCache full:https://registry.npmjs.org/jest-validate set size:undefined disposed:false
1436 http fetch GET 200 https://registry.npmjs.org/find-parent-dir 220ms (cache miss)
1437 silly packumentCache full:https://registry.npmjs.org/find-parent-dir set size:undefined disposed:false
1438 http fetch GET 200 https://registry.npmjs.org/staged-git-files 208ms (cache miss)
1439 silly packumentCache full:https://registry.npmjs.org/staged-git-files set size:undefined disposed:false
1440 http fetch GET 200 https://registry.npmjs.org/growl 205ms (cache miss)
1441 silly packumentCache full:https://registry.npmjs.org/growl set size:undefined disposed:false
1442 silly placeDep ROOT @eslint/eslintrc@2.1.4 OK for: @ljharb/eslint-config@21.4.0 want: ^2.1.4
1443 silly fetch manifest ajv@^6.12.4
1444 silly packumentCache full:https://registry.npmjs.org/ajv cache-miss
1445 silly fetch manifest espree@^9.6.0
1446 silly packumentCache full:https://registry.npmjs.org/espree cache-hit
1447 silly fetch manifest globals@^13.19.0
1448 silly packumentCache full:https://registry.npmjs.org/globals cache-hit
1449 silly fetch manifest minimatch@^3.1.2
1450 silly packumentCache full:https://registry.npmjs.org/minimatch cache-hit
1451 silly fetch manifest import-fresh@^3.2.1
1452 silly packumentCache full:https://registry.npmjs.org/import-fresh cache-miss
1453 http cache https://registry.npmjs.org/import-fresh 3ms (cache hit)
1454 silly packumentCache full:https://registry.npmjs.org/import-fresh set size:26738 disposed:false
1455 http cache https://registry.npmjs.org/ajv 10ms (cache hit)
1456 silly packumentCache full:https://registry.npmjs.org/ajv set size:1142658 disposed:false
1457 silly fetch manifest eslint@>=5
1458 silly packumentCache full:https://registry.npmjs.org/eslint cache-miss
1459 http cache https://registry.npmjs.org/eslint 22ms (cache hit)
1460 silly packumentCache full:https://registry.npmjs.org/eslint set size:2092267 disposed:false
1461 silly placeDep node_modules/.pnpm/minimist@1.2.8/node_modules/minimist/node_modules/eslint @eslint/eslintrc@1.4.1 OK for: eslint@8.8.0 want: ^1.0.5
1462 silly placeDep ROOT @humanwhocodes/config-array@0.9.5 OK for: eslint@8.8.0 want: ^0.9.2
1463 silly placeDep ROOT ajv@6.15.0 OK for: eslint@8.8.0 want: ^6.10.0
1464 silly placeDep ROOT chalk@4.1.2 OK for: eslint@8.8.0 want: ^4.0.0
1465 silly placeDep ROOT cross-spawn@7.0.6 OK for: eslint@8.8.0 want: ^7.0.2
1466 silly placeDep ROOT debug@4.4.3 OK for: eslint@8.8.0 want: ^4.3.2
1467 silly placeDep ROOT doctrine@3.0.0 OK for: eslint@8.8.0 want: ^3.0.0
1468 silly placeDep ROOT escape-string-regexp@4.0.0 OK for: eslint@8.8.0 want: ^4.0.0
1469 silly placeDep ROOT eslint-scope@7.2.2 OK for: eslint@8.8.0 want: ^7.1.0
1470 silly placeDep node_modules/.pnpm/minimist@1.2.8/node_modules/minimist eslint-utils@3.0.0 OK for: eslint@8.8.0 want: ^3.0.0
1471 silly placeDep ROOT eslint-visitor-keys@3.4.3 OK for: eslint@8.8.0 want: ^3.2.0
1472 silly placeDep ROOT espree@9.6.1 OK for: eslint@8.8.0 want: ^9.3.0
1473 silly placeDep ROOT esquery@1.7.0 OK for: eslint@8.8.0 want: ^1.4.0
1474 silly placeDep ROOT esutils@2.0.3 OK for: eslint@8.8.0 want: ^2.0.2
1475 silly placeDep ROOT fast-deep-equal@3.1.3 OK for: eslint@8.8.0 want: ^3.1.3
1476 silly placeDep ROOT file-entry-cache@6.0.1 OK for: eslint@8.8.0 want: ^6.0.1
1477 silly placeDep ROOT functional-red-black-tree@1.0.1 OK for: eslint@8.8.0 want: ^1.0.1
1478 silly placeDep ROOT glob-parent@6.0.2 OK for: eslint@8.8.0 want: ^6.0.1
1479 silly placeDep node_modules/.pnpm/minimist@1.2.8/node_modules/minimist globals@13.24.0 OK for: eslint@8.8.0 want: ^13.6.0
1480 silly placeDep ROOT ignore@5.3.2 OK for: eslint@8.8.0 want: ^5.2.0
1481 silly placeDep ROOT import-fresh@3.3.1 OK for: eslint@8.8.0 want: ^3.0.0
1482 silly placeDep ROOT imurmurhash@0.1.4 OK for: eslint@8.8.0 want: ^0.1.4
1483 silly placeDep ROOT is-glob@4.0.3 OK for: eslint@8.8.0 want: ^4.0.0
1484 silly placeDep ROOT js-yaml@4.3.2 OK for: eslint@8.8.0 want: ^4.1.0
1485 silly placeDep ROOT json-stable-stringify-without-jsonify@1.0.1 OK for: eslint@8.8.0 want: ^1.0.1
1486 silly placeDep ROOT levn@0.4.1 OK for: eslint@8.8.0 want: ^0.4.1
1487 silly placeDep ROOT lodash.merge@4.6.2 OK for: eslint@8.8.0 want: ^4.6.2
1488 silly placeDep ROOT minimatch@3.1.5 OK for: eslint@8.8.0 want: ^3.0.4
1489 silly placeDep ROOT natural-compare@1.4.0 OK for: eslint@8.8.0 want: ^1.4.0
1490 silly placeDep ROOT optionator@0.9.4 OK for: eslint@8.8.0 want: ^0.9.1
1491 silly placeDep ROOT regexpp@3.2.0 OK for: eslint@8.8.0 want: ^3.2.0
1492 silly placeDep ROOT strip-ansi@6.0.1 OK for: eslint@8.8.0 want: ^6.0.1
1493 silly placeDep ROOT strip-json-comments@3.1.1 OK for: eslint@8.8.0 want: ^3.1.0
1494 silly placeDep ROOT text-table@0.2.0 OK for: eslint@8.8.0 want: ^0.2.0
1495 silly placeDep ROOT v8-compile-cache@2.4.0 OK for: eslint@8.8.0 want: ^2.0.3
1496 silly fetch manifest espree@^9.4.0
1497 silly packumentCache full:https://registry.npmjs.org/espree cache-hit
1498 silly fetch manifest debug@^4.1.1
1499 silly packumentCache full:https://registry.npmjs.org/debug cache-hit
1500 silly fetch manifest @humanwhocodes/object-schema@^1.2.1
1501 silly packumentCache full:https://registry.npmjs.org/@humanwhocodes%2fobject-schema cache-miss
1502 silly fetch manifest uri-js@^4.2.2
1503 silly packumentCache full:https://registry.npmjs.org/uri-js cache-miss
1504 silly fetch manifest fast-deep-equal@^3.1.1
1505 silly packumentCache full:https://registry.npmjs.org/fast-deep-equal cache-miss
1506 silly fetch manifest json-schema-traverse@^0.4.1
1507 silly packumentCache full:https://registry.npmjs.org/json-schema-traverse cache-miss
1508 silly fetch manifest fast-json-stable-stringify@^2.0.0
1509 silly packumentCache full:https://registry.npmjs.org/fast-json-stable-stringify cache-miss
1510 silly fetch manifest ansi-styles@^4.1.0
1511 silly packumentCache full:https://registry.npmjs.org/ansi-styles cache-miss
1512 silly fetch manifest supports-color@^7.1.0
1513 silly packumentCache full:https://registry.npmjs.org/supports-color cache-hit
1514 silly fetch manifest which@^2.0.1
1515 silly packumentCache full:https://registry.npmjs.org/which cache-miss
1516 http cache https://registry.npmjs.org/which 8ms (cache hit)
1517 silly packumentCache full:https://registry.npmjs.org/which set size:70147 disposed:false
1518 silly fetch manifest path-key@^3.1.0
1519 silly packumentCache full:https://registry.npmjs.org/path-key cache-miss
1520 http cache https://registry.npmjs.org/fast-deep-equal 13ms (cache hit)
1521 silly packumentCache full:https://registry.npmjs.org/fast-deep-equal set size:48634 disposed:false
1522 silly fetch manifest shebang-command@^2.0.0
1523 silly packumentCache full:https://registry.npmjs.org/shebang-command cache-miss
1524 http fetch GET 200 https://registry.npmjs.org/fast-json-stable-stringify 54ms (cache miss)
1525 silly packumentCache full:https://registry.npmjs.org/fast-json-stable-stringify set size:undefined disposed:false
1526 silly fetch manifest esrecurse@^4.3.0
1527 silly packumentCache full:https://registry.npmjs.org/esrecurse cache-miss
1528 http fetch GET 200 https://registry.npmjs.org/json-schema-traverse 56ms (cache miss)
1529 silly packumentCache full:https://registry.npmjs.org/json-schema-traverse set size:undefined disposed:false
1530 silly fetch manifest estraverse@^5.2.0
1531 silly packumentCache full:https://registry.npmjs.org/estraverse cache-miss
1532 http fetch GET 200 https://registry.npmjs.org/path-key 50ms (cache miss)
1533 silly packumentCache full:https://registry.npmjs.org/path-key set size:undefined disposed:false
1534 silly fetch manifest eslint-visitor-keys@^2.0.0
1535 silly packumentCache full:https://registry.npmjs.org/eslint-visitor-keys cache-hit
1536 silly fetch manifest acorn@^8.9.0
1537 silly packumentCache full:https://registry.npmjs.org/acorn cache-miss
1538 http fetch GET 200 https://registry.npmjs.org/ansi-styles 62ms (cache miss)
1539 silly packumentCache full:https://registry.npmjs.org/ansi-styles set size:undefined disposed:false
1540 silly fetch manifest acorn-jsx@^5.3.2
1541 silly packumentCache full:https://registry.npmjs.org/acorn-jsx cache-miss
1542 http fetch GET 200 https://registry.npmjs.org/shebang-command 52ms (cache miss)
1543 silly packumentCache full:https://registry.npmjs.org/shebang-command set size:undefined disposed:false
1544 silly fetch manifest estraverse@^5.1.0
1545 silly packumentCache full:https://registry.npmjs.org/estraverse cache-miss
1546 http cache https://registry.npmjs.org/acorn 7ms (cache hit)
1547 silly packumentCache full:https://registry.npmjs.org/acorn set size:383439 disposed:false
1548 silly fetch manifest flat-cache@^3.0.4
1549 silly packumentCache full:https://registry.npmjs.org/flat-cache cache-miss
1550 http fetch GET 200 https://registry.npmjs.org/uri-js 76ms (cache miss)
1551 silly packumentCache full:https://registry.npmjs.org/uri-js set size:undefined disposed:false
1552 silly fetch manifest is-glob@^4.0.3
1553 silly packumentCache full:https://registry.npmjs.org/is-glob cache-miss
1554 http cache https://registry.npmjs.org/is-glob 2ms (cache hit)
1555 silly packumentCache full:https://registry.npmjs.org/is-glob set size:40530 disposed:false
1556 silly fetch manifest type-fest@^0.20.2
1557 silly packumentCache full:https://registry.npmjs.org/type-fest cache-miss
1558 http fetch GET 200 https://registry.npmjs.org/esrecurse 44ms (cache miss)
1559 silly packumentCache full:https://registry.npmjs.org/esrecurse set size:undefined disposed:false
1560 silly fetch manifest resolve-from@^4.0.0
1561 silly packumentCache full:https://registry.npmjs.org/resolve-from cache-miss
1562 http fetch GET 200 https://registry.npmjs.org/estraverse 54ms (cache miss)
1563 silly packumentCache full:https://registry.npmjs.org/estraverse set size:undefined disposed:false
1564 silly fetch manifest parent-module@^1.0.0
1565 silly packumentCache full:https://registry.npmjs.org/parent-module cache-miss
1566 http fetch GET 200 https://registry.npmjs.org/estraverse 66ms (cache miss)
1567 silly packumentCache full:https://registry.npmjs.org/estraverse set size:undefined disposed:false
1568 silly fetch manifest is-extglob@^2.1.1
1569 silly packumentCache full:https://registry.npmjs.org/is-extglob cache-miss
1570 http fetch GET 200 https://registry.npmjs.org/acorn-jsx 68ms (cache miss)
1571 silly packumentCache full:https://registry.npmjs.org/acorn-jsx set size:undefined disposed:false
1572 silly fetch manifest argparse@^2.0.1
1573 silly packumentCache full:https://registry.npmjs.org/argparse cache-miss
1574 http fetch GET 200 https://registry.npmjs.org/resolve-from 56ms (cache miss)
1575 silly packumentCache full:https://registry.npmjs.org/resolve-from set size:undefined disposed:false
1576 silly fetch manifest prelude-ls@^1.2.1
1577 silly packumentCache full:https://registry.npmjs.org/prelude-ls cache-miss
1578 http fetch GET 200 https://registry.npmjs.org/@humanwhocodes%2fobject-schema 177ms (cache miss)
1579 silly packumentCache full:https://registry.npmjs.org/@humanwhocodes%2fobject-schema set size:undefined disposed:false
1580 silly fetch manifest type-check@~0.4.0
1581 silly packumentCache full:https://registry.npmjs.org/type-check cache-miss
1582 http fetch GET 200 https://registry.npmjs.org/is-extglob 62ms (cache miss)
1583 silly packumentCache full:https://registry.npmjs.org/is-extglob set size:undefined disposed:false
1584 silly fetch manifest brace-expansion@^1.1.7
1585 silly packumentCache full:https://registry.npmjs.org/brace-expansion cache-miss
1586 http fetch GET 200 https://registry.npmjs.org/parent-module 65ms (cache miss)
1587 silly packumentCache full:https://registry.npmjs.org/parent-module set size:undefined disposed:false
1588 silly fetch manifest prelude-ls@^1.2.1
1589 silly packumentCache full:https://registry.npmjs.org/prelude-ls cache-miss
1590 http fetch GET 200 https://registry.npmjs.org/prelude-ls 67ms (cache miss)
1591 silly packumentCache full:https://registry.npmjs.org/prelude-ls set size:undefined disposed:false
1592 silly fetch manifest deep-is@^0.1.3
1593 silly packumentCache full:https://registry.npmjs.org/deep-is cache-miss
1594 http fetch GET 200 https://registry.npmjs.org/argparse 97ms (cache miss)
1595 silly packumentCache full:https://registry.npmjs.org/argparse set size:undefined disposed:false
1596 silly fetch manifest word-wrap@^1.2.5
1597 silly packumentCache full:https://registry.npmjs.org/word-wrap cache-miss
1598 http fetch GET 200 https://registry.npmjs.org/flat-cache 159ms (cache miss)
1599 silly packumentCache full:https://registry.npmjs.org/flat-cache set size:undefined disposed:false
1600 silly fetch manifest type-check@^0.4.0
1601 silly packumentCache full:https://registry.npmjs.org/type-check cache-miss
1602 http fetch GET 200 https://registry.npmjs.org/type-check 88ms (cache miss)
1603 silly packumentCache full:https://registry.npmjs.org/type-check set size:undefined disposed:false
1604 silly fetch manifest fast-levenshtein@^2.0.6
1605 silly packumentCache full:https://registry.npmjs.org/fast-levenshtein cache-miss
1606 http fetch GET 200 https://registry.npmjs.org/prelude-ls 82ms (cache miss)
1607 silly packumentCache full:https://registry.npmjs.org/prelude-ls set size:undefined disposed:false
1608 silly fetch manifest ansi-regex@^5.0.1
1609 silly packumentCache full:https://registry.npmjs.org/ansi-regex cache-miss
1610 http fetch GET 200 https://registry.npmjs.org/deep-is 60ms (cache miss)
1611 silly packumentCache full:https://registry.npmjs.org/deep-is set size:undefined disposed:false
1612 http fetch GET 200 https://registry.npmjs.org/word-wrap 56ms (cache miss)
1613 silly packumentCache full:https://registry.npmjs.org/word-wrap set size:undefined disposed:false
1614 http fetch GET 200 https://registry.npmjs.org/type-check 53ms (cache miss)
1615 silly packumentCache full:https://registry.npmjs.org/type-check set size:undefined disposed:false
1616 http fetch GET 200 https://registry.npmjs.org/brace-expansion 115ms (cache miss)
1617 silly packumentCache full:https://registry.npmjs.org/brace-expansion set size:undefined disposed:false
1618 http fetch GET 200 https://registry.npmjs.org/fast-levenshtein 61ms (cache miss)
1619 silly packumentCache full:https://registry.npmjs.org/fast-levenshtein set size:undefined disposed:false
1620 http fetch GET 200 https://registry.npmjs.org/ansi-regex 68ms (cache miss)
1621 silly packumentCache full:https://registry.npmjs.org/ansi-regex set size:undefined disposed:false
1622 http fetch GET 200 https://registry.npmjs.org/type-fest 395ms (cache miss)
1623 silly packumentCache full:https://registry.npmjs.org/type-fest set size:undefined disposed:false
1624 silly placeDep node_modules/.pnpm/minimist@1.2.8/node_modules/minimist/node_modules/eslint-utils eslint-visitor-keys@2.1.0 OK for: eslint-utils@3.0.0 want: ^2.0.0
1625 silly placeDep ROOT type-fest@0.20.2 OK for: globals@13.24.0 want: ^0.20.2
1626 silly placeDep node_modules/.pnpm/ms@2.1.3/node_modules/ms ajv@5.5.2 OK for: eslint@4.18.2 want: ^5.3.0
1627 silly placeDep ROOT babel-code-frame@6.26.0 OK for: eslint@4.18.2 want: ^6.22.0
1628 silly placeDep node_modules/.pnpm/ms@2.1.3/node_modules/ms chalk@2.4.2 OK for: eslint@4.18.2 want: ^2.1.0
1629 silly placeDep ROOT concat-stream@1.6.2 OK for: eslint@4.18.2 want: ^1.6.0
1630 silly placeDep node_modules/.pnpm/ms@2.1.3/node_modules/ms cross-spawn@5.1.0 OK for: eslint@4.18.2 want: ^5.1.0
1631 silly placeDep node_modules/.pnpm/ms@2.1.3/node_modules/ms debug@3.2.7 OK for: eslint@4.18.2 want: ^3.1.0
1632 silly placeDep node_modules/.pnpm/ms@2.1.3/node_modules/ms doctrine@2.1.0 OK for: eslint@4.18.2 want: ^2.1.0
1633 silly placeDep node_modules/.pnpm/ms@2.1.3/node_modules/ms eslint-scope@3.7.3 OK for: eslint@4.18.2 want: ^3.7.1
1634 silly placeDep node_modules/.pnpm/ms@2.1.3/node_modules/ms eslint-visitor-keys@1.3.0 OK for: eslint@4.18.2 want: ^1.0.0
1635 silly placeDep node_modules/.pnpm/ms@2.1.3/node_modules/ms espree@3.5.4 OK for: eslint@4.18.2 want: ^3.5.2
1636 silly placeDep node_modules/.pnpm/ms@2.1.3/node_modules/ms file-entry-cache@2.0.0 OK for: eslint@4.18.2 want: ^2.0.0
1637 silly placeDep node_modules/.pnpm/ms@2.1.3/node_modules/ms glob@7.2.3 OK for: eslint@4.18.2 want: ^7.1.2
1638 silly placeDep node_modules/.pnpm/ms@2.1.3/node_modules/ms globals@11.12.0 OK for: eslint@4.18.2 want: ^11.0.1
1639 silly placeDep node_modules/.pnpm/ms@2.1.3/node_modules/ms ignore@3.3.10 OK for: eslint@4.18.2 want: ^3.3.3
1640 silly placeDep ROOT inquirer@3.3.0 OK for: eslint@4.18.2 want: ^3.0.6
1641 silly placeDep ROOT is-resolvable@1.1.0 OK for: eslint@4.18.2 want: ^1.0.0
1642 silly placeDep node_modules/.pnpm/ms@2.1.3/node_modules/ms js-yaml@3.15.2 OK for: eslint@4.18.2 want: ^3.9.1
1643 silly placeDep node_modules/.pnpm/ms@2.1.3/node_modules/ms levn@0.3.0 OK for: eslint@4.18.2 want: ^0.3.0
1644 silly placeDep ROOT lodash@4.18.1 OK for: eslint@4.18.2 want: ^4.17.4
1645 silly placeDep ROOT mkdirp@0.5.6 OK for: eslint@4.18.2 want: ^0.5.1
1646 silly placeDep node_modules/.pnpm/ms@2.1.3/node_modules/ms optionator@0.8.3 OK for: eslint@4.18.2 want: ^0.8.2
1647 silly placeDep ROOT path-is-inside@1.0.2 OK for: eslint@4.18.2 want: ^1.0.2
1648 silly placeDep ROOT pluralize@7.0.0 OK for: eslint@4.18.2 want: ^7.0.0
1649 silly placeDep ROOT progress@2.0.3 OK for: eslint@4.18.2 want: ^2.0.0
1650 silly placeDep ROOT require-uncached@1.0.3 OK for: eslint@4.18.2 want: ^1.0.3
1651 silly placeDep ROOT semver@5.7.2 OK for: eslint@4.18.2 want: ^5.3.0
1652 silly placeDep node_modules/.pnpm/ms@2.1.3/node_modules/ms strip-ansi@4.0.0 OK for: eslint@4.18.2 want: ^4.0.0
1653 silly placeDep node_modules/.pnpm/ms@2.1.3/node_modules/ms strip-json-comments@2.0.1 OK for: eslint@4.18.2 want: ~2.0.1
1654 silly placeDep ROOT table@4.0.2 OK for: eslint@4.18.2 want: 4.0.2
1655 silly fetch manifest co@^4.6.0
1656 silly packumentCache full:https://registry.npmjs.org/co cache-miss
1657 silly fetch manifest fast-deep-equal@^1.0.0
1658 silly packumentCache full:https://registry.npmjs.org/fast-deep-equal cache-hit
1659 silly fetch manifest json-schema-traverse@^0.3.0
1660 silly packumentCache full:https://registry.npmjs.org/json-schema-traverse cache-miss
1661 silly fetch manifest chalk@^1.1.3
1662 silly packumentCache full:https://registry.npmjs.org/chalk cache-hit
1663 silly fetch manifest js-tokens@^3.0.2
1664 silly packumentCache full:https://registry.npmjs.org/js-tokens cache-miss
1665 silly fetch manifest ansi-styles@^3.2.1
1666 silly packumentCache full:https://registry.npmjs.org/ansi-styles cache-miss
1667 silly fetch manifest supports-color@^5.3.0
1668 silly packumentCache full:https://registry.npmjs.org/supports-color cache-hit
1669 silly fetch manifest escape-string-regexp@^1.0.5
1670 silly packumentCache full:https://registry.npmjs.org/escape-string-regexp cache-hit
1671 silly fetch manifest inherits@^2.0.3
1672 silly packumentCache full:https://registry.npmjs.org/inherits cache-miss
1673 silly fetch manifest readable-stream@^2.2.2
1674 silly packumentCache full:https://registry.npmjs.org/readable-stream cache-miss
1675 silly fetch manifest typedarray@^0.0.6
1676 silly packumentCache full:https://registry.npmjs.org/typedarray cache-miss
1677 http cache https://registry.npmjs.org/json-schema-traverse 9ms (cache hit)
1678 silly packumentCache full:https://registry.npmjs.org/json-schema-traverse set size:23537 disposed:false
1679 silly fetch manifest which@^1.2.9
1680 silly packumentCache full:https://registry.npmjs.org/which cache-hit
1681 silly fetch manifest lru-cache@^4.0.1
1682 silly packumentCache full:https://registry.npmjs.org/lru-cache cache-miss
1683 http cache https://registry.npmjs.org/ansi-styles 10ms (cache hit)
1684 silly packumentCache full:https://registry.npmjs.org/ansi-styles set size:71772 disposed:false
1685 silly fetch manifest shebang-command@^1.2.0
1686 silly packumentCache full:https://registry.npmjs.org/shebang-command cache-miss
1687 http cache https://registry.npmjs.org/inherits 10ms (cache hit)
1688 silly packumentCache full:https://registry.npmjs.org/inherits set size:12925 disposed:false
1689 silly fetch manifest esrecurse@^4.1.0
1690 silly packumentCache full:https://registry.npmjs.org/esrecurse cache-miss
1691 http cache https://registry.npmjs.org/shebang-command 4ms (cache hit)
1692 silly packumentCache full:https://registry.npmjs.org/shebang-command set size:8525 disposed:false
1693 silly fetch manifest estraverse@^4.1.1
1694 silly packumentCache full:https://registry.npmjs.org/estraverse cache-miss
1695 http cache https://registry.npmjs.org/esrecurse 3ms (cache hit)
1696 silly packumentCache full:https://registry.npmjs.org/esrecurse set size:29005 disposed:false
1697 silly fetch manifest acorn@^5.5.0
1698 silly packumentCache full:https://registry.npmjs.org/acorn cache-hit
1699 silly fetch manifest acorn-jsx@^3.0.0
1700 silly packumentCache full:https://registry.npmjs.org/acorn-jsx cache-miss
1701 http cache https://registry.npmjs.org/estraverse 5ms (cache hit)
1702 silly packumentCache full:https://registry.npmjs.org/estraverse set size:62412 disposed:false
1703 silly fetch manifest flat-cache@^1.2.1
1704 silly packumentCache full:https://registry.npmjs.org/flat-cache cache-miss
1705 http cache https://registry.npmjs.org/acorn-jsx 4ms (cache hit)
1706 silly packumentCache full:https://registry.npmjs.org/acorn-jsx set size:71068 disposed:false
1707 silly fetch manifest object-assign@^4.0.1
1708 silly packumentCache full:https://registry.npmjs.org/object-assign cache-miss
1709 http cache https://registry.npmjs.org/flat-cache 4ms (cache hit)
1710 silly packumentCache full:https://registry.npmjs.org/flat-cache set size:160097 disposed:false
1711 silly fetch manifest once@^1.3.0
1712 silly packumentCache full:https://registry.npmjs.org/once cache-miss
1713 http fetch GET 200 https://registry.npmjs.org/co 71ms (cache miss)
1714 silly packumentCache full:https://registry.npmjs.org/co set size:undefined disposed:false
1715 silly fetch manifest inflight@^1.0.4
1716 silly packumentCache full:https://registry.npmjs.org/inflight cache-miss
1717 http fetch GET 200 https://registry.npmjs.org/once 71ms (cache miss)
1718 silly packumentCache full:https://registry.npmjs.org/once set size:undefined disposed:false
1719 silly fetch manifest inherits@2
1720 silly packumentCache full:https://registry.npmjs.org/inherits cache-hit
1721 silly fetch manifest fs.realpath@^1.0.0
1722 silly packumentCache full:https://registry.npmjs.org/fs.realpath cache-miss
1723 http fetch GET 200 https://registry.npmjs.org/js-tokens 138ms (cache miss)
1724 silly packumentCache full:https://registry.npmjs.org/js-tokens set size:undefined disposed:false
1725 silly fetch manifest path-is-absolute@^1.0.0
1726 silly packumentCache full:https://registry.npmjs.org/path-is-absolute cache-miss
1727 http fetch GET 200 https://registry.npmjs.org/object-assign 118ms (cache miss)
1728 silly packumentCache full:https://registry.npmjs.org/object-assign set size:undefined disposed:false
1729 silly fetch manifest chalk@^2.0.0
1730 silly packumentCache full:https://registry.npmjs.org/chalk cache-hit
1731 silly fetch manifest lodash@^4.3.0
1732 silly packumentCache full:https://registry.npmjs.org/lodash cache-miss
1733 http fetch GET 200 https://registry.npmjs.org/typedarray 139ms (cache miss)
1734 silly packumentCache full:https://registry.npmjs.org/typedarray set size:undefined disposed:false
1735 silly fetch manifest figures@^2.0.0
1736 silly packumentCache full:https://registry.npmjs.org/figures cache-miss
1737 http cache https://registry.npmjs.org/lodash 4ms (cache hit)
1738 silly packumentCache full:https://registry.npmjs.org/lodash set size:247678 disposed:false
1739 silly fetch manifest rx-lite@^4.0.8
1740 silly packumentCache full:https://registry.npmjs.org/rx-lite cache-miss
1741 http fetch GET 200 https://registry.npmjs.org/inflight 95ms (cache miss)
1742 silly packumentCache full:https://registry.npmjs.org/inflight set size:undefined disposed:false
1743 silly fetch manifest through@^2.3.6
1744 silly packumentCache full:https://registry.npmjs.org/through cache-miss
1745 http fetch GET 200 https://registry.npmjs.org/fs.realpath 88ms (cache miss)
1746 silly packumentCache full:https://registry.npmjs.org/fs.realpath set size:undefined disposed:false
1747 silly fetch manifest cli-width@^2.0.0
1748 silly packumentCache full:https://registry.npmjs.org/cli-width cache-miss
1749 http fetch GET 200 https://registry.npmjs.org/readable-stream 186ms (cache miss)
1750 silly packumentCache full:https://registry.npmjs.org/readable-stream set size:undefined disposed:false
1751 silly fetch manifest run-async@^2.2.0
1752 silly packumentCache full:https://registry.npmjs.org/run-async cache-miss
1753 http fetch GET 200 https://registry.npmjs.org/path-is-absolute 79ms (cache miss)
1754 silly packumentCache full:https://registry.npmjs.org/path-is-absolute set size:undefined disposed:false
1755 silly fetch manifest cli-cursor@^2.1.0
1756 silly packumentCache full:https://registry.npmjs.org/cli-cursor cache-miss
1757 http fetch GET 200 https://registry.npmjs.org/figures 79ms (cache miss)
1758 silly packumentCache full:https://registry.npmjs.org/figures set size:undefined disposed:false
1759 silly fetch manifest mute-stream@0.0.7
1760 silly packumentCache full:https://registry.npmjs.org/mute-stream cache-miss
1761 http fetch GET 200 https://registry.npmjs.org/rx-lite 75ms (cache miss)
1762 silly packumentCache full:https://registry.npmjs.org/rx-lite set size:undefined disposed:false
1763 silly fetch manifest ansi-escapes@^3.0.0
1764 silly packumentCache full:https://registry.npmjs.org/ansi-escapes cache-miss
1765 http fetch GET 200 https://registry.npmjs.org/through 71ms (cache miss)
1766 silly packumentCache full:https://registry.npmjs.org/through set size:undefined disposed:false
1767 silly fetch manifest string-width@^2.1.0
1768 silly packumentCache full:https://registry.npmjs.org/string-width cache-miss
1769 http fetch GET 200 https://registry.npmjs.org/lru-cache 246ms (cache miss)
1770 silly packumentCache full:https://registry.npmjs.org/lru-cache set size:undefined disposed:false
1771 silly fetch manifest external-editor@^2.0.4
1772 silly packumentCache full:https://registry.npmjs.org/external-editor cache-miss
1773 http fetch GET 200 https://registry.npmjs.org/cli-width 103ms (cache miss)
1774 silly packumentCache full:https://registry.npmjs.org/cli-width set size:undefined disposed:false
1775 silly fetch manifest rx-lite-aggregates@^4.0.8
1776 silly packumentCache full:https://registry.npmjs.org/rx-lite-aggregates cache-miss
1777 http fetch GET 200 https://registry.npmjs.org/run-async 102ms (cache miss)
1778 silly packumentCache full:https://registry.npmjs.org/run-async set size:undefined disposed:false
1779 silly fetch manifest esprima@^4.0.0
1780 silly packumentCache full:https://registry.npmjs.org/esprima cache-miss
1781 http fetch GET 200 https://registry.npmjs.org/mute-stream 72ms (cache miss)
1782 silly packumentCache full:https://registry.npmjs.org/mute-stream set size:undefined disposed:false
1783 silly fetch manifest argparse@^1.0.7
1784 silly packumentCache full:https://registry.npmjs.org/argparse cache-miss
1785 http fetch GET 200 https://registry.npmjs.org/cli-cursor 78ms (cache miss)
1786 silly packumentCache full:https://registry.npmjs.org/cli-cursor set size:undefined disposed:false
1787 silly fetch manifest prelude-ls@~1.1.2
1788 silly packumentCache full:https://registry.npmjs.org/prelude-ls cache-miss
1789 http cache https://registry.npmjs.org/argparse 6ms (cache hit)
1790 silly packumentCache full:https://registry.npmjs.org/argparse set size:55000 disposed:false
1791 silly fetch manifest type-check@~0.3.2
1792 silly packumentCache full:https://registry.npmjs.org/type-check cache-miss
1793 http cache https://registry.npmjs.org/prelude-ls 6ms (cache hit)
1794 silly packumentCache full:https://registry.npmjs.org/prelude-ls set size:25777 disposed:false
1795 silly fetch manifest minimist@^1.2.6
1796 silly packumentCache full:https://registry.npmjs.org/minimist cache-miss
1797 http fetch GET 200 https://registry.npmjs.org/ansi-escapes 81ms (cache miss)
1798 silly packumentCache full:https://registry.npmjs.org/ansi-escapes set size:undefined disposed:false
1799 silly fetch manifest deep-is@~0.1.3
1800 silly packumentCache full:https://registry.npmjs.org/deep-is cache-miss
1801 http cache https://registry.npmjs.org/type-check 7ms (cache hit)
1802 silly packumentCache full:https://registry.npmjs.org/type-check set size:21221 disposed:false
1803 silly fetch manifest word-wrap@~1.2.3
1804 silly packumentCache full:https://registry.npmjs.org/word-wrap cache-miss
1805 http cache https://registry.npmjs.org/minimist 6ms (cache hit)
1806 silly packumentCache full:https://registry.npmjs.org/minimist set size:77063 disposed:false
1807 silly fetch manifest fast-levenshtein@~2.0.6
1808 silly packumentCache full:https://registry.npmjs.org/fast-levenshtein cache-miss
1809 http cache https://registry.npmjs.org/deep-is 7ms (cache hit)
1810 silly packumentCache full:https://registry.npmjs.org/deep-is set size:10205 disposed:false
1811 silly fetch manifest caller-path@^0.1.0
1812 silly packumentCache full:https://registry.npmjs.org/caller-path cache-miss
1813 http cache https://registry.npmjs.org/word-wrap 7ms (cache hit)
1814 silly packumentCache full:https://registry.npmjs.org/word-wrap set size:37835 disposed:false
1815 silly fetch manifest resolve-from@^1.0.0
1816 silly packumentCache full:https://registry.npmjs.org/resolve-from cache-miss
1817 http cache https://registry.npmjs.org/fast-levenshtein 7ms (cache hit)
1818 silly packumentCache full:https://registry.npmjs.org/fast-levenshtein set size:39317 disposed:false
1819 silly fetch manifest ansi-regex@^3.0.0
1820 silly packumentCache full:https://registry.npmjs.org/ansi-regex cache-miss
1821 http fetch GET 200 https://registry.npmjs.org/string-width 82ms (cache miss)
1822 silly packumentCache full:https://registry.npmjs.org/string-width set size:undefined disposed:false
1823 silly fetch manifest ajv@^5.2.3
1824 silly packumentCache full:https://registry.npmjs.org/ajv cache-miss
1825 http cache https://registry.npmjs.org/resolve-from 6ms (cache hit)
1826 silly packumentCache full:https://registry.npmjs.org/resolve-from set size:12911 disposed:false
1827 silly fetch manifest slice-ansi@1.0.0
1828 silly packumentCache full:https://registry.npmjs.org/slice-ansi cache-miss
1829 http cache https://registry.npmjs.org/ajv 7ms (cache hit)
1830 silly packumentCache full:https://registry.npmjs.org/ajv set size:1142658 disposed:false
1831 silly fetch manifest ajv-keywords@^2.1.0
1832 silly packumentCache full:https://registry.npmjs.org/ajv-keywords cache-miss
1833 http cache https://registry.npmjs.org/ansi-regex 22ms (cache hit)
1834 silly packumentCache full:https://registry.npmjs.org/ansi-regex set size:50305 disposed:false
1835 silly fetch manifest string-width@^2.1.1
1836 silly packumentCache full:https://registry.npmjs.org/string-width cache-miss
1837 http cache https://registry.npmjs.org/string-width 3ms (cache hit)
1838 silly packumentCache full:https://registry.npmjs.org/string-width set size:74702 disposed:false
1839 http fetch GET 200 https://registry.npmjs.org/external-editor 106ms (cache miss)
1840 silly packumentCache full:https://registry.npmjs.org/external-editor set size:undefined disposed:false
1841 http fetch GET 200 https://registry.npmjs.org/esprima 88ms (cache miss)
1842 silly packumentCache full:https://registry.npmjs.org/esprima set size:undefined disposed:false
1843 http fetch GET 200 https://registry.npmjs.org/slice-ansi 86ms (cache miss)
1844 silly packumentCache full:https://registry.npmjs.org/slice-ansi set size:undefined disposed:false
1845 http fetch GET 200 https://registry.npmjs.org/rx-lite-aggregates 151ms (cache miss)
1846 silly packumentCache full:https://registry.npmjs.org/rx-lite-aggregates set size:undefined disposed:false
1847 http fetch GET 200 https://registry.npmjs.org/caller-path 138ms (cache miss)
1848 silly packumentCache full:https://registry.npmjs.org/caller-path set size:undefined disposed:false
1849 http fetch GET 200 https://registry.npmjs.org/ajv-keywords 175ms (cache miss)
1850 silly packumentCache full:https://registry.npmjs.org/ajv-keywords set size:undefined disposed:false
1851 silly placeDep ROOT co@4.6.0 OK for: ajv@5.5.2 want: ^4.6.0
1852 silly placeDep node_modules/.pnpm/ms@2.1.3/node_modules/ms fast-deep-equal@1.1.0 OK for: ajv@5.5.2 want: ^1.0.0
1853 silly placeDep ROOT fast-json-stable-stringify@2.1.0 OK for: ajv@5.5.2 want: ^2.0.0
1854 silly placeDep ROOT json-schema-traverse@0.3.1 OK for: ajv@5.5.2 want: ^0.3.0
1855 silly placeDep ROOT ansi-styles@3.2.1 OK for: chalk@2.4.2 want: ^3.2.1
1856 silly placeDep node_modules/.pnpm/ms@2.1.3/node_modules/ms escape-string-regexp@1.0.5 OK for: chalk@2.4.2 want: ^1.0.5
1857 silly placeDep ROOT supports-color@5.5.0 OK for: chalk@2.4.2 want: ^5.3.0
1858 silly fetch manifest color-convert@^1.9.0
1859 silly packumentCache full:https://registry.npmjs.org/color-convert cache-miss
1860 silly fetch manifest has-flag@^3.0.0
1861 silly packumentCache full:https://registry.npmjs.org/has-flag cache-miss
1862 http fetch GET 200 https://registry.npmjs.org/has-flag 39ms (cache miss)
1863 silly packumentCache full:https://registry.npmjs.org/has-flag set size:undefined disposed:false
1864 http fetch GET 200 https://registry.npmjs.org/color-convert 47ms (cache miss)
1865 silly packumentCache full:https://registry.npmjs.org/color-convert set size:undefined disposed:false
1866 silly placeDep ROOT lru-cache@4.1.5 OK for: cross-spawn@5.1.0 want: ^4.0.1
1867 silly placeDep ROOT shebang-command@1.2.0 OK for: cross-spawn@5.1.0 want: ^1.2.0
1868 silly placeDep node_modules/.pnpm/ms@2.1.3/node_modules/ms which@1.3.1 OK for: cross-spawn@5.1.0 want: ^1.2.9
1869 silly fetch manifest yallist@^2.1.2
1870 silly packumentCache full:https://registry.npmjs.org/yallist cache-miss
1871 silly fetch manifest pseudomap@^1.0.2
1872 silly packumentCache full:https://registry.npmjs.org/pseudomap cache-miss
1873 silly fetch manifest shebang-regex@^1.0.0
1874 silly packumentCache full:https://registry.npmjs.org/shebang-regex cache-miss
1875 http fetch GET 200 https://registry.npmjs.org/shebang-regex 39ms (cache miss)
1876 silly packumentCache full:https://registry.npmjs.org/shebang-regex set size:undefined disposed:false
1877 http fetch GET 200 https://registry.npmjs.org/yallist 53ms (cache miss)
1878 silly packumentCache full:https://registry.npmjs.org/yallist set size:undefined disposed:false
1879 http fetch GET 200 https://registry.npmjs.org/pseudomap 127ms (cache miss)
1880 silly packumentCache full:https://registry.npmjs.org/pseudomap set size:undefined disposed:false
1881 silly placeDep ROOT esrecurse@4.3.0 OK for: eslint-scope@3.7.3 want: ^4.1.0
1882 silly placeDep ROOT estraverse@4.3.0 OK for: eslint-scope@3.7.3 want: ^4.1.1
1883 silly placeDep ROOT acorn@5.7.4 OK for: espree@3.5.4 want: ^5.5.0
1884 silly placeDep ROOT acorn-jsx@3.0.1 OK for: espree@3.5.4 want: ^3.0.0
1885 silly fetch manifest acorn@^3.0.4
1886 silly packumentCache full:https://registry.npmjs.org/acorn cache-hit
1887 silly placeDep ROOT flat-cache@1.3.4 OK for: file-entry-cache@2.0.0 want: ^1.2.1
1888 silly placeDep ROOT object-assign@4.1.1 OK for: file-entry-cache@2.0.0 want: ^4.0.1
1889 silly fetch manifest write@^0.2.1
1890 silly packumentCache full:https://registry.npmjs.org/write cache-miss
1891 silly fetch manifest rimraf@~2.6.2
1892 silly packumentCache full:https://registry.npmjs.org/rimraf cache-miss
1893 silly fetch manifest graceful-fs@^4.1.2
1894 silly packumentCache full:https://registry.npmjs.org/graceful-fs cache-miss
1895 silly fetch manifest circular-json@^0.3.1
1896 silly packumentCache full:https://registry.npmjs.org/circular-json cache-miss
1897 http cache https://registry.npmjs.org/rimraf 5ms (cache hit)
1898 silly packumentCache full:https://registry.npmjs.org/rimraf set size:212626 disposed:false
1899 http fetch GET 200 https://registry.npmjs.org/write 66ms (cache miss)
1900 silly packumentCache full:https://registry.npmjs.org/write set size:undefined disposed:false
1901 http fetch GET 200 https://registry.npmjs.org/graceful-fs 75ms (cache miss)
1902 silly packumentCache full:https://registry.npmjs.org/graceful-fs set size:undefined disposed:false
1903 http fetch GET 200 https://registry.npmjs.org/circular-json 137ms (cache miss)
1904 silly packumentCache full:https://registry.npmjs.org/circular-json set size:undefined disposed:false
1905 silly placeDep ROOT fs.realpath@1.0.0 OK for: glob@7.2.3 want: ^1.0.0
1906 silly placeDep ROOT inflight@1.0.6 OK for: glob@7.2.3 want: ^1.0.4
1907 silly placeDep ROOT inherits@2.0.4 OK for: glob@7.2.3 want: 2
1908 silly placeDep ROOT once@1.4.0 OK for: glob@7.2.3 want: ^1.3.0
1909 silly placeDep ROOT path-is-absolute@1.0.1 OK for: glob@7.2.3 want: ^1.0.0
1910 silly fetch manifest wrappy@1
1911 silly packumentCache full:https://registry.npmjs.org/wrappy cache-miss
1912 silly fetch manifest wrappy@1
1913 silly packumentCache full:https://registry.npmjs.org/wrappy cache-miss
1914 http fetch GET 200 https://registry.npmjs.org/wrappy 56ms (cache miss)
1915 silly packumentCache full:https://registry.npmjs.org/wrappy set size:undefined disposed:false
1916 http fetch GET 200 https://registry.npmjs.org/wrappy 57ms (cache miss)
1917 silly packumentCache full:https://registry.npmjs.org/wrappy set size:undefined disposed:false
1918 silly placeDep ROOT argparse@1.0.10 OK for: js-yaml@3.15.2 want: ^1.0.7
1919 silly placeDep ROOT esprima@4.0.1 OK for: js-yaml@3.15.2 want: ^4.0.0
1920 silly fetch manifest sprintf-js@~1.0.2
1921 silly packumentCache full:https://registry.npmjs.org/sprintf-js cache-miss
1922 http fetch GET 200 https://registry.npmjs.org/sprintf-js 40ms (cache miss)
1923 silly packumentCache full:https://registry.npmjs.org/sprintf-js set size:undefined disposed:false
1924 silly placeDep ROOT prelude-ls@1.1.2 OK for: levn@0.3.0 want: ~1.1.2
1925 silly placeDep ROOT type-check@0.3.2 OK for: levn@0.3.0 want: ~0.3.2
1926 silly placeDep ROOT browser-stdout@1.3.0 OK for: mocha@4.0.1 want: 1.3.0
1927 silly placeDep ROOT commander@2.11.0 OK for: mocha@4.0.1 want: 2.11.0
1928 silly placeDep node_modules/.pnpm/ms@2.1.3/node_modules/ms/node_modules/mocha debug@3.1.0 OK for: mocha@4.0.1 want: 3.1.0
1929 silly placeDep node_modules/.pnpm/ms@2.1.3/node_modules/ms diff@3.3.1 OK for: mocha@4.0.1 want: 3.3.1
1930 silly placeDep node_modules/.pnpm/ms@2.1.3/node_modules/ms/node_modules/mocha glob@7.1.2 OK for: mocha@4.0.1 want: 7.1.2
1931 silly placeDep ROOT growl@1.10.3 OK for: mocha@4.0.1 want: 1.10.3
1932 silly placeDep ROOT he@1.1.1 OK for: mocha@4.0.1 want: 1.1.1
1933 silly placeDep node_modules/.pnpm mkdirp@0.5.1 OK for: mocha@4.0.1 want: 0.5.1
1934 silly placeDep node_modules/.pnpm/ms@2.1.3/node_modules/ms/node_modules/mocha supports-color@4.4.0 OK for: mocha@4.0.1 want: 4.4.0
1935 silly fetch manifest ms@2.0.0
1936 silly packumentCache full:https://registry.npmjs.org/ms cache-miss
1937 silly fetch manifest minimist@0.0.8
1938 silly packumentCache full:https://registry.npmjs.org/minimist cache-hit
1939 silly fetch manifest has-flag@^2.0.0
1940 silly packumentCache full:https://registry.npmjs.org/has-flag cache-miss
1941 http cache https://registry.npmjs.org/has-flag 3ms (cache hit)
1942 silly packumentCache full:https://registry.npmjs.org/has-flag set size:15180 disposed:false
1943 http cache https://registry.npmjs.org/ms 4ms (cache hit)
1944 silly packumentCache full:https://registry.npmjs.org/ms set size:92208 disposed:false
1945 silly placeDep ROOT deep-is@0.1.4 OK for: optionator@0.8.3 want: ~0.1.3
1946 silly placeDep ROOT fast-levenshtein@2.0.6 OK for: optionator@0.8.3 want: ~2.0.6
1947 silly placeDep ROOT word-wrap@1.2.5 OK for: optionator@0.8.3 want: ~1.2.3
1948 silly placeDep ROOT ansi-regex@3.0.1 OK for: strip-ansi@4.0.0 want: ^3.0.0
1949 silly placeDep ROOT isexe@2.0.0 OK for: which@1.3.1 want: ^2.0.0
1950 silly placeDep ROOT @esbuild/aix-ppc64@0.25.12 OK for: esbuild@0.25.12 want: 0.25.12
1951 silly placeDep ROOT @esbuild/android-arm@0.25.12 OK for: esbuild@0.25.12 want: 0.25.12
1952 silly placeDep ROOT @esbuild/android-arm64@0.25.12 OK for: esbuild@0.25.12 want: 0.25.12
1953 silly placeDep ROOT @esbuild/android-x64@0.25.12 OK for: esbuild@0.25.12 want: 0.25.12
1954 silly placeDep ROOT @esbuild/darwin-arm64@0.25.12 OK for: esbuild@0.25.12 want: 0.25.12
1955 silly placeDep ROOT @esbuild/darwin-x64@0.25.12 OK for: esbuild@0.25.12 want: 0.25.12
1956 silly placeDep ROOT @esbuild/freebsd-arm64@0.25.12 OK for: esbuild@0.25.12 want: 0.25.12
1957 silly placeDep ROOT @esbuild/freebsd-x64@0.25.12 OK for: esbuild@0.25.12 want: 0.25.12
1958 silly placeDep ROOT @esbuild/linux-arm@0.25.12 OK for: esbuild@0.25.12 want: 0.25.12
1959 silly placeDep ROOT @esbuild/linux-arm64@0.25.12 OK for: esbuild@0.25.12 want: 0.25.12
1960 silly placeDep ROOT @esbuild/linux-ia32@0.25.12 OK for: esbuild@0.25.12 want: 0.25.12
1961 silly placeDep ROOT @esbuild/linux-loong64@0.25.12 OK for: esbuild@0.25.12 want: 0.25.12
1962 silly placeDep ROOT @esbuild/linux-mips64el@0.25.12 OK for: esbuild@0.25.12 want: 0.25.12
1963 silly placeDep ROOT @esbuild/linux-ppc64@0.25.12 OK for: esbuild@0.25.12 want: 0.25.12
1964 silly placeDep ROOT @esbuild/linux-riscv64@0.25.12 OK for: esbuild@0.25.12 want: 0.25.12
1965 silly placeDep ROOT @esbuild/linux-s390x@0.25.12 OK for: esbuild@0.25.12 want: 0.25.12
1966 silly placeDep ROOT @esbuild/linux-x64@0.25.12 OK for: esbuild@0.25.12 want: 0.25.12
1967 silly placeDep ROOT @esbuild/netbsd-arm64@0.25.12 OK for: esbuild@0.25.12 want: 0.25.12
1968 silly placeDep ROOT @esbuild/netbsd-x64@0.25.12 OK for: esbuild@0.25.12 want: 0.25.12
1969 silly placeDep ROOT @esbuild/openbsd-arm64@0.25.12 OK for: esbuild@0.25.12 want: 0.25.12
1970 silly placeDep ROOT @esbuild/openbsd-x64@0.25.12 OK for: esbuild@0.25.12 want: 0.25.12
1971 silly placeDep ROOT @esbuild/openharmony-arm64@0.25.12 OK for: esbuild@0.25.12 want: 0.25.12
1972 silly placeDep ROOT @esbuild/sunos-x64@0.25.12 OK for: esbuild@0.25.12 want: 0.25.12
1973 silly placeDep ROOT @esbuild/win32-arm64@0.25.12 OK for: esbuild@0.25.12 want: 0.25.12
1974 silly placeDep ROOT @esbuild/win32-ia32@0.25.12 OK for: esbuild@0.25.12 want: 0.25.12
1975 silly placeDep ROOT @esbuild/win32-x64@0.25.12 OK for: esbuild@0.25.12 want: 0.25.12
1976 silly fetch manifest @esbuild/aix-ppc64@0.28.2
1977 silly packumentCache full:https://registry.npmjs.org/@esbuild%2faix-ppc64 cache-miss
1978 http cache https://registry.npmjs.org/@esbuild%2faix-ppc64 3ms (cache hit)
1979 silly packumentCache full:https://registry.npmjs.org/@esbuild%2faix-ppc64 set size:67797 disposed:false
1980 silly fetch manifest @esbuild/android-arm@0.28.2
1981 silly packumentCache full:https://registry.npmjs.org/@esbuild%2fandroid-arm cache-miss
1982 http cache https://registry.npmjs.org/@esbuild%2fandroid-arm 3ms (cache hit)
1983 silly packumentCache full:https://registry.npmjs.org/@esbuild%2fandroid-arm set size:225217 disposed:false
1984 silly fetch manifest @esbuild/android-arm64@0.28.2
1985 silly packumentCache full:https://registry.npmjs.org/@esbuild%2fandroid-arm64 cache-miss
1986 http cache https://registry.npmjs.org/@esbuild%2fandroid-arm64 3ms (cache hit)
1987 silly packumentCache full:https://registry.npmjs.org/@esbuild%2fandroid-arm64 set size:204216 disposed:false
1988 silly fetch manifest @esbuild/android-x64@0.28.2
1989 silly packumentCache full:https://registry.npmjs.org/@esbuild%2fandroid-x64 cache-miss
1990 http cache https://registry.npmjs.org/@esbuild%2fandroid-x64 2ms (cache hit)
1991 silly packumentCache full:https://registry.npmjs.org/@esbuild%2fandroid-x64 set size:199017 disposed:false
1992 silly fetch manifest @esbuild/darwin-arm64@0.28.2
1993 silly packumentCache full:https://registry.npmjs.org/@esbuild%2fdarwin-arm64 cache-miss
1994 http cache https://registry.npmjs.org/@esbuild%2fdarwin-arm64 2ms (cache hit)
1995 silly packumentCache full:https://registry.npmjs.org/@esbuild%2fdarwin-arm64 set size:201471 disposed:false
1996 silly fetch manifest @esbuild/darwin-x64@0.28.2
1997 silly packumentCache full:https://registry.npmjs.org/@esbuild%2fdarwin-x64 cache-miss
1998 http cache https://registry.npmjs.org/@esbuild%2fdarwin-x64 3ms (cache hit)
1999 silly packumentCache full:https://registry.npmjs.org/@esbuild%2fdarwin-x64 set size:199670 disposed:false
2000 silly fetch manifest @esbuild/freebsd-arm64@0.28.2
2001 silly packumentCache full:https://registry.npmjs.org/@esbuild%2ffreebsd-arm64 cache-miss
2002 http cache https://registry.npmjs.org/@esbuild%2ffreebsd-arm64 3ms (cache hit)
2003 silly packumentCache full:https://registry.npmjs.org/@esbuild%2ffreebsd-arm64 set size:202383 disposed:false
2004 silly fetch manifest @esbuild/freebsd-x64@0.28.2
2005 silly packumentCache full:https://registry.npmjs.org/@esbuild%2ffreebsd-x64 cache-miss
2006 http cache https://registry.npmjs.org/@esbuild%2ffreebsd-x64 2ms (cache hit)
2007 silly packumentCache full:https://registry.npmjs.org/@esbuild%2ffreebsd-x64 set size:200565 disposed:false
2008 silly fetch manifest @esbuild/linux-arm@0.28.2
2009 silly packumentCache full:https://registry.npmjs.org/@esbuild%2flinux-arm cache-miss
2010 http cache https://registry.npmjs.org/@esbuild%2flinux-arm 2ms (cache hit)
2011 silly packumentCache full:https://registry.npmjs.org/@esbuild%2flinux-arm set size:198596 disposed:false
2012 silly fetch manifest @esbuild/linux-arm64@0.28.2
2013 silly packumentCache full:https://registry.npmjs.org/@esbuild%2flinux-arm64 cache-miss
2014 http cache https://registry.npmjs.org/@esbuild%2flinux-arm64 2ms (cache hit)
2015 silly packumentCache full:https://registry.npmjs.org/@esbuild%2flinux-arm64 set size:200773 disposed:false
2016 silly fetch manifest @esbuild/linux-ia32@0.28.2
2017 silly packumentCache full:https://registry.npmjs.org/@esbuild%2flinux-ia32 cache-miss
2018 http cache https://registry.npmjs.org/@esbuild%2flinux-ia32 2ms (cache hit)
2019 silly packumentCache full:https://registry.npmjs.org/@esbuild%2flinux-ia32 set size:199625 disposed:false
2020 silly fetch manifest @esbuild/linux-loong64@0.28.2
2021 silly packumentCache full:https://registry.npmjs.org/@esbuild%2flinux-loong64 cache-miss
2022 http cache https://registry.npmjs.org/@esbuild%2flinux-loong64 2ms (cache hit)
2023 silly packumentCache full:https://registry.npmjs.org/@esbuild%2flinux-loong64 set size:255749 disposed:false
2024 silly fetch manifest @esbuild/linux-mips64el@0.28.2
2025 silly packumentCache full:https://registry.npmjs.org/@esbuild%2flinux-mips64el cache-miss
2026 http cache https://registry.npmjs.org/@esbuild%2flinux-mips64el 2ms (cache hit)
2027 silly packumentCache full:https://registry.npmjs.org/@esbuild%2flinux-mips64el set size:204633 disposed:false
2028 silly fetch manifest @esbuild/linux-ppc64@0.28.2
2029 silly packumentCache full:https://registry.npmjs.org/@esbuild%2flinux-ppc64 cache-miss
2030 http cache https://registry.npmjs.org/@esbuild%2flinux-ppc64 3ms (cache hit)
2031 silly packumentCache full:https://registry.npmjs.org/@esbuild%2flinux-ppc64 set size:202845 disposed:false
2032 silly fetch manifest @esbuild/linux-riscv64@0.28.2
2033 silly packumentCache full:https://registry.npmjs.org/@esbuild%2flinux-riscv64 cache-miss
2034 http cache https://registry.npmjs.org/@esbuild%2flinux-riscv64 2ms (cache hit)
2035 silly packumentCache full:https://registry.npmjs.org/@esbuild%2flinux-riscv64 set size:202512 disposed:false
2036 silly fetch manifest @esbuild/linux-s390x@0.28.2
2037 silly packumentCache full:https://registry.npmjs.org/@esbuild%2flinux-s390x cache-miss
2038 http cache https://registry.npmjs.org/@esbuild%2flinux-s390x 2ms (cache hit)
2039 silly packumentCache full:https://registry.npmjs.org/@esbuild%2flinux-s390x set size:202310 disposed:false
2040 silly fetch manifest @esbuild/netbsd-arm64@0.28.2
2041 silly packumentCache full:https://registry.npmjs.org/@esbuild%2fnetbsd-arm64 cache-miss
2042 http cache https://registry.npmjs.org/@esbuild%2fnetbsd-arm64 2ms (cache hit)
2043 silly packumentCache full:https://registry.npmjs.org/@esbuild%2fnetbsd-arm64 set size:44308 disposed:false
2044 silly fetch manifest @esbuild/netbsd-x64@0.28.2
2045 silly packumentCache full:https://registry.npmjs.org/@esbuild%2fnetbsd-x64 cache-miss
2046 http cache https://registry.npmjs.org/@esbuild%2fnetbsd-x64 2ms (cache hit)
2047 silly packumentCache full:https://registry.npmjs.org/@esbuild%2fnetbsd-x64 set size:197314 disposed:false
2048 silly fetch manifest @esbuild/openbsd-arm64@0.28.2
2049 silly packumentCache full:https://registry.npmjs.org/@esbuild%2fopenbsd-arm64 cache-miss
2050 http cache https://registry.npmjs.org/@esbuild%2fopenbsd-arm64 2ms (cache hit)
2051 silly packumentCache full:https://registry.npmjs.org/@esbuild%2fopenbsd-arm64 set size:49642 disposed:false
2052 silly fetch manifest @esbuild/openbsd-x64@0.28.2
2053 silly packumentCache full:https://registry.npmjs.org/@esbuild%2fopenbsd-x64 cache-miss
2054 http cache https://registry.npmjs.org/@esbuild%2fopenbsd-x64 3ms (cache hit)
2055 silly packumentCache full:https://registry.npmjs.org/@esbuild%2fopenbsd-x64 set size:200576 disposed:false
2056 silly fetch manifest @esbuild/openharmony-arm64@0.28.2
2057 silly packumentCache full:https://registry.npmjs.org/@esbuild%2fopenharmony-arm64 cache-miss
2058 http cache https://registry.npmjs.org/@esbuild%2fopenharmony-arm64 2ms (cache hit)
2059 silly packumentCache full:https://registry.npmjs.org/@esbuild%2fopenharmony-arm64 set size:33054 disposed:false
2060 silly fetch manifest @esbuild/sunos-x64@0.28.2
2061 silly packumentCache full:https://registry.npmjs.org/@esbuild%2fsunos-x64 cache-miss
2062 http cache https://registry.npmjs.org/@esbuild%2fsunos-x64 2ms (cache hit)
2063 silly packumentCache full:https://registry.npmjs.org/@esbuild%2fsunos-x64 set size:199187 disposed:false
2064 silly fetch manifest @esbuild/win32-arm64@0.28.2
2065 silly packumentCache full:https://registry.npmjs.org/@esbuild%2fwin32-arm64 cache-miss
2066 http cache https://registry.npmjs.org/@esbuild%2fwin32-arm64 2ms (cache hit)
2067 silly packumentCache full:https://registry.npmjs.org/@esbuild%2fwin32-arm64 set size:201005 disposed:false
2068 silly fetch manifest @esbuild/win32-ia32@0.28.2
2069 silly packumentCache full:https://registry.npmjs.org/@esbuild%2fwin32-ia32 cache-miss
2070 http cache https://registry.npmjs.org/@esbuild%2fwin32-ia32 2ms (cache hit)
2071 silly packumentCache full:https://registry.npmjs.org/@esbuild%2fwin32-ia32 set size:199854 disposed:false
2072 silly fetch manifest @esbuild/win32-x64@0.28.2
2073 silly packumentCache full:https://registry.npmjs.org/@esbuild%2fwin32-x64 cache-miss
2074 http cache https://registry.npmjs.org/@esbuild%2fwin32-x64 2ms (cache hit)
2075 silly packumentCache full:https://registry.npmjs.org/@esbuild%2fwin32-x64 set size:197540 disposed:false
2076 silly placeDep node_modules/.pnpm/esbuild@0.28.2 @esbuild/aix-ppc64@0.28.2 OK for: esbuild@0.28.2 want: 0.28.2
2077 silly placeDep node_modules/.pnpm/esbuild@0.28.2 @esbuild/android-arm@0.28.2 OK for: esbuild@0.28.2 want: 0.28.2
2078 silly placeDep node_modules/.pnpm/esbuild@0.28.2 @esbuild/android-arm64@0.28.2 OK for: esbuild@0.28.2 want: 0.28.2
2079 silly placeDep node_modules/.pnpm/esbuild@0.28.2 @esbuild/android-x64@0.28.2 OK for: esbuild@0.28.2 want: 0.28.2
2080 silly placeDep node_modules/.pnpm/esbuild@0.28.2 @esbuild/darwin-arm64@0.28.2 OK for: esbuild@0.28.2 want: 0.28.2
2081 silly placeDep node_modules/.pnpm/esbuild@0.28.2 @esbuild/darwin-x64@0.28.2 OK for: esbuild@0.28.2 want: 0.28.2
2082 silly placeDep node_modules/.pnpm/esbuild@0.28.2 @esbuild/freebsd-arm64@0.28.2 OK for: esbuild@0.28.2 want: 0.28.2
2083 silly placeDep node_modules/.pnpm/esbuild@0.28.2 @esbuild/freebsd-x64@0.28.2 OK for: esbuild@0.28.2 want: 0.28.2
2084 silly placeDep node_modules/.pnpm/esbuild@0.28.2 @esbuild/linux-arm@0.28.2 OK for: esbuild@0.28.2 want: 0.28.2
2085 silly placeDep node_modules/.pnpm/esbuild@0.28.2 @esbuild/linux-arm64@0.28.2 OK for: esbuild@0.28.2 want: 0.28.2
2086 silly placeDep node_modules/.pnpm/esbuild@0.28.2 @esbuild/linux-ia32@0.28.2 OK for: esbuild@0.28.2 want: 0.28.2
2087 silly placeDep node_modules/.pnpm/esbuild@0.28.2 @esbuild/linux-loong64@0.28.2 OK for: esbuild@0.28.2 want: 0.28.2
2088 silly placeDep node_modules/.pnpm/esbuild@0.28.2 @esbuild/linux-mips64el@0.28.2 OK for: esbuild@0.28.2 want: 0.28.2
2089 silly placeDep node_modules/.pnpm/esbuild@0.28.2 @esbuild/linux-ppc64@0.28.2 OK for: esbuild@0.28.2 want: 0.28.2
2090 silly placeDep node_modules/.pnpm/esbuild@0.28.2 @esbuild/linux-riscv64@0.28.2 OK for: esbuild@0.28.2 want: 0.28.2
2091 silly placeDep node_modules/.pnpm/esbuild@0.28.2 @esbuild/linux-s390x@0.28.2 OK for: esbuild@0.28.2 want: 0.28.2
2092 silly placeDep node_modules/.pnpm/esbuild@0.28.2 @esbuild/netbsd-arm64@0.28.2 OK for: esbuild@0.28.2 want: 0.28.2
2093 silly placeDep node_modules/.pnpm/esbuild@0.28.2 @esbuild/netbsd-x64@0.28.2 OK for: esbuild@0.28.2 want: 0.28.2
2094 silly placeDep node_modules/.pnpm/esbuild@0.28.2 @esbuild/openbsd-arm64@0.28.2 OK for: esbuild@0.28.2 want: 0.28.2
2095 silly placeDep node_modules/.pnpm/esbuild@0.28.2 @esbuild/openbsd-x64@0.28.2 OK for: esbuild@0.28.2 want: 0.28.2
2096 silly placeDep node_modules/.pnpm/esbuild@0.28.2 @esbuild/openharmony-arm64@0.28.2 OK for: esbuild@0.28.2 want: 0.28.2
2097 silly placeDep node_modules/.pnpm/esbuild@0.28.2 @esbuild/sunos-x64@0.28.2 OK for: esbuild@0.28.2 want: 0.28.2
2098 silly placeDep node_modules/.pnpm/esbuild@0.28.2 @esbuild/win32-arm64@0.28.2 OK for: esbuild@0.28.2 want: 0.28.2
2099 silly placeDep node_modules/.pnpm/esbuild@0.28.2 @esbuild/win32-ia32@0.28.2 OK for: esbuild@0.28.2 want: 0.28.2
2100 silly placeDep node_modules/.pnpm/esbuild@0.28.2 @esbuild/win32-x64@0.28.2 OK for: esbuild@0.28.2 want: 0.28.2
2101 silly placeDep ROOT @esfx/cancelable@1.0.0 OK for: @esfx/canceltoken@1.0.0 want: ^1.0.0
2102 silly placeDep ROOT @esfx/disposable@1.0.0 OK for: @esfx/canceltoken@1.0.0 want: ^1.0.0
2103 silly placeDep ROOT tslib@2.8.1 OK for: @esfx/canceltoken@1.0.0 want: ^2.4.0
2104 silly placeDep node_modules/@eslint/eslintrc globals@13.24.0 OK for: @eslint/eslintrc@2.1.4 want: ^13.19.0
2105 silly placeDep ROOT @humanwhocodes/object-schema@1.2.1 OK for: @humanwhocodes/config-array@0.9.5 want: ^1.2.1
2106 silly placeDep ROOT @octokit/core@6.1.6 OK for: @octokit/rest@21.1.1 want: ^6.1.4
2107 silly placeDep ROOT @octokit/plugin-paginate-rest@11.6.0 OK for: @octokit/rest@21.1.1 want: ^11.4.2
2108 silly placeDep ROOT @octokit/plugin-request-log@5.3.1 OK for: @octokit/rest@21.1.1 want: ^5.3.1
2109 silly placeDep ROOT @octokit/plugin-rest-endpoint-methods@13.5.0 OK for: @octokit/rest@21.1.1 want: ^13.3.0
2110 silly fetch manifest @octokit/types@^14.0.0
2111 silly packumentCache full:https://registry.npmjs.org/@octokit%2ftypes cache-miss
2112 silly fetch manifest @octokit/graphql@^8.2.2
2113 silly packumentCache full:https://registry.npmjs.org/@octokit%2fgraphql cache-miss
2114 silly fetch manifest @octokit/request@^9.2.3
2115 silly packumentCache full:https://registry.npmjs.org/@octokit%2frequest cache-miss
2116 silly fetch manifest before-after-hook@^3.0.2
2117 silly packumentCache full:https://registry.npmjs.org/before-after-hook cache-miss
2118 silly fetch manifest @octokit/auth-token@^5.0.0
2119 silly packumentCache full:https://registry.npmjs.org/@octokit%2fauth-token cache-miss
2120 silly fetch manifest universal-user-agent@^7.0.0
2121 silly packumentCache full:https://registry.npmjs.org/universal-user-agent cache-miss
2122 silly fetch manifest @octokit/request-error@^6.1.8
2123 silly packumentCache full:https://registry.npmjs.org/@octokit%2frequest-error cache-miss
2124 http fetch GET 200 https://registry.npmjs.org/universal-user-agent 71ms (cache miss)
2125 silly packumentCache full:https://registry.npmjs.org/universal-user-agent set size:undefined disposed:false
2126 silly fetch manifest @octokit/types@^13.10.0
2127 silly packumentCache full:https://registry.npmjs.org/@octokit%2ftypes cache-miss
2128 http fetch GET 200 https://registry.npmjs.org/before-after-hook 76ms (cache miss)
2129 silly packumentCache full:https://registry.npmjs.org/before-after-hook set size:undefined disposed:false
2130 silly fetch manifest @octokit/types@^13.10.0
2131 silly packumentCache full:https://registry.npmjs.org/@octokit%2ftypes cache-miss
2132 http fetch GET 200 https://registry.npmjs.org/@octokit%2fgraphql 182ms (cache miss)
2133 silly packumentCache full:https://registry.npmjs.org/@octokit%2fgraphql set size:undefined disposed:false
2134 http fetch GET 200 https://registry.npmjs.org/@octokit%2frequest 183ms (cache miss)
2135 silly packumentCache full:https://registry.npmjs.org/@octokit%2frequest set size:undefined disposed:false
2136 http fetch GET 200 https://registry.npmjs.org/@octokit%2frequest-error 217ms (cache miss)
2137 silly packumentCache full:https://registry.npmjs.org/@octokit%2frequest-error set size:undefined disposed:false
2138 http fetch GET 200 https://registry.npmjs.org/@octokit%2fauth-token 223ms (cache miss)
2139 silly packumentCache full:https://registry.npmjs.org/@octokit%2fauth-token set size:undefined disposed:false
2140 http fetch GET 200 https://registry.npmjs.org/@octokit%2ftypes 336ms (cache miss)
2141 silly packumentCache full:https://registry.npmjs.org/@octokit%2ftypes set size:undefined disposed:false
2142 http fetch GET 200 https://registry.npmjs.org/@octokit%2ftypes 434ms (cache miss)
2143 silly packumentCache full:https://registry.npmjs.org/@octokit%2ftypes set size:undefined disposed:false
2144 http fetch GET 200 https://registry.npmjs.org/@octokit%2ftypes 401ms (cache miss)
2145 silly packumentCache full:https://registry.npmjs.org/@octokit%2ftypes set size:undefined disposed:false
2146 silly placeDep ROOT @octokit/auth-token@5.1.2 OK for: @octokit/core@6.1.6 want: ^5.0.0
2147 silly placeDep ROOT @octokit/graphql@8.2.2 OK for: @octokit/core@6.1.6 want: ^8.2.2
2148 silly placeDep ROOT @octokit/request@9.2.4 OK for: @octokit/core@6.1.6 want: ^9.2.3
2149 silly placeDep ROOT @octokit/request-error@6.1.8 OK for: @octokit/core@6.1.6 want: ^6.1.8
2150 silly placeDep ROOT @octokit/types@14.1.0 OK for: @octokit/core@6.1.6 want: ^14.0.0
2151 silly placeDep ROOT before-after-hook@3.0.2 OK for: @octokit/core@6.1.6 want: ^3.0.2
2152 silly placeDep ROOT universal-user-agent@7.0.3 OK for: @octokit/core@6.1.6 want: ^7.0.0
2153 silly fetch manifest @octokit/endpoint@^10.1.4
2154 silly packumentCache full:https://registry.npmjs.org/@octokit%2fendpoint cache-miss
2155 silly fetch manifest universal-user-agent@^7.0.2
2156 silly packumentCache full:https://registry.npmjs.org/universal-user-agent cache-miss
2157 silly fetch manifest fast-content-type-parse@^2.0.0
2158 silly packumentCache full:https://registry.npmjs.org/fast-content-type-parse cache-miss
2159 silly fetch manifest @octokit/openapi-types@^25.1.0
2160 silly packumentCache full:https://registry.npmjs.org/@octokit%2fopenapi-types cache-miss
2161 http cache https://registry.npmjs.org/universal-user-agent 5ms (cache hit)
2162 silly packumentCache full:https://registry.npmjs.org/universal-user-agent set size:44336 disposed:false
2163 http fetch GET 200 https://registry.npmjs.org/fast-content-type-parse 137ms (cache miss)
2164 silly packumentCache full:https://registry.npmjs.org/fast-content-type-parse set size:undefined disposed:false
2165 http fetch GET 200 https://registry.npmjs.org/@octokit%2fendpoint 173ms (cache miss)
2166 silly packumentCache full:https://registry.npmjs.org/@octokit%2fendpoint set size:undefined disposed:false
2167 http fetch GET 200 https://registry.npmjs.org/@octokit%2fopenapi-types 286ms (cache miss)
2168 silly packumentCache full:https://registry.npmjs.org/@octokit%2fopenapi-types set size:undefined disposed:false
2169 silly placeDep node_modules/@octokit/plugin-paginate-rest @octokit/types@13.10.0 OK for: @octokit/plugin-paginate-rest@11.6.0 want: ^13.10.0
2170 silly fetch manifest @octokit/openapi-types@^24.2.0
2171 silly packumentCache full:https://registry.npmjs.org/@octokit%2fopenapi-types cache-miss
2172 http cache https://registry.npmjs.org/@octokit%2fopenapi-types 4ms (cache hit)
2173 silly packumentCache full:https://registry.npmjs.org/@octokit%2fopenapi-types set size:402155 disposed:false
2174 silly placeDep node_modules/@octokit/plugin-rest-endpoint-methods @octokit/types@13.10.0 OK for: @octokit/plugin-rest-endpoint-methods@13.5.0 want: ^13.10.0
2175 silly placeDep ROOT @octokit/endpoint@10.1.4 OK for: @octokit/request@9.2.4 want: ^10.1.4
2176 silly placeDep ROOT fast-content-type-parse@2.0.1 OK for: @octokit/request@9.2.4 want: ^2.0.0
2177 silly placeDep ROOT @octokit/openapi-types@25.1.0 OK for: @octokit/types@14.1.0 want: ^25.1.0
2178 silly placeDep ROOT undici-types@8.9.0 OK for: @types/node@26.6.4 want: ~8.9.0
2179 silly placeDep ROOT source-map@0.6.1 OK for: @types/source-map-support@0.5.10 want: ^0.6.0
2180 silly placeDep node_modules/acorn-jsx acorn@3.3.0 OK for: acorn-jsx@3.0.1 want: ^3.0.4
2181 silly placeDep node_modules/ajv json-schema-traverse@0.4.1 OK for: ajv@6.15.0 want: ^0.4.1
2182 silly placeDep ROOT uri-js@4.4.1 OK for: ajv@6.15.0 want: ^4.2.2
2183 silly fetch manifest punycode@^2.1.0
2184 silly packumentCache full:https://registry.npmjs.org/punycode cache-miss
2185 http fetch GET 200 https://registry.npmjs.org/punycode 46ms (cache miss)
2186 silly packumentCache full:https://registry.npmjs.org/punycode set size:undefined disposed:false
2187 silly placeDep ROOT color-convert@1.9.3 OK for: ansi-styles@3.2.1 want: ^1.9.0
2188 silly fetch manifest color-name@1.1.3
2189 silly packumentCache full:https://registry.npmjs.org/color-name cache-miss
2190 http fetch GET 200 https://registry.npmjs.org/color-name 45ms (cache miss)
2191 silly packumentCache full:https://registry.npmjs.org/color-name set size:undefined disposed:false
2192 silly placeDep ROOT sprintf-js@1.0.3 OK for: argparse@1.0.10 want: ~1.0.2
2193 silly placeDep ROOT colors@1.4.0 OK for: aud@2.0.5 want: =1.4.0
2194 silly placeDep ROOT find-package-json@1.2.0 OK for: aud@2.0.5 want: ^1.2.0
2195 silly placeDep ROOT libnpx@10.2.4 OK for: aud@2.0.5 want: ^10.2.4
2196 silly placeDep ROOT node-cleanup@2.1.2 OK for: aud@2.0.5 want: ^2.1.2
2197 silly placeDep ROOT npm-lockfile@3.0.7 OK for: aud@2.0.5 want: ^3.0.7
2198 silly placeDep ROOT rimraf@3.0.2 OK for: aud@2.0.5 want: ^3.0.2
2199 silly placeDep node_modules/aud semver@7.8.5 OK for: aud@2.0.5 want: ^7.6.3
2200 silly placeDep ROOT tmp@0.2.1 OK for: aud@2.0.5 want: =0.2.1
2201 silly fetch manifest y18n@^4.0.0
2202 silly packumentCache full:https://registry.npmjs.org/y18n cache-miss
2203 silly fetch manifest which@^1.3.0
2204 silly packumentCache full:https://registry.npmjs.org/which cache-hit
2205 silly fetch manifest yargs@^14.2.3
2206 silly packumentCache full:https://registry.npmjs.org/yargs cache-hit
2207 silly fetch manifest dotenv@^5.0.1
2208 silly packumentCache full:https://registry.npmjs.org/dotenv cache-miss
2209 silly fetch manifest rimraf@^2.6.2
2210 silly packumentCache full:https://registry.npmjs.org/rimraf cache-hit
2211 silly fetch manifest safe-buffer@^5.1.0
2212 silly packumentCache full:https://registry.npmjs.org/safe-buffer cache-miss
2213 silly fetch manifest npm-package-arg@^6.0.0
2214 silly packumentCache full:https://registry.npmjs.org/npm-package-arg cache-miss
2215 silly fetch manifest update-notifier@^2.3.0
2216 silly packumentCache full:https://registry.npmjs.org/update-notifier cache-miss
2217 silly fetch manifest pacote@=13.6.0
2218 silly packumentCache full:https://registry.npmjs.org/pacote cache-miss
2219 silly fetch manifest object-inspect@^1.12.3
2220 silly packumentCache full:https://registry.npmjs.org/object-inspect cache-miss
2221 http cache https://registry.npmjs.org/object-inspect 5ms (cache hit)
2222 silly packumentCache full:https://registry.npmjs.org/object-inspect set size:101927 disposed:false
2223 silly fetch manifest @npmcli/arborist@=5.2.1
2224 silly packumentCache full:https://registry.npmjs.org/@npmcli%2farborist cache-miss
2225 http fetch GET 200 https://registry.npmjs.org/safe-buffer 151ms (cache miss)
2226 silly packumentCache full:https://registry.npmjs.org/safe-buffer set size:undefined disposed:false
2227 silly fetch manifest glob@^7.1.3
2228 silly packumentCache full:https://registry.npmjs.org/glob cache-hit
2229 http fetch GET 200 https://registry.npmjs.org/y18n 154ms (cache miss)
2230 silly packumentCache full:https://registry.npmjs.org/y18n set size:undefined disposed:false
2231 http fetch GET 200 https://registry.npmjs.org/npm-package-arg 153ms (cache miss)
2232 silly packumentCache full:https://registry.npmjs.org/npm-package-arg set size:undefined disposed:false
2233 http fetch GET 200 https://registry.npmjs.org/dotenv 217ms (cache miss)
2234 silly packumentCache full:https://registry.npmjs.org/dotenv set size:undefined disposed:false
2235 http fetch GET 200 https://registry.npmjs.org/pacote 224ms (cache miss)
2236 silly packumentCache full:https://registry.npmjs.org/pacote set size:undefined disposed:false
2237 http fetch GET 200 https://registry.npmjs.org/update-notifier 252ms (cache miss)
2238 silly packumentCache full:https://registry.npmjs.org/update-notifier set size:undefined disposed:false
2239 http fetch GET 200 https://registry.npmjs.org/@npmcli%2farborist 411ms (cache miss)
2240 silly packumentCache full:https://registry.npmjs.org/@npmcli%2farborist set size:undefined disposed:false
2241 silly fetch manifest rimraf@^2.5.0
2242 silly packumentCache full:https://registry.npmjs.org/rimraf cache-hit
2243 silly fetch manifest tap@^10.3.0
2244 silly packumentCache full:https://registry.npmjs.org/tap cache-miss
2245 http fetch GET 200 https://registry.npmjs.org/tap 437ms (cache miss)
2246 silly packumentCache full:https://registry.npmjs.org/tap set size:undefined disposed:false
2247 silly placeDep node_modules/.pnpm rimraf@2.7.1 OK for: isexe@2.0.0 want: ^2.5.0
2248 silly placeDep ROOT tap@10.7.3 OK for: isexe@2.0.0 want: ^10.3.0
2249 silly fetch manifest nyc@^11.3.0
2250 silly packumentCache full:https://registry.npmjs.org/nyc cache-miss
2251 silly fetch manifest glob@^7.0.0
2252 silly packumentCache full:https://registry.npmjs.org/glob cache-hit
2253 silly fetch manifest tsame@^1.1.2
2254 silly packumentCache full:https://registry.npmjs.org/tsame cache-miss
2255 silly fetch manifest opener@^1.4.1
2256 silly packumentCache full:https://registry.npmjs.org/opener cache-miss
2257 silly fetch manifest own-or@^1.0.0
2258 silly packumentCache full:https://registry.npmjs.org/own-or cache-miss
2259 silly fetch manifest tmatch@^3.1.0
2260 silly packumentCache full:https://registry.npmjs.org/tmatch cache-miss
2261 silly fetch manifest yapool@^1.0.0
2262 silly packumentCache full:https://registry.npmjs.org/yapool cache-miss
2263 silly fetch manifest js-yaml@^3.10.0
2264 silly packumentCache full:https://registry.npmjs.org/js-yaml cache-hit
2265 silly fetch manifest bluebird@^3.5.1
2266 silly packumentCache full:https://registry.npmjs.org/bluebird cache-miss
2267 http cache https://registry.npmjs.org/nyc 14ms (cache hit)
2268 silly packumentCache full:https://registry.npmjs.org/nyc set size:589789 disposed:false
2269 silly fetch manifest coveralls@^2.13.3
2270 silly packumentCache full:https://registry.npmjs.org/coveralls cache-miss
2271 http fetch GET 200 https://registry.npmjs.org/opener 51ms (cache miss)
2272 silly packumentCache full:https://registry.npmjs.org/opener set size:undefined disposed:false
2273 silly fetch manifest os-homedir@^1.0.2
2274 silly packumentCache full:https://registry.npmjs.org/os-homedir cache-miss
2275 http fetch GET 200 https://registry.npmjs.org/own-or 131ms (cache miss)
2276 silly packumentCache full:https://registry.npmjs.org/own-or set size:undefined disposed:false
2277 silly fetch manifest own-or-env@^1.0.0
2278 silly packumentCache full:https://registry.npmjs.org/own-or-env cache-miss
2279 http fetch GET 200 https://registry.npmjs.org/bluebird 129ms (cache miss)
2280 silly packumentCache full:https://registry.npmjs.org/bluebird set size:undefined disposed:false
2281 silly fetch manifest tap-parser@^5.3.1
2282 silly packumentCache full:https://registry.npmjs.org/tap-parser cache-miss
2283 http fetch GET 200 https://registry.npmjs.org/yapool 138ms (cache miss)
2284 silly packumentCache full:https://registry.npmjs.org/yapool set size:undefined disposed:false
2285 silly fetch manifest signal-exit@^3.0.0
2286 silly packumentCache full:https://registry.npmjs.org/signal-exit cache-miss
2287 http fetch GET 200 https://registry.npmjs.org/tmatch 143ms (cache miss)
2288 silly packumentCache full:https://registry.npmjs.org/tmatch set size:undefined disposed:false
2289 silly fetch manifest stack-utils@^1.0.0
2290 silly packumentCache full:https://registry.npmjs.org/stack-utils cache-miss
2291 http fetch GET 200 https://registry.npmjs.org/os-homedir 114ms (cache miss)
2292 silly packumentCache full:https://registry.npmjs.org/os-homedir set size:undefined disposed:false
2293 silly fetch manifest color-support@^1.1.0
2294 silly packumentCache full:https://registry.npmjs.org/color-support cache-miss
2295 http fetch GET 200 https://registry.npmjs.org/tsame 188ms (cache miss)
2296 silly packumentCache full:https://registry.npmjs.org/tsame set size:undefined disposed:false
2297 silly fetch manifest function-loop@^1.0.1
2298 silly packumentCache full:https://registry.npmjs.org/function-loop cache-miss
2299 http fetch GET 200 https://registry.npmjs.org/coveralls 167ms (cache miss)
2300 silly packumentCache full:https://registry.npmjs.org/coveralls set size:undefined disposed:false
2301 silly fetch manifest readable-stream@^2.3.2
2302 silly packumentCache full:https://registry.npmjs.org/readable-stream cache-miss
2303 http cache https://registry.npmjs.org/readable-stream 2ms (cache hit)
2304 silly packumentCache full:https://registry.npmjs.org/readable-stream set size:261096 disposed:false
2305 silly fetch manifest bind-obj-methods@^1.0.0
2306 silly packumentCache full:https://registry.npmjs.org/bind-obj-methods cache-miss
2307 http fetch GET 200 https://registry.npmjs.org/signal-exit 59ms (cache miss)
2308 silly packumentCache full:https://registry.npmjs.org/signal-exit set size:undefined disposed:false
2309 silly fetch manifest foreground-child@^1.3.3
2310 silly packumentCache full:https://registry.npmjs.org/foreground-child cache-hit
2311 silly fetch manifest fs-exists-cached@^1.0.0
2312 silly packumentCache full:https://registry.npmjs.org/fs-exists-cached cache-miss
2313 http fetch GET 200 https://registry.npmjs.org/stack-utils 59ms (cache miss)
2314 silly packumentCache full:https://registry.npmjs.org/stack-utils set size:undefined disposed:false
2315 silly fetch manifest trivial-deferred@^1.0.1
2316 silly packumentCache full:https://registry.npmjs.org/trivial-deferred cache-miss
2317 http fetch GET 200 https://registry.npmjs.org/color-support 45ms (cache miss)
2318 silly packumentCache full:https://registry.npmjs.org/color-support set size:undefined disposed:false
2319 silly fetch manifest clean-yaml-object@^0.1.0
2320 silly packumentCache full:https://registry.npmjs.org/clean-yaml-object cache-miss
2321 http fetch GET 200 https://registry.npmjs.org/own-or-env 116ms (cache miss)
2322 silly packumentCache full:https://registry.npmjs.org/own-or-env set size:undefined disposed:false
2323 silly fetch manifest source-map-support@^0.4.18
2324 silly packumentCache full:https://registry.npmjs.org/source-map-support cache-miss
2325 http cache https://registry.npmjs.org/source-map-support 2ms (cache hit)
2326 silly packumentCache full:https://registry.npmjs.org/source-map-support set size:125488 disposed:false
2327 silly fetch manifest tap-mocha-reporter@^3.0.6
2328 silly packumentCache full:https://registry.npmjs.org/tap-mocha-reporter cache-miss
2329 http fetch GET 200 https://registry.npmjs.org/tap-parser 171ms (cache miss)
2330 silly packumentCache full:https://registry.npmjs.org/tap-parser set size:undefined disposed:false
2331 http fetch GET 200 https://registry.npmjs.org/bind-obj-methods 126ms (cache miss)
2332 silly packumentCache full:https://registry.npmjs.org/bind-obj-methods set size:undefined disposed:false
2333 http fetch GET 200 https://registry.npmjs.org/function-loop 135ms (cache miss)
2334 silly packumentCache full:https://registry.npmjs.org/function-loop set size:undefined disposed:false
2335 http fetch GET 200 https://registry.npmjs.org/fs-exists-cached 121ms (cache miss)
2336 silly packumentCache full:https://registry.npmjs.org/fs-exists-cached set size:undefined disposed:false
2337 http fetch GET 200 https://registry.npmjs.org/clean-yaml-object 120ms (cache miss)
2338 silly packumentCache full:https://registry.npmjs.org/clean-yaml-object set size:undefined disposed:false
2339 http fetch GET 200 https://registry.npmjs.org/trivial-deferred 131ms (cache miss)
2340 silly packumentCache full:https://registry.npmjs.org/trivial-deferred set size:undefined disposed:false
2341 http fetch GET 200 https://registry.npmjs.org/tap-mocha-reporter 141ms (cache miss)
2342 silly packumentCache full:https://registry.npmjs.org/tap-mocha-reporter set size:undefined disposed:false
2343 silly placeDep node_modules/auto-changelog commander@7.2.0 OK for: auto-changelog@2.7.0 want: ^7.2.0
2344 silly placeDep ROOT handlebars@4.7.9 OK for: auto-changelog@2.7.0 want: ^4.7.9
2345 silly placeDep ROOT import-cwd@3.0.0 OK for: auto-changelog@2.7.0 want: ^3.0.0
2346 silly placeDep ROOT parse-github-url@1.0.4 OK for: auto-changelog@2.7.0 want: ^1.0.4
2347 silly placeDep node_modules/auto-changelog semver@7.8.5 OK for: auto-changelog@2.7.0 want: ^7.8.5
2348 silly fetch manifest minimist@^1.2.5
2349 silly packumentCache full:https://registry.npmjs.org/minimist cache-hit
2350 silly fetch manifest neo-async@^2.6.2
2351 silly packumentCache full:https://registry.npmjs.org/neo-async cache-miss
2352 silly fetch manifest wordwrap@^1.0.0
2353 silly packumentCache full:https://registry.npmjs.org/wordwrap cache-miss
2354 silly fetch manifest uglify-js@^3.1.4
2355 silly packumentCache full:https://registry.npmjs.org/uglify-js cache-miss
2356 silly fetch manifest import-from@^3.0.0
2357 silly packumentCache full:https://registry.npmjs.org/import-from cache-miss
2358 http fetch GET 200 https://registry.npmjs.org/wordwrap 45ms (cache miss)
2359 silly packumentCache full:https://registry.npmjs.org/wordwrap set size:undefined disposed:false
2360 http fetch GET 200 https://registry.npmjs.org/neo-async 64ms (cache miss)
2361 silly packumentCache full:https://registry.npmjs.org/neo-async set size:undefined disposed:false
2362 http fetch GET 200 https://registry.npmjs.org/import-from 128ms (cache miss)
2363 silly packumentCache full:https://registry.npmjs.org/import-from set size:undefined disposed:false
2364 http fetch GET 200 https://registry.npmjs.org/uglify-js 233ms (cache miss)
2365 silly packumentCache full:https://registry.npmjs.org/uglify-js set size:undefined disposed:false
2366 silly placeDep ROOT tunnel@0.0.6 OK for: azure-devops-node-api@14.1.0 want: 0.0.6
2367 silly placeDep ROOT typed-rest-client@2.1.0 OK for: azure-devops-node-api@14.1.0 want: 2.1.0
2368 silly fetch manifest qs@^6.10.3
2369 silly packumentCache full:https://registry.npmjs.org/qs cache-miss
2370 silly fetch manifest des.js@^1.1.0
2371 silly packumentCache full:https://registry.npmjs.org/des.js cache-miss
2372 silly fetch manifest js-md4@^0.3.2
2373 silly packumentCache full:https://registry.npmjs.org/js-md4 cache-miss
2374 silly fetch manifest underscore@^1.12.1
2375 silly packumentCache full:https://registry.npmjs.org/underscore cache-miss
2376 http fetch GET 200 https://registry.npmjs.org/des.js 43ms (cache miss)
2377 silly packumentCache full:https://registry.npmjs.org/des.js set size:undefined disposed:false
2378 http fetch GET 200 https://registry.npmjs.org/js-md4 56ms (cache miss)
2379 silly packumentCache full:https://registry.npmjs.org/js-md4 set size:undefined disposed:false
2380 http fetch GET 200 https://registry.npmjs.org/underscore 86ms (cache miss)
2381 silly packumentCache full:https://registry.npmjs.org/underscore set size:undefined disposed:false
2382 http fetch GET 200 https://registry.npmjs.org/qs 101ms (cache miss)
2383 silly packumentCache full:https://registry.npmjs.org/qs set size:undefined disposed:false
2384 silly placeDep node_modules/babel-code-frame chalk@1.1.3 OK for: babel-code-frame@6.26.0 want: ^1.1.3
2385 silly placeDep ROOT js-tokens@3.0.2 OK for: babel-code-frame@6.26.0 want: ^3.0.2
2386 silly fetch manifest has-ansi@^2.0.0
2387 silly packumentCache full:https://registry.npmjs.org/has-ansi cache-miss
2388 silly fetch manifest strip-ansi@^3.0.0
2389 silly packumentCache full:https://registry.npmjs.org/strip-ansi cache-hit
2390 silly fetch manifest ansi-styles@^2.2.1
2391 silly packumentCache full:https://registry.npmjs.org/ansi-styles cache-hit
2392 silly fetch manifest supports-color@^2.0.0
2393 silly packumentCache full:https://registry.npmjs.org/supports-color cache-hit
2394 silly fetch manifest escape-string-regexp@^1.0.2
2395 silly packumentCache full:https://registry.npmjs.org/escape-string-regexp cache-hit
2396 http fetch GET 200 https://registry.npmjs.org/has-ansi 48ms (cache miss)
2397 silly packumentCache full:https://registry.npmjs.org/has-ansi set size:undefined disposed:false
2398 silly placeDep ROOT @bcoe/v8-coverage@1.0.2 OK for: c8@10.1.3 want: ^1.0.1
2399 silly placeDep ROOT @istanbuljs/schema@0.1.6 OK for: c8@10.1.3 want: ^0.1.3
2400 silly placeDep ROOT find-up@5.0.0 OK for: c8@10.1.3 want: ^5.0.0
2401 silly placeDep ROOT foreground-child@3.3.1 OK for: c8@10.1.3 want: ^3.1.1
2402 silly placeDep ROOT istanbul-lib-coverage@3.2.2 OK for: c8@10.1.3 want: ^3.2.0
2403 silly placeDep ROOT istanbul-lib-report@3.0.1 OK for: c8@10.1.3 want: ^3.0.1
2404 silly placeDep ROOT istanbul-reports@3.2.0 OK for: c8@10.1.3 want: ^3.1.6
2405 silly placeDep ROOT test-exclude@7.0.2 OK for: c8@10.1.3 want: ^7.0.1
2406 silly placeDep ROOT v8-to-istanbul@9.3.0 OK for: c8@10.1.3 want: ^9.0.0
2407 silly placeDep ROOT yargs@17.7.3 OK for: c8@10.1.3 want: ^17.7.2
2408 silly placeDep ROOT yargs-parser@21.1.1 OK for: c8@10.1.3 want: ^21.1.1
2409 silly fetch manifest locate-path@^6.0.0
2410 silly packumentCache full:https://registry.npmjs.org/locate-path cache-miss
2411 silly fetch manifest path-exists@^4.0.0
2412 silly packumentCache full:https://registry.npmjs.org/path-exists cache-miss
2413 silly fetch manifest signal-exit@^4.0.1
2414 silly packumentCache full:https://registry.npmjs.org/signal-exit cache-miss
2415 silly fetch manifest make-dir@^4.0.0
2416 silly packumentCache full:https://registry.npmjs.org/make-dir cache-miss
2417 silly fetch manifest html-escaper@^2.0.0
2418 silly packumentCache full:https://registry.npmjs.org/html-escaper cache-miss
2419 silly fetch manifest minimatch@^10.2.2
2420 silly packumentCache full:https://registry.npmjs.org/minimatch cache-hit
2421 silly fetch manifest @jridgewell/trace-mapping@^0.3.12
2422 silly packumentCache full:https://registry.npmjs.org/@jridgewell%2ftrace-mapping cache-miss
2423 silly fetch manifest @types/istanbul-lib-coverage@^2.0.1
2424 silly packumentCache full:https://registry.npmjs.org/@types%2fistanbul-lib-coverage cache-miss
2425 http cache https://registry.npmjs.org/signal-exit 7ms (cache hit)
2426 silly packumentCache full:https://registry.npmjs.org/signal-exit set size:53489 disposed:false
2427 silly fetch manifest convert-source-map@^2.0.0
2428 silly packumentCache full:https://registry.npmjs.org/convert-source-map cache-miss
2429 http fetch GET 200 https://registry.npmjs.org/path-exists 40ms (cache miss)
2430 silly packumentCache full:https://registry.npmjs.org/path-exists set size:undefined disposed:false
2431 silly fetch manifest y18n@^5.0.5
2432 silly packumentCache full:https://registry.npmjs.org/y18n cache-miss
2433 http cache https://registry.npmjs.org/y18n 2ms (cache hit)
2434 silly packumentCache full:https://registry.npmjs.org/y18n set size:76206 disposed:false
2435 silly fetch manifest cliui@^8.0.1
2436 silly packumentCache full:https://registry.npmjs.org/cliui cache-miss
2437 http fetch GET 200 https://registry.npmjs.org/locate-path 50ms (cache miss)
2438 silly packumentCache full:https://registry.npmjs.org/locate-path set size:undefined disposed:false
2439 silly fetch manifest escalade@^3.1.1
2440 silly packumentCache full:https://registry.npmjs.org/escalade cache-miss
2441 http fetch GET 200 https://registry.npmjs.org/html-escaper 60ms (cache miss)
2442 silly packumentCache full:https://registry.npmjs.org/html-escaper set size:undefined disposed:false
2443 silly fetch manifest string-width@^4.2.3
2444 silly packumentCache full:https://registry.npmjs.org/string-width cache-hit
2445 silly fetch manifest get-caller-file@^2.0.5
2446 silly packumentCache full:https://registry.npmjs.org/get-caller-file cache-miss
2447 http fetch GET 200 https://registry.npmjs.org/make-dir 64ms (cache miss)
2448 silly packumentCache full:https://registry.npmjs.org/make-dir set size:undefined disposed:false
2449 silly fetch manifest require-directory@^2.1.1
2450 silly packumentCache full:https://registry.npmjs.org/require-directory cache-miss
2451 http fetch GET 200 https://registry.npmjs.org/convert-source-map 58ms (cache miss)
2452 silly packumentCache full:https://registry.npmjs.org/convert-source-map set size:undefined disposed:false
2453 http fetch GET 200 https://registry.npmjs.org/require-directory 47ms (cache miss)
2454 silly packumentCache full:https://registry.npmjs.org/require-directory set size:undefined disposed:false
2455 http fetch GET 200 https://registry.npmjs.org/get-caller-file 49ms (cache miss)
2456 silly packumentCache full:https://registry.npmjs.org/get-caller-file set size:undefined disposed:false
2457 http fetch GET 200 https://registry.npmjs.org/escalade 62ms (cache miss)
2458 silly packumentCache full:https://registry.npmjs.org/escalade set size:undefined disposed:false
2459 http fetch GET 200 https://registry.npmjs.org/cliui 72ms (cache miss)
2460 silly packumentCache full:https://registry.npmjs.org/cliui set size:undefined disposed:false
2461 http fetch GET 200 https://registry.npmjs.org/@types%2fistanbul-lib-coverage 131ms (cache miss)
2462 silly packumentCache full:https://registry.npmjs.org/@types%2fistanbul-lib-coverage set size:undefined disposed:false
2463 http fetch GET 200 https://registry.npmjs.org/@jridgewell%2ftrace-mapping 350ms (cache miss)
2464 silly packumentCache full:https://registry.npmjs.org/@jridgewell%2ftrace-mapping set size:undefined disposed:false
2465 silly placeDep ROOT assertion-error@1.1.0 OK for: chai@4.5.0 want: ^1.1.0
2466 silly placeDep ROOT check-error@1.0.3 OK for: chai@4.5.0 want: ^1.0.3
2467 silly placeDep ROOT deep-eql@4.1.4 OK for: chai@4.5.0 want: ^4.1.3
2468 silly placeDep ROOT get-func-name@2.0.2 OK for: chai@4.5.0 want: ^2.0.2
2469 silly placeDep ROOT loupe@2.3.7 OK for: chai@4.5.0 want: ^2.3.6
2470 silly placeDep ROOT pathval@1.1.1 OK for: chai@4.5.0 want: ^1.1.1
2471 silly placeDep ROOT type-detect@4.1.0 OK for: chai@4.5.0 want: ^4.1.0
2472 silly fetch manifest type-detect@^4.0.0
2473 silly packumentCache full:https://registry.npmjs.org/type-detect cache-miss
2474 http cache https://registry.npmjs.org/type-detect 3ms (cache hit)
2475 silly packumentCache full:https://registry.npmjs.org/type-detect set size:58804 disposed:false
2476 silly placeDep node_modules/chalk ansi-styles@4.3.0 OK for: chalk@4.1.2 want: ^4.1.0
2477 silly placeDep node_modules/chalk supports-color@7.2.0 OK for: chalk@4.1.2 want: ^7.1.0
2478 silly fetch manifest color-convert@^2.0.1
2479 silly packumentCache full:https://registry.npmjs.org/color-convert cache-miss
2480 silly fetch manifest has-flag@^4.0.0
2481 silly packumentCache full:https://registry.npmjs.org/has-flag cache-hit
2482 http cache https://registry.npmjs.org/color-convert 3ms (cache hit)
2483 silly packumentCache full:https://registry.npmjs.org/color-convert set size:72663 disposed:false
2484 silly placeDep ROOT readdirp@4.1.2 OK for: chokidar@4.0.3 want: ^4.0.1
2485 silly placeDep ROOT color-name@1.1.3 OK for: color-convert@1.9.3 want: 1.1.3
2486 silly placeDep ROOT buffer-from@1.1.2 OK for: concat-stream@1.6.2 want: ^1.0.0
2487 silly placeDep ROOT readable-stream@2.3.8 OK for: concat-stream@1.6.2 want: ^2.2.2
2488 silly placeDep ROOT typedarray@0.0.6 OK for: concat-stream@1.6.2 want: ^0.0.6
2489 silly fetch manifest isarray@~1.0.0
2490 silly packumentCache full:https://registry.npmjs.org/isarray cache-miss
2491 silly fetch manifest safe-buffer@~5.1.1
2492 silly packumentCache full:https://registry.npmjs.org/safe-buffer cache-miss
2493 silly fetch manifest core-util-is@~1.0.0
2494 silly packumentCache full:https://registry.npmjs.org/core-util-is cache-miss
2495 silly fetch manifest string_decoder@~1.1.1
2496 silly packumentCache full:https://registry.npmjs.org/string_decoder cache-miss
2497 silly fetch manifest util-deprecate@~1.0.1
2498 silly packumentCache full:https://registry.npmjs.org/util-deprecate cache-miss
2499 silly fetch manifest process-nextick-args@~2.0.0
2500 silly packumentCache full:https://registry.npmjs.org/process-nextick-args cache-miss
2501 http cache https://registry.npmjs.org/safe-buffer 6ms (cache hit)
2502 silly packumentCache full:https://registry.npmjs.org/safe-buffer set size:41183 disposed:false
2503 http fetch GET 200 https://registry.npmjs.org/core-util-is 36ms (cache miss)
2504 silly packumentCache full:https://registry.npmjs.org/core-util-is set size:undefined disposed:false
2505 http fetch GET 200 https://registry.npmjs.org/isarray 41ms (cache miss)
2506 silly packumentCache full:https://registry.npmjs.org/isarray set size:undefined disposed:false
2507 http fetch GET 200 https://registry.npmjs.org/util-deprecate 46ms (cache miss)
2508 silly packumentCache full:https://registry.npmjs.org/util-deprecate set size:undefined disposed:false
2509 http fetch GET 200 https://registry.npmjs.org/process-nextick-args 47ms (cache miss)
2510 silly packumentCache full:https://registry.npmjs.org/process-nextick-args set size:undefined disposed:false
2511 http fetch GET 200 https://registry.npmjs.org/string_decoder 47ms (cache miss)
2512 silly packumentCache full:https://registry.npmjs.org/string_decoder set size:undefined disposed:false
2513 silly placeDep ROOT path-key@3.1.1 OK for: cross-spawn@7.0.6 want: ^3.1.0
2514 silly placeDep node_modules/cross-spawn shebang-command@2.0.0 OK for: cross-spawn@7.0.6 want: ^2.0.0
2515 silly placeDep node_modules/cross-spawn which@2.0.2 OK for: cross-spawn@7.0.6 want: ^2.0.1
2516 silly fetch manifest shebang-regex@^3.0.0
2517 silly packumentCache full:https://registry.npmjs.org/shebang-regex cache-miss
2518 http cache https://registry.npmjs.org/shebang-regex 3ms (cache hit)
2519 silly packumentCache full:https://registry.npmjs.org/shebang-regex set size:9763 disposed:false
2520 silly placeDep ROOT ms@2.1.3 OK for: debug@4.4.3 want: ^2.1.3
2521 silly placeDep ROOT @dprint/darwin-arm64@0.49.1 OK for: dprint@0.49.1 want: 0.49.1
2522 silly placeDep ROOT @dprint/darwin-x64@0.49.1 OK for: dprint@0.49.1 want: 0.49.1
2523 silly placeDep ROOT @dprint/linux-arm64-glibc@0.49.1 OK for: dprint@0.49.1 want: 0.49.1
2524 silly placeDep ROOT @dprint/linux-arm64-musl@0.49.1 OK for: dprint@0.49.1 want: 0.49.1
2525 silly placeDep ROOT @dprint/linux-riscv64-glibc@0.49.1 OK for: dprint@0.49.1 want: 0.49.1
2526 silly placeDep ROOT @dprint/linux-x64-glibc@0.49.1 OK for: dprint@0.49.1 want: 0.49.1
2527 silly placeDep ROOT @dprint/linux-x64-musl@0.49.1 OK for: dprint@0.49.1 want: 0.49.1
2528 silly placeDep ROOT @dprint/win32-arm64@0.49.1 OK for: dprint@0.49.1 want: 0.49.1
2529 silly placeDep ROOT @dprint/win32-x64@0.49.1 OK for: dprint@0.49.1 want: 0.49.1
2530 silly fetch manifest eslint@^6.0.0 || ^7.0.0 || >=8.0.0
2531 silly packumentCache full:https://registry.npmjs.org/eslint cache-miss
2532 http cache https://registry.npmjs.org/eslint 13ms (cache hit)
2533 silly packumentCache full:https://registry.npmjs.org/eslint set size:2092267 disposed:false
2534 silly placeDep ROOT @eslint-community/eslint-utils@4.10.1 OK for: eslint@9.39.5 want: ^4.8.0
2535 silly placeDep ROOT @eslint-community/regexpp@4.12.2 OK for: eslint@9.39.5 want: ^4.12.1
2536 silly placeDep ROOT @eslint/config-array@0.21.2 OK for: eslint@9.39.5 want: ^0.21.2
2537 silly placeDep ROOT @eslint/config-helpers@0.4.2 OK for: eslint@9.39.5 want: ^0.4.2
2538 silly placeDep ROOT @eslint/core@0.17.0 OK for: eslint@9.39.5 want: ^0.17.0
2539 silly placeDep node_modules/eslint @eslint/eslintrc@3.3.7 OK for: eslint@9.39.5 want: ^3.3.6
2540 silly placeDep ROOT @eslint/plugin-kit@0.4.1 OK for: eslint@9.39.5 want: ^0.4.1
2541 silly placeDep ROOT @humanfs/node@0.16.8 OK for: eslint@9.39.5 want: ^0.16.6
2542 silly placeDep ROOT @humanwhocodes/module-importer@1.0.1 OK for: eslint@9.39.5 want: ^1.0.1
2543 silly placeDep ROOT @humanwhocodes/retry@0.4.3 OK for: eslint@9.39.5 want: ^0.4.2
2544 silly placeDep ROOT @types/estree@1.0.9 OK for: eslint@9.39.5 want: ^1.0.6
2545 silly placeDep node_modules/eslint eslint-scope@8.4.0 OK for: eslint@9.39.5 want: ^8.4.0
2546 silly placeDep node_modules/eslint eslint-visitor-keys@4.2.1 OK for: eslint@9.39.5 want: ^4.2.1
2547 silly placeDep node_modules/eslint espree@10.4.0 OK for: eslint@9.39.5 want: ^10.4.0
2548 silly placeDep node_modules/eslint file-entry-cache@8.0.0 OK for: eslint@9.39.5 want: ^8.0.0
2549 silly fetch manifest @eslint/object-schema@^2.1.7
2550 silly packumentCache full:https://registry.npmjs.org/@eslint%2fobject-schema cache-miss
2551 silly fetch manifest @types/json-schema@^7.0.15
2552 silly packumentCache full:https://registry.npmjs.org/@types%2fjson-schema cache-miss
2553 silly fetch manifest espree@^10.0.1
2554 silly packumentCache full:https://registry.npmjs.org/espree cache-hit
2555 silly fetch manifest globals@^14.0.0
2556 silly packumentCache full:https://registry.npmjs.org/globals cache-hit
2557 silly fetch manifest @humanfs/core@^0.19.2
2558 silly packumentCache full:https://registry.npmjs.org/@humanfs%2fcore cache-miss
2559 silly fetch manifest @humanfs/types@^0.15.0
2560 silly packumentCache full:https://registry.npmjs.org/@humanfs%2ftypes cache-miss
2561 silly fetch manifest @humanwhocodes/retry@^0.4.0
2562 silly packumentCache full:https://registry.npmjs.org/@humanwhocodes%2fretry cache-miss
2563 silly fetch manifest acorn@^8.15.0
2564 silly packumentCache full:https://registry.npmjs.org/acorn cache-hit
2565 silly fetch manifest flat-cache@^4.0.0
2566 silly packumentCache full:https://registry.npmjs.org/flat-cache cache-hit
2567 http cache https://registry.npmjs.org/@humanwhocodes%2fretry 6ms (cache hit)
2568 silly packumentCache full:https://registry.npmjs.org/@humanwhocodes%2fretry set size:42348 disposed:false
2569 http fetch GET 200 https://registry.npmjs.org/@humanfs%2fcore 59ms (cache miss)
2570 silly packumentCache full:https://registry.npmjs.org/@humanfs%2fcore set size:undefined disposed:false
2571 http fetch GET 200 https://registry.npmjs.org/@types%2fjson-schema 68ms (cache miss)
2572 silly packumentCache full:https://registry.npmjs.org/@types%2fjson-schema set size:undefined disposed:false
2573 http fetch GET 200 https://registry.npmjs.org/@humanfs%2ftypes 68ms (cache miss)
2574 silly packumentCache full:https://registry.npmjs.org/@humanfs%2ftypes set size:undefined disposed:false
2575 http fetch GET 200 https://registry.npmjs.org/@eslint%2fobject-schema 70ms (cache miss)
2576 silly packumentCache full:https://registry.npmjs.org/@eslint%2fobject-schema set size:undefined disposed:false
2577 silly placeDep ROOT @eslint/object-schema@2.1.7 OK for: @eslint/config-array@0.21.2 want: ^2.1.7
2578 silly placeDep ROOT @types/json-schema@7.0.15 OK for: @eslint/core@0.17.0 want: ^7.0.15
2579 silly placeDep ROOT @humanfs/core@0.19.2 OK for: @humanfs/node@0.16.8 want: ^0.19.2
2580 silly placeDep ROOT @humanfs/types@0.15.0 OK for: @humanfs/node@0.16.8 want: ^0.15.0
2581 silly placeDep ROOT plur@4.0.0 OK for: eslint-formatter-autolinkable-stylish@1.4.0 want: ^4.0.0
2582 silly fetch manifest irregular-plurals@^3.2.0
2583 silly packumentCache full:https://registry.npmjs.org/irregular-plurals cache-miss
2584 http fetch GET 200 https://registry.npmjs.org/irregular-plurals 128ms (cache miss)
2585 silly packumentCache full:https://registry.npmjs.org/irregular-plurals set size:undefined disposed:false
2586 silly placeDep node_modules/eslint-scope estraverse@5.3.0 OK for: eslint-scope@7.2.2 want: ^5.2.0
2587 silly placeDep node_modules/espree acorn@8.18.0 OK for: espree@9.6.1 want: ^8.9.0
2588 silly placeDep node_modules/espree acorn-jsx@5.3.2 OK for: espree@9.6.1 want: ^5.3.2
2589 silly placeDep node_modules/esquery estraverse@5.3.0 OK for: esquery@1.7.0 want: ^5.1.0
2590 silly placeDep node_modules/esrecurse estraverse@5.3.0 OK for: esrecurse@4.3.0 want: ^5.2.0
2591 silly placeDep ROOT strnum@1.1.2 OK for: fast-xml-parser@4.5.7 want: ^1.0.5
2592 silly placeDep node_modules/file-entry-cache flat-cache@3.2.0 OK for: file-entry-cache@6.0.1 want: ^3.0.4
2593 silly fetch manifest keyv@^4.5.3
2594 silly packumentCache full:https://registry.npmjs.org/keyv cache-miss
2595 silly fetch manifest flatted@^3.2.9
2596 silly packumentCache full:https://registry.npmjs.org/flatted cache-miss
2597 http fetch GET 200 https://registry.npmjs.org/flatted 66ms (cache miss)
2598 silly packumentCache full:https://registry.npmjs.org/flatted set size:undefined disposed:false
2599 http fetch GET 200 https://registry.npmjs.org/keyv 99ms (cache miss)
2600 silly packumentCache full:https://registry.npmjs.org/keyv set size:undefined disposed:false
2601 silly placeDep ROOT locate-path@6.0.0 OK for: find-up@5.0.0 want: ^6.0.0
2602 silly placeDep ROOT path-exists@4.0.0 OK for: find-up@5.0.0 want: ^4.0.0
2603 silly fetch manifest p-locate@^5.0.0
2604 silly packumentCache full:https://registry.npmjs.org/p-locate cache-miss
2605 http fetch GET 200 https://registry.npmjs.org/p-locate 41ms (cache miss)
2606 silly packumentCache full:https://registry.npmjs.org/p-locate set size:undefined disposed:false
2607 silly placeDep ROOT circular-json@0.3.3 OK for: flat-cache@1.3.4 want: ^0.3.1
2608 silly placeDep ROOT graceful-fs@4.2.11 OK for: flat-cache@1.3.4 want: ^4.1.2
2609 silly placeDep node_modules/flat-cache rimraf@2.6.3 OK for: flat-cache@1.3.4 want: ~2.6.2
2610 silly placeDep ROOT write@0.2.1 OK for: flat-cache@1.3.4 want: ^0.2.1
2611 silly placeDep ROOT signal-exit@4.1.0 OK for: foreground-child@3.3.1 want: ^4.0.1
2612 silly placeDep ROOT jackspeak@3.4.3 OK for: glob@10.5.0 want: ^3.1.2
2613 silly placeDep node_modules/glob minimatch@9.0.9 OK for: glob@10.5.0 want: ^9.0.4
2614 silly placeDep ROOT minipass@7.1.3 OK for: glob@10.5.0 want: ^7.1.2
2615 silly placeDep ROOT package-json-from-dist@1.0.1 OK for: glob@10.5.0 want: ^1.0.0
2616 silly placeDep ROOT path-scurry@1.11.1 OK for: glob@10.5.0 want: ^1.11.1
2617 silly fetch manifest @isaacs/cliui@^8.0.2
2618 silly packumentCache full:https://registry.npmjs.org/@isaacs%2fcliui cache-miss
2619 silly fetch manifest @pkgjs/parseargs@^0.11.0
2620 silly packumentCache full:https://registry.npmjs.org/@pkgjs%2fparseargs cache-miss
2621 silly fetch manifest brace-expansion@^2.0.2
2622 silly packumentCache full:https://registry.npmjs.org/brace-expansion cache-miss
2623 silly fetch manifest lru-cache@^10.2.0
2624 silly packumentCache full:https://registry.npmjs.org/lru-cache cache-miss
2625 http cache https://registry.npmjs.org/brace-expansion 4ms (cache hit)
2626 silly packumentCache full:https://registry.npmjs.org/brace-expansion set size:128514 disposed:false
2627 http cache https://registry.npmjs.org/lru-cache 7ms (cache hit)
2628 silly packumentCache full:https://registry.npmjs.org/lru-cache set size:465506 disposed:false
2629 http fetch GET 200 https://registry.npmjs.org/@isaacs%2fcliui 86ms (cache miss)
2630 silly packumentCache full:https://registry.npmjs.org/@isaacs%2fcliui set size:undefined disposed:false
2631 http fetch GET 200 https://registry.npmjs.org/@pkgjs%2fparseargs 87ms (cache miss)
2632 silly packumentCache full:https://registry.npmjs.org/@pkgjs%2fparseargs set size:undefined disposed:false
2633 silly placeDep ROOT minimist@1.2.8 OK for: handlebars@4.7.9 want: ^1.2.5
2634 silly placeDep ROOT neo-async@2.6.2 OK for: handlebars@4.7.9 want: ^2.6.2
2635 silly placeDep ROOT uglify-js@3.19.3 OK for: handlebars@4.7.9 want: ^3.1.4
2636 silly placeDep ROOT wordwrap@1.0.0 OK for: handlebars@4.7.9 want: ^1.0.0
2637 silly placeDep ROOT is-ci@1.2.1 OK for: husky@0.14.3 want: ^1.0.10
2638 silly placeDep ROOT normalize-path@1.0.0 OK for: husky@0.14.3 want: ^1.0.0
2639 silly placeDep ROOT strip-indent@2.0.0 OK for: husky@0.14.3 want: ^2.0.0
2640 silly fetch manifest ci-info@^1.5.0
2641 silly packumentCache full:https://registry.npmjs.org/ci-info cache-miss
2642 http fetch GET 200 https://registry.npmjs.org/ci-info 53ms (cache miss)
2643 silly packumentCache full:https://registry.npmjs.org/ci-info set size:undefined disposed:false
2644 silly placeDep ROOT import-from@3.0.0 OK for: import-cwd@3.0.0 want: ^3.0.0
2645 silly fetch manifest resolve-from@^5.0.0
2646 silly packumentCache full:https://registry.npmjs.org/resolve-from cache-hit
2647 silly placeDep ROOT parent-module@1.0.1 OK for: import-fresh@3.3.1 want: ^1.0.0
2648 silly placeDep ROOT resolve-from@4.0.0 OK for: import-fresh@3.3.1 want: ^4.0.0
2649 silly fetch manifest callsites@^3.0.0
2650 silly packumentCache full:https://registry.npmjs.org/callsites cache-miss
2651 http fetch GET 200 https://registry.npmjs.org/callsites 39ms (cache miss)
2652 silly packumentCache full:https://registry.npmjs.org/callsites set size:undefined disposed:false
2653 silly placeDep node_modules/import-from resolve-from@5.0.0 OK for: import-from@3.0.0 want: ^5.0.0
2654 silly placeDep ROOT wrappy@1.0.2 OK for: inflight@1.0.6 want: 1
2655 silly placeDep ROOT ansi-escapes@3.2.0 OK for: inquirer@3.3.0 want: ^3.0.0
2656 silly placeDep node_modules/inquirer chalk@2.4.2 OK for: inquirer@3.3.0 want: ^2.0.0
2657 silly placeDep ROOT cli-cursor@2.1.0 OK for: inquirer@3.3.0 want: ^2.1.0
2658 silly placeDep ROOT cli-width@2.2.1 OK for: inquirer@3.3.0 want: ^2.0.0
2659 silly placeDep ROOT external-editor@2.2.0 OK for: inquirer@3.3.0 want: ^2.0.4
2660 silly placeDep ROOT figures@2.0.0 OK for: inquirer@3.3.0 want: ^2.0.0
2661 silly placeDep ROOT mute-stream@0.0.7 OK for: inquirer@3.3.0 want: 0.0.7
2662 silly placeDep ROOT run-async@2.4.1 OK for: inquirer@3.3.0 want: ^2.2.0
2663 silly placeDep ROOT rx-lite@4.0.8 OK for: inquirer@3.3.0 want: ^4.0.8
2664 silly placeDep ROOT rx-lite-aggregates@4.0.8 OK for: inquirer@3.3.0 want: ^4.0.8
2665 silly placeDep ROOT string-width@2.1.1 OK for: inquirer@3.3.0 want: ^2.1.0
2666 silly placeDep node_modules/inquirer strip-ansi@4.0.0 OK for: inquirer@3.3.0 want: ^4.0.0
2667 silly placeDep ROOT through@2.3.8 OK for: inquirer@3.3.0 want: ^2.3.6
2668 silly fetch manifest restore-cursor@^2.0.0
2669 silly packumentCache full:https://registry.npmjs.org/restore-cursor cache-miss
2670 silly fetch manifest chardet@^0.4.0
2671 silly packumentCache full:https://registry.npmjs.org/chardet cache-miss
2672 silly fetch manifest iconv-lite@^0.4.17
2673 silly packumentCache full:https://registry.npmjs.org/iconv-lite cache-miss
2674 silly fetch manifest tmp@^0.0.33
2675 silly packumentCache full:https://registry.npmjs.org/tmp cache-miss
2676 silly fetch manifest is-fullwidth-code-point@^2.0.0
2677 silly packumentCache full:https://registry.npmjs.org/is-fullwidth-code-point cache-miss
2678 http cache https://registry.npmjs.org/tmp 5ms (cache hit)
2679 silly packumentCache full:https://registry.npmjs.org/tmp set size:79523 disposed:false
2680 http fetch GET 200 https://registry.npmjs.org/is-fullwidth-code-point 48ms (cache miss)
2681 silly packumentCache full:https://registry.npmjs.org/is-fullwidth-code-point set size:undefined disposed:false
2682 http fetch GET 200 https://registry.npmjs.org/restore-cursor 51ms (cache miss)
2683 silly packumentCache full:https://registry.npmjs.org/restore-cursor set size:undefined disposed:false
2684 http fetch GET 200 https://registry.npmjs.org/iconv-lite 62ms (cache miss)
2685 silly packumentCache full:https://registry.npmjs.org/iconv-lite set size:undefined disposed:false
2686 http fetch GET 200 https://registry.npmjs.org/chardet 74ms (cache miss)
2687 silly packumentCache full:https://registry.npmjs.org/chardet set size:undefined disposed:false
2688 silly placeDep ROOT restore-cursor@2.0.0 OK for: cli-cursor@2.1.0 want: ^2.0.0
2689 silly fetch manifest onetime@^2.0.0
2690 silly packumentCache full:https://registry.npmjs.org/onetime cache-miss
2691 silly fetch manifest signal-exit@^3.0.2
2692 silly packumentCache full:https://registry.npmjs.org/signal-exit cache-hit
2693 http fetch GET 200 https://registry.npmjs.org/onetime 42ms (cache miss)
2694 silly packumentCache full:https://registry.npmjs.org/onetime set size:undefined disposed:false
2695 silly placeDep ROOT chardet@0.4.2 OK for: external-editor@2.2.0 want: ^0.4.0
2696 silly placeDep ROOT iconv-lite@0.4.24 OK for: external-editor@2.2.0 want: ^0.4.17
2697 silly placeDep node_modules/external-editor tmp@0.0.33 OK for: external-editor@2.2.0 want: ^0.0.33
2698 silly fetch manifest safer-buffer@>= 2.1.2 < 3
2699 silly packumentCache full:https://registry.npmjs.org/safer-buffer cache-miss
2700 silly fetch manifest os-tmpdir@~1.0.2
2701 silly packumentCache full:https://registry.npmjs.org/os-tmpdir cache-miss
2702 http fetch GET 200 https://registry.npmjs.org/safer-buffer 44ms (cache miss)
2703 silly packumentCache full:https://registry.npmjs.org/safer-buffer set size:undefined disposed:false
2704 http fetch GET 200 https://registry.npmjs.org/os-tmpdir 121ms (cache miss)
2705 silly packumentCache full:https://registry.npmjs.org/os-tmpdir set size:undefined disposed:false
2706 silly placeDep node_modules/figures escape-string-regexp@1.0.5 OK for: figures@2.0.0 want: ^1.0.5
2707 silly placeDep ROOT safer-buffer@2.1.2 OK for: iconv-lite@0.4.24 want: >= 2.1.2 < 3
2708 silly placeDep ROOT ci-info@1.6.0 OK for: is-ci@1.2.1 want: ^1.5.0
2709 silly placeDep ROOT is-extglob@2.1.1 OK for: is-glob@4.0.3 want: ^2.1.1
2710 silly placeDep ROOT make-dir@4.0.0 OK for: istanbul-lib-report@3.0.1 want: ^4.0.0
2711 silly placeDep node_modules/istanbul-lib-report supports-color@7.2.0 OK for: istanbul-lib-report@3.0.1 want: ^7.1.0
2712 silly fetch manifest semver@^7.5.3
2713 silly packumentCache full:https://registry.npmjs.org/semver cache-hit
2714 silly placeDep ROOT html-escaper@2.0.2 OK for: istanbul-reports@3.2.0 want: ^2.0.0
2715 silly placeDep ROOT @isaacs/cliui@8.0.2 OK for: jackspeak@3.4.3 want: ^8.0.2
2716 silly placeDep ROOT @pkgjs/parseargs@0.11.0 OK for: jackspeak@3.4.3 want: ^0.11.0
2717 silly fetch manifest wrap-ansi@^8.1.0
2718 silly packumentCache full:https://registry.npmjs.org/wrap-ansi cache-miss
2719 silly fetch manifest strip-ansi@^7.0.1
2720 silly packumentCache full:https://registry.npmjs.org/strip-ansi cache-hit
2721 silly fetch manifest string-width@^5.1.2
2722 silly packumentCache full:https://registry.npmjs.org/string-width cache-hit
2723 silly fetch manifest wrap-ansi-cjs@npm:wrap-ansi@^7.0.0
2724 silly packumentCache full:https://registry.npmjs.org/wrap-ansi cache-miss
2725 silly fetch manifest strip-ansi-cjs@npm:strip-ansi@^6.0.1
2726 silly packumentCache full:https://registry.npmjs.org/strip-ansi cache-hit
2727 silly fetch manifest string-width-cjs@npm:string-width@^4.2.0
2728 silly packumentCache full:https://registry.npmjs.org/string-width cache-hit
2729 http fetch GET 200 https://registry.npmjs.org/wrap-ansi 145ms (cache miss)
2730 silly packumentCache full:https://registry.npmjs.org/wrap-ansi set size:undefined disposed:false
2731 http fetch GET 200 https://registry.npmjs.org/wrap-ansi 146ms (cache miss)
2732 silly packumentCache full:https://registry.npmjs.org/wrap-ansi set size:undefined disposed:false
2733 silly placeDep node_modules/@isaacs/cliui string-width@5.1.2 OK for: @isaacs/cliui@8.0.2 want: ^5.1.2
2734 silly placeDep ROOT string-width-cjs@4.2.3 OK for: @isaacs/cliui@8.0.2 want: npm:string-width@^4.2.0
2735 silly placeDep node_modules/@isaacs/cliui strip-ansi@7.2.0 OK for: @isaacs/cliui@8.0.2 want: ^7.0.1
2736 silly placeDep ROOT strip-ansi-cjs@6.0.1 OK for: @isaacs/cliui@8.0.2 want: npm:strip-ansi@^6.0.1
2737 silly placeDep ROOT wrap-ansi@8.1.0 OK for: @isaacs/cliui@8.0.2 want: ^8.1.0
2738 silly placeDep ROOT wrap-ansi-cjs@7.0.0 OK for: @isaacs/cliui@8.0.2 want: npm:wrap-ansi@^7.0.0
2739 silly fetch manifest emoji-regex@^9.2.2
2740 silly packumentCache full:https://registry.npmjs.org/emoji-regex cache-miss
2741 silly fetch manifest eastasianwidth@^0.2.0
2742 silly packumentCache full:https://registry.npmjs.org/eastasianwidth cache-miss
2743 silly fetch manifest emoji-regex@^8.0.0
2744 silly packumentCache full:https://registry.npmjs.org/emoji-regex cache-miss
2745 silly fetch manifest is-fullwidth-code-point@^3.0.0
2746 silly packumentCache full:https://registry.npmjs.org/is-fullwidth-code-point cache-miss
2747 silly fetch manifest ansi-regex@^6.2.2
2748 silly packumentCache full:https://registry.npmjs.org/ansi-regex cache-hit
2749 silly fetch manifest ansi-styles@^6.1.0
2750 silly packumentCache full:https://registry.npmjs.org/ansi-styles cache-hit
2751 silly fetch manifest string-width@^5.0.1
2752 silly packumentCache full:https://registry.npmjs.org/string-width cache-hit
2753 silly fetch manifest ansi-styles@^4.0.0
2754 silly packumentCache full:https://registry.npmjs.org/ansi-styles cache-hit
2755 silly fetch manifest string-width@^4.1.0
2756 silly packumentCache full:https://registry.npmjs.org/string-width cache-hit
2757 http cache https://registry.npmjs.org/is-fullwidth-code-point 7ms (cache hit)
2758 silly packumentCache full:https://registry.npmjs.org/is-fullwidth-code-point set size:14578 disposed:false
2759 http fetch GET 200 https://registry.npmjs.org/eastasianwidth 47ms (cache miss)
2760 silly packumentCache full:https://registry.npmjs.org/eastasianwidth set size:undefined disposed:false
2761 http fetch GET 200 https://registry.npmjs.org/emoji-regex 70ms (cache miss)
2762 silly packumentCache full:https://registry.npmjs.org/emoji-regex set size:undefined disposed:false
2763 http fetch GET 200 https://registry.npmjs.org/emoji-regex 74ms (cache miss)
2764 silly packumentCache full:https://registry.npmjs.org/emoji-regex set size:undefined disposed:false
2765 silly placeDep node_modules/js-yaml argparse@2.0.1 OK for: js-yaml@4.3.2 want: ^2.0.1
2766 silly placeDep node_modules/levn prelude-ls@1.2.1 OK for: levn@0.4.1 want: ^1.2.1
2767 silly placeDep node_modules/levn type-check@0.4.0 OK for: levn@0.4.1 want: ~0.4.0
2768 silly placeDep ROOT dotenv@5.0.1 OK for: libnpx@10.2.4 want: ^5.0.1
2769 silly placeDep ROOT npm-package-arg@6.1.1 OK for: libnpx@10.2.4 want: ^6.0.0
2770 silly placeDep node_modules/libnpx rimraf@2.7.1 OK for: libnpx@10.2.4 want: ^2.6.2
2771 silly placeDep ROOT safe-buffer@5.2.1 OK for: libnpx@10.2.4 want: ^5.1.0
2772 silly placeDep ROOT update-notifier@2.5.0 OK for: libnpx@10.2.4 want: ^2.3.0
2773 silly placeDep node_modules/libnpx which@1.3.1 OK for: libnpx@10.2.4 want: ^1.3.0
2774 silly placeDep ROOT y18n@4.0.3 OK for: libnpx@10.2.4 want: ^4.0.0
2775 silly placeDep node_modules/libnpx yargs@14.2.3 OK for: libnpx@10.2.4 want: ^14.2.3
2776 silly fetch manifest osenv@^0.1.5
2777 silly packumentCache full:https://registry.npmjs.org/osenv cache-miss
2778 silly fetch manifest hosted-git-info@^2.7.1
2779 silly packumentCache full:https://registry.npmjs.org/hosted-git-info cache-miss
2780 silly fetch manifest validate-npm-package-name@^3.0.0
2781 silly packumentCache full:https://registry.npmjs.org/validate-npm-package-name cache-miss
2782 silly fetch manifest boxen@^1.2.1
2783 silly packumentCache full:https://registry.npmjs.org/boxen cache-miss
2784 silly fetch manifest chalk@^2.0.1
2785 silly packumentCache full:https://registry.npmjs.org/chalk cache-hit
2786 silly fetch manifest is-npm@^1.0.0
2787 silly packumentCache full:https://registry.npmjs.org/is-npm cache-miss
2788 silly fetch manifest configstore@^3.0.0
2789 silly packumentCache full:https://registry.npmjs.org/configstore cache-miss
2790 silly fetch manifest import-lazy@^2.1.0
2791 silly packumentCache full:https://registry.npmjs.org/import-lazy cache-miss
2792 http fetch GET 200 https://registry.npmjs.org/import-lazy 53ms (cache miss)
2793 silly packumentCache full:https://registry.npmjs.org/import-lazy set size:undefined disposed:false
2794 silly fetch manifest semver-diff@^2.0.0
2795 silly packumentCache full:https://registry.npmjs.org/semver-diff cache-miss
2796 http fetch GET 200 https://registry.npmjs.org/validate-npm-package-name 69ms (cache miss)
2797 silly packumentCache full:https://registry.npmjs.org/validate-npm-package-name set size:undefined disposed:false
2798 silly fetch manifest xdg-basedir@^3.0.0
2799 silly packumentCache full:https://registry.npmjs.org/xdg-basedir cache-miss
2800 http fetch GET 200 https://registry.npmjs.org/is-npm 72ms (cache miss)
2801 silly packumentCache full:https://registry.npmjs.org/is-npm set size:undefined disposed:false
2802 silly fetch manifest latest-version@^3.0.0
2803 silly packumentCache full:https://registry.npmjs.org/latest-version cache-miss
2804 http fetch GET 200 https://registry.npmjs.org/configstore 82ms (cache miss)
2805 silly packumentCache full:https://registry.npmjs.org/configstore set size:undefined disposed:false
2806 silly fetch manifest is-installed-globally@^0.1.0
2807 silly packumentCache full:https://registry.npmjs.org/is-installed-globally cache-miss
2808 http fetch GET 200 https://registry.npmjs.org/hosted-git-info 95ms (cache miss)
2809 silly packumentCache full:https://registry.npmjs.org/hosted-git-info set size:undefined disposed:false
2810 silly fetch manifest cliui@^5.0.0
2811 silly packumentCache full:https://registry.npmjs.org/cliui cache-miss
2812 http cache https://registry.npmjs.org/cliui 2ms (cache hit)
2813 silly packumentCache full:https://registry.npmjs.org/cliui set size:69089 disposed:false
2814 silly fetch manifest find-up@^3.0.0
2815 silly packumentCache full:https://registry.npmjs.org/find-up cache-miss
2816 http cache https://registry.npmjs.org/find-up 2ms (cache hit)
2817 silly packumentCache full:https://registry.npmjs.org/find-up set size:42620 disposed:false
2818 silly fetch manifest decamelize@^1.2.0
2819 silly packumentCache full:https://registry.npmjs.org/decamelize cache-miss
2820 http fetch GET 200 https://registry.npmjs.org/osenv 119ms (cache miss)
2821 silly packumentCache full:https://registry.npmjs.org/osenv set size:undefined disposed:false
2822 silly fetch manifest set-blocking@^2.0.0
2823 silly packumentCache full:https://registry.npmjs.org/set-blocking cache-miss
2824 http fetch GET 200 https://registry.npmjs.org/xdg-basedir 54ms (cache miss)
2825 silly packumentCache full:https://registry.npmjs.org/xdg-basedir set size:undefined disposed:false
2826 silly fetch manifest string-width@^3.0.0
2827 silly packumentCache full:https://registry.npmjs.org/string-width cache-hit
2828 silly fetch manifest which-module@^2.0.0
2829 silly packumentCache full:https://registry.npmjs.org/which-module cache-miss
2830 http fetch GET 200 https://registry.npmjs.org/is-installed-globally 43ms (cache miss)
2831 silly packumentCache full:https://registry.npmjs.org/is-installed-globally set size:undefined disposed:false
2832 silly fetch manifest yargs-parser@^15.0.1
2833 silly packumentCache full:https://registry.npmjs.org/yargs-parser cache-hit
2834 silly fetch manifest get-caller-file@^2.0.1
2835 silly packumentCache full:https://registry.npmjs.org/get-caller-file cache-miss
2836 http cache https://registry.npmjs.org/get-caller-file 3ms (cache hit)
2837 silly packumentCache full:https://registry.npmjs.org/get-caller-file set size:26456 disposed:false
2838 silly fetch manifest require-main-filename@^2.0.0
2839 silly packumentCache full:https://registry.npmjs.org/require-main-filename cache-miss
2840 http fetch GET 200 https://registry.npmjs.org/decamelize 56ms (cache miss)
2841 silly packumentCache full:https://registry.npmjs.org/decamelize set size:undefined disposed:false
2842 http fetch GET 200 https://registry.npmjs.org/boxen 163ms (cache miss)
2843 silly packumentCache full:https://registry.npmjs.org/boxen set size:undefined disposed:false
2844 http fetch GET 200 https://registry.npmjs.org/set-blocking 46ms (cache miss)
2845 silly packumentCache full:https://registry.npmjs.org/set-blocking set size:undefined disposed:false
2846 http fetch GET 200 https://registry.npmjs.org/semver-diff 128ms (cache miss)
2847 silly packumentCache full:https://registry.npmjs.org/semver-diff set size:undefined disposed:false
2848 http fetch GET 200 https://registry.npmjs.org/which-module 62ms (cache miss)
2849 silly packumentCache full:https://registry.npmjs.org/which-module set size:undefined disposed:false
2850 http fetch GET 200 https://registry.npmjs.org/require-main-filename 56ms (cache miss)
2851 silly packumentCache full:https://registry.npmjs.org/require-main-filename set size:undefined disposed:false
2852 http fetch GET 200 https://registry.npmjs.org/latest-version 132ms (cache miss)
2853 silly packumentCache full:https://registry.npmjs.org/latest-version set size:undefined disposed:false
2854 silly placeDep ROOT app-root-path@2.2.1 OK for: lint-staged@5.0.0 want: ^2.0.0
2855 silly placeDep node_modules/lint-staged chalk@2.4.2 OK for: lint-staged@5.0.0 want: ^2.1.0
2856 silly placeDep ROOT cosmiconfig@3.1.0 OK for: lint-staged@5.0.0 want: ^3.1.0
2857 silly placeDep ROOT dedent@0.7.0 OK for: lint-staged@5.0.0 want: ^0.7.0
2858 silly placeDep ROOT execa@0.8.0 OK for: lint-staged@5.0.0 want: ^0.8.0
2859 silly placeDep ROOT find-parent-dir@0.3.1 OK for: lint-staged@5.0.0 want: ^0.3.0
2860 silly placeDep ROOT jest-validate@21.2.1 OK for: lint-staged@5.0.0 want: ^21.1.0
2861 silly placeDep ROOT listr@0.13.0 OK for: lint-staged@5.0.0 want: ^0.13.0
2862 silly placeDep ROOT log-symbols@2.2.0 OK for: lint-staged@5.0.0 want: ^2.0.0
2863 silly placeDep ROOT npm-which@3.0.1 OK for: lint-staged@5.0.0 want: ^3.0.1
2864 silly placeDep ROOT p-map@1.2.0 OK for: lint-staged@5.0.0 want: ^1.1.1
2865 silly placeDep ROOT pify@3.0.0 OK for: lint-staged@5.0.0 want: ^3.0.0
2866 silly placeDep ROOT staged-git-files@0.0.4 OK for: lint-staged@5.0.0 want: 0.0.4
2867 silly placeDep ROOT stringify-object@3.3.0 OK for: lint-staged@5.0.0 want: ^3.2.0
2868 silly fetch manifest js-yaml@^3.9.0
2869 silly packumentCache full:https://registry.npmjs.org/js-yaml cache-hit
2870 silly fetch manifest parse-json@^3.0.0
2871 silly packumentCache full:https://registry.npmjs.org/parse-json cache-miss
2872 silly fetch manifest is-directory@^0.3.1
2873 silly packumentCache full:https://registry.npmjs.org/is-directory cache-miss
2874 silly fetch manifest require-from-string@^2.0.1
2875 silly packumentCache full:https://registry.npmjs.org/require-from-string cache-miss
2876 silly fetch manifest is-stream@^1.1.0
2877 silly packumentCache full:https://registry.npmjs.org/is-stream cache-miss
2878 silly fetch manifest p-finally@^1.0.0
2879 silly packumentCache full:https://registry.npmjs.org/p-finally cache-miss
2880 silly fetch manifest strip-eof@^1.0.0
2881 silly packumentCache full:https://registry.npmjs.org/strip-eof cache-miss
2882 silly fetch manifest get-stream@^3.0.0
2883 silly packumentCache full:https://registry.npmjs.org/get-stream cache-miss
2884 http fetch GET 200 https://registry.npmjs.org/require-from-string 47ms (cache miss)
2885 silly packumentCache full:https://registry.npmjs.org/require-from-string set size:undefined disposed:false
2886 silly fetch manifest cross-spawn@^5.0.1
2887 silly packumentCache full:https://registry.npmjs.org/cross-spawn cache-hit
2888 silly fetch manifest npm-run-path@^2.0.0
2889 silly packumentCache full:https://registry.npmjs.org/npm-run-path cache-miss
2890 http fetch GET 200 https://registry.npmjs.org/is-stream 50ms (cache miss)
2891 silly packumentCache full:https://registry.npmjs.org/is-stream set size:undefined disposed:false
2892 silly fetch manifest leven@^2.1.0
2893 silly packumentCache full:https://registry.npmjs.org/leven cache-miss
2894 http fetch GET 200 https://registry.npmjs.org/p-finally 58ms (cache miss)
2895 silly packumentCache full:https://registry.npmjs.org/p-finally set size:undefined disposed:false
2896 silly fetch manifest jest-get-type@^21.2.0
2897 silly packumentCache full:https://registry.npmjs.org/jest-get-type cache-miss
2898 http fetch GET 200 https://registry.npmjs.org/parse-json 60ms (cache miss)
2899 silly packumentCache full:https://registry.npmjs.org/parse-json set size:undefined disposed:false
2900 silly fetch manifest pretty-format@^21.2.1
2901 silly packumentCache full:https://registry.npmjs.org/pretty-format cache-miss
2902 http fetch GET 200 https://registry.npmjs.org/strip-eof 61ms (cache miss)
2903 silly packumentCache full:https://registry.npmjs.org/strip-eof set size:undefined disposed:false
2904 silly fetch manifest cli-truncate@^0.2.1
2905 silly packumentCache full:https://registry.npmjs.org/cli-truncate cache-miss
2906 http fetch GET 200 https://registry.npmjs.org/get-stream 67ms (cache miss)
2907 silly packumentCache full:https://registry.npmjs.org/get-stream set size:undefined disposed:false
2908 silly fetch manifest figures@^1.7.0
2909 silly packumentCache full:https://registry.npmjs.org/figures cache-miss
2910 http cache https://registry.npmjs.org/figures 2ms (cache hit)
2911 silly packumentCache full:https://registry.npmjs.org/figures set size:64597 disposed:false
2912 silly fetch manifest indent-string@^2.1.0
2913 silly packumentCache full:https://registry.npmjs.org/indent-string cache-miss
2914 http fetch GET 200 https://registry.npmjs.org/leven 61ms (cache miss)
2915 silly packumentCache full:https://registry.npmjs.org/leven set size:undefined disposed:false
2916 silly fetch manifest is-observable@^0.2.0
2917 silly packumentCache full:https://registry.npmjs.org/is-observable cache-miss
2918 http fetch GET 200 https://registry.npmjs.org/cli-truncate 50ms (cache miss)
2919 silly packumentCache full:https://registry.npmjs.org/cli-truncate set size:undefined disposed:false
2920 silly fetch manifest is-promise@^2.1.0
2921 silly packumentCache full:https://registry.npmjs.org/is-promise cache-miss
2922 http fetch GET 200 https://registry.npmjs.org/npm-run-path 65ms (cache miss)
2923 silly packumentCache full:https://registry.npmjs.org/npm-run-path set size:undefined disposed:false
2924 silly fetch manifest listr-silent-renderer@^1.1.1
2925 silly packumentCache full:https://registry.npmjs.org/listr-silent-renderer cache-miss
2926 http fetch GET 200 https://registry.npmjs.org/indent-string 45ms (cache miss)
2927 silly packumentCache full:https://registry.npmjs.org/indent-string set size:undefined disposed:false
2928 silly fetch manifest listr-update-renderer@^0.4.0
2929 silly packumentCache full:https://registry.npmjs.org/listr-update-renderer cache-miss
2930 http fetch GET 200 https://registry.npmjs.org/is-directory 129ms (cache miss)
2931 silly packumentCache full:https://registry.npmjs.org/is-directory set size:undefined disposed:false
2932 silly fetch manifest listr-verbose-renderer@^0.4.0
2933 silly packumentCache full:https://registry.npmjs.org/listr-verbose-renderer cache-miss
2934 http fetch GET 200 https://registry.npmjs.org/is-promise 54ms (cache miss)
2935 silly packumentCache full:https://registry.npmjs.org/is-promise set size:undefined disposed:false
2936 silly fetch manifest log-symbols@^1.0.2
2937 silly packumentCache full:https://registry.npmjs.org/log-symbols cache-hit
2938 silly fetch manifest log-update@^1.0.2
2939 silly packumentCache full:https://registry.npmjs.org/log-update cache-miss
2940 http fetch GET 200 https://registry.npmjs.org/listr-update-renderer 52ms (cache miss)
2941 silly packumentCache full:https://registry.npmjs.org/listr-update-renderer set size:undefined disposed:false
2942 silly fetch manifest ora@^0.2.3
2943 silly packumentCache full:https://registry.npmjs.org/ora cache-miss
2944 http fetch GET 200 https://registry.npmjs.org/log-update 72ms (cache miss)
2945 silly packumentCache full:https://registry.npmjs.org/log-update set size:undefined disposed:false
2946 silly fetch manifest rxjs@^5.4.2
2947 silly packumentCache full:https://registry.npmjs.org/rxjs cache-miss
2948 http fetch GET 200 https://registry.npmjs.org/is-observable 140ms (cache miss)
2949 silly packumentCache full:https://registry.npmjs.org/is-observable set size:undefined disposed:false
2950 silly fetch manifest stream-to-observable@^0.2.0
2951 silly packumentCache full:https://registry.npmjs.org/stream-to-observable cache-miss
2952 http fetch GET 200 https://registry.npmjs.org/jest-get-type 201ms (cache miss)
2953 silly packumentCache full:https://registry.npmjs.org/jest-get-type set size:undefined disposed:false
2954 silly fetch manifest strip-ansi@^3.0.1
2955 silly packumentCache full:https://registry.npmjs.org/strip-ansi cache-hit
2956 silly fetch manifest npm-path@^2.0.2
2957 silly packumentCache full:https://registry.npmjs.org/npm-path cache-miss
2958 http fetch GET 200 https://registry.npmjs.org/listr-silent-renderer 148ms (cache miss)
2959 silly packumentCache full:https://registry.npmjs.org/listr-silent-renderer set size:undefined disposed:false
2960 silly fetch manifest which@^1.2.10
2961 silly packumentCache full:https://registry.npmjs.org/which cache-hit
2962 silly fetch manifest is-obj@^1.0.1
2963 silly packumentCache full:https://registry.npmjs.org/is-obj cache-miss
2964 http fetch GET 200 https://registry.npmjs.org/listr-verbose-renderer 139ms (cache miss)
2965 silly packumentCache full:https://registry.npmjs.org/listr-verbose-renderer set size:undefined disposed:false
2966 silly fetch manifest is-regexp@^1.0.0
2967 silly packumentCache full:https://registry.npmjs.org/is-regexp cache-miss
2968 http fetch GET 200 https://registry.npmjs.org/ora 103ms (cache miss)
2969 silly packumentCache full:https://registry.npmjs.org/ora set size:undefined disposed:false
2970 silly fetch manifest get-own-enumerable-property-symbols@^3.0.0
2971 silly packumentCache full:https://registry.npmjs.org/get-own-enumerable-property-symbols cache-miss
2972 http fetch GET 200 https://registry.npmjs.org/is-regexp 55ms (cache miss)
2973 silly packumentCache full:https://registry.npmjs.org/is-regexp set size:undefined disposed:false
2974 http fetch GET 200 https://registry.npmjs.org/pretty-format 306ms (cache miss)
2975 silly packumentCache full:https://registry.npmjs.org/pretty-format set size:undefined disposed:false
2976 http fetch GET 200 https://registry.npmjs.org/stream-to-observable 134ms (cache miss)
2977 silly packumentCache full:https://registry.npmjs.org/stream-to-observable set size:undefined disposed:false
2978 http fetch GET 200 https://registry.npmjs.org/npm-path 132ms (cache miss)
2979 silly packumentCache full:https://registry.npmjs.org/npm-path set size:undefined disposed:false
2980 http fetch GET 200 https://registry.npmjs.org/is-obj 135ms (cache miss)
2981 silly packumentCache full:https://registry.npmjs.org/is-obj set size:undefined disposed:false
2982 http fetch GET 200 https://registry.npmjs.org/get-own-enumerable-property-symbols 127ms (cache miss)
2983 silly packumentCache full:https://registry.npmjs.org/get-own-enumerable-property-symbols set size:undefined disposed:false
2984 http fetch GET 200 https://registry.npmjs.org/rxjs 195ms (cache miss)
2985 silly packumentCache full:https://registry.npmjs.org/rxjs set size:undefined disposed:false
2986 silly placeDep ROOT is-directory@0.3.1 OK for: cosmiconfig@3.1.0 want: ^0.3.1
2987 silly placeDep node_modules/cosmiconfig js-yaml@3.15.2 OK for: cosmiconfig@3.1.0 want: ^3.9.0
2988 silly placeDep ROOT parse-json@3.0.0 OK for: cosmiconfig@3.1.0 want: ^3.0.0
2989 silly placeDep ROOT require-from-string@2.0.2 OK for: cosmiconfig@3.1.0 want: ^2.0.1
2990 silly fetch manifest error-ex@^1.3.1
2991 silly packumentCache full:https://registry.npmjs.org/error-ex cache-miss
2992 http fetch GET 200 https://registry.npmjs.org/error-ex 45ms (cache miss)
2993 silly packumentCache full:https://registry.npmjs.org/error-ex set size:undefined disposed:false
2994 silly placeDep node_modules/execa cross-spawn@5.1.0 OK for: execa@0.8.0 want: ^5.0.1
2995 silly placeDep ROOT get-stream@3.0.0 OK for: execa@0.8.0 want: ^3.0.0
2996 silly placeDep ROOT is-stream@1.1.0 OK for: execa@0.8.0 want: ^1.1.0
2997 silly placeDep ROOT npm-run-path@2.0.2 OK for: execa@0.8.0 want: ^2.0.0
2998 silly placeDep ROOT p-finally@1.0.0 OK for: execa@0.8.0 want: ^1.0.0
2999 silly placeDep node_modules/execa signal-exit@3.0.7 OK for: execa@0.8.0 want: ^3.0.0
3000 silly placeDep ROOT strip-eof@1.0.0 OK for: execa@0.8.0 want: ^1.0.0
3001 silly fetch manifest path-key@^2.0.0
3002 silly packumentCache full:https://registry.npmjs.org/path-key cache-miss
3003 http cache https://registry.npmjs.org/path-key 2ms (cache hit)
3004 silly packumentCache full:https://registry.npmjs.org/path-key set size:16975 disposed:false
3005 silly placeDep node_modules/jest-validate chalk@2.4.2 OK for: jest-validate@21.2.1 want: ^2.0.1
3006 silly placeDep ROOT jest-get-type@21.2.0 OK for: jest-validate@21.2.1 want: ^21.2.0
3007 silly placeDep ROOT leven@2.1.0 OK for: jest-validate@21.2.1 want: ^2.1.0
3008 silly placeDep ROOT pretty-format@21.2.1 OK for: jest-validate@21.2.1 want: ^21.2.1
3009 silly placeDep node_modules/listr chalk@1.1.3 OK for: listr@0.13.0 want: ^1.1.3
3010 silly placeDep ROOT cli-truncate@0.2.1 OK for: listr@0.13.0 want: ^0.2.1
3011 silly placeDep node_modules/listr figures@1.7.0 OK for: listr@0.13.0 want: ^1.7.0
3012 silly placeDep ROOT indent-string@2.1.0 OK for: listr@0.13.0 want: ^2.1.0
3013 silly placeDep ROOT is-observable@0.2.0 OK for: listr@0.13.0 want: ^0.2.0
3014 silly placeDep ROOT is-promise@2.2.2 OK for: listr@0.13.0 want: ^2.1.0
3015 silly placeDep ROOT listr-silent-renderer@1.1.1 OK for: listr@0.13.0 want: ^1.1.1
3016 silly placeDep ROOT listr-update-renderer@0.4.0 OK for: listr@0.13.0 want: ^0.4.0
3017 silly placeDep ROOT listr-verbose-renderer@0.4.1 OK for: listr@0.13.0 want: ^0.4.0
3018 silly placeDep node_modules/listr log-symbols@1.0.2 OK for: listr@0.13.0 want: ^1.0.2
3019 silly placeDep ROOT log-update@1.0.2 OK for: listr@0.13.0 want: ^1.0.2
3020 silly placeDep ROOT ora@0.2.3 OK for: listr@0.13.0 want: ^0.2.3
3021 silly placeDep ROOT rxjs@5.5.12 OK for: listr@0.13.0 want: ^5.4.2
3022 silly placeDep ROOT stream-to-observable@0.2.0 OK for: listr@0.13.0 want: ^0.2.0
3023 silly placeDep node_modules/listr strip-ansi@3.0.1 OK for: listr@0.13.0 want: ^3.0.1
3024 silly fetch manifest slice-ansi@0.0.4
3025 silly packumentCache full:https://registry.npmjs.org/slice-ansi cache-miss
3026 silly fetch manifest string-width@^1.0.1
3027 silly packumentCache full:https://registry.npmjs.org/string-width cache-hit
3028 silly fetch manifest repeating@^2.0.0
3029 silly packumentCache full:https://registry.npmjs.org/repeating cache-miss
3030 silly fetch manifest symbol-observable@^0.2.2
3031 silly packumentCache full:https://registry.npmjs.org/symbol-observable cache-miss
3032 silly fetch manifest elegant-spinner@^1.0.1
3033 silly packumentCache full:https://registry.npmjs.org/elegant-spinner cache-miss
3034 silly fetch manifest indent-string@^3.0.0
3035 silly packumentCache full:https://registry.npmjs.org/indent-string cache-miss
3036 silly fetch manifest cli-cursor@^1.0.2
3037 silly packumentCache full:https://registry.npmjs.org/cli-cursor cache-miss
3038 silly fetch manifest date-fns@^1.27.2
3039 silly packumentCache full:https://registry.npmjs.org/date-fns cache-miss
3040 http cache https://registry.npmjs.org/slice-ansi 8ms (cache hit)
3041 silly packumentCache full:https://registry.npmjs.org/slice-ansi set size:38487 disposed:false
3042 silly fetch manifest cli-cursor@^1.0.2
3043 silly packumentCache full:https://registry.npmjs.org/cli-cursor cache-miss
3044 http cache https://registry.npmjs.org/indent-string 7ms (cache hit)
3045 silly packumentCache full:https://registry.npmjs.org/indent-string set size:28547 disposed:false
3046 silly fetch manifest ansi-escapes@^1.0.0
3047 silly packumentCache full:https://registry.npmjs.org/ansi-escapes cache-miss
3048 http cache https://registry.npmjs.org/cli-cursor 7ms (cache hit)
3049 silly packumentCache full:https://registry.npmjs.org/cli-cursor set size:18913 disposed:false
3050 silly fetch manifest chalk@^1.1.1
3051 silly packumentCache full:https://registry.npmjs.org/chalk cache-hit
3052 silly fetch manifest cli-spinners@^0.1.2
3053 silly packumentCache full:https://registry.npmjs.org/cli-spinners cache-miss
3054 http cache https://registry.npmjs.org/cli-cursor 7ms (cache hit)
3055 silly packumentCache full:https://registry.npmjs.org/cli-cursor set size:18913 disposed:false
3056 silly packumentCache full:https://registry.npmjs.org/cli-cursor dispose
3057 silly fetch manifest symbol-observable@1.0.1
3058 silly packumentCache full:https://registry.npmjs.org/symbol-observable cache-miss
3059 http cache https://registry.npmjs.org/ansi-escapes 7ms (cache hit)
3060 silly packumentCache full:https://registry.npmjs.org/ansi-escapes set size:70915 disposed:false
3061 silly fetch manifest any-observable@^0.2.0
3062 silly packumentCache full:https://registry.npmjs.org/any-observable cache-miss
3063 http fetch GET 200 https://registry.npmjs.org/symbol-observable 46ms (cache miss)
3064 silly packumentCache full:https://registry.npmjs.org/symbol-observable set size:undefined disposed:false
3065 silly fetch manifest ansi-regex@^2.0.0
3066 silly packumentCache full:https://registry.npmjs.org/ansi-regex cache-hit
3067 http fetch GET 200 https://registry.npmjs.org/elegant-spinner 47ms (cache miss)
3068 silly packumentCache full:https://registry.npmjs.org/elegant-spinner set size:undefined disposed:false
3069 http fetch GET 200 https://registry.npmjs.org/symbol-observable 49ms (cache miss)
3070 silly packumentCache full:https://registry.npmjs.org/symbol-observable set size:undefined disposed:false
3071 http fetch GET 200 https://registry.npmjs.org/any-observable 54ms (cache miss)
3072 silly packumentCache full:https://registry.npmjs.org/any-observable set size:undefined disposed:false
3073 http fetch GET 200 https://registry.npmjs.org/cli-spinners 62ms (cache miss)
3074 silly packumentCache full:https://registry.npmjs.org/cli-spinners set size:undefined disposed:false
3075 http fetch GET 200 https://registry.npmjs.org/repeating 129ms (cache miss)
3076 silly packumentCache full:https://registry.npmjs.org/repeating set size:undefined disposed:false
3077 http fetch GET 200 https://registry.npmjs.org/date-fns 721ms (cache miss)
3078 silly packumentCache full:https://registry.npmjs.org/date-fns set size:undefined disposed:false
3079 silly placeDep ROOT slice-ansi@0.0.4 OK for: cli-truncate@0.2.1 want: 0.0.4
3080 silly placeDep node_modules/cli-truncate string-width@1.0.2 OK for: cli-truncate@0.2.1 want: ^1.0.1
3081 silly fetch manifest code-point-at@^1.0.0
3082 silly packumentCache full:https://registry.npmjs.org/code-point-at cache-miss
3083 silly fetch manifest is-fullwidth-code-point@^1.0.0
3084 silly packumentCache full:https://registry.npmjs.org/is-fullwidth-code-point cache-hit
3085 http fetch GET 200 https://registry.npmjs.org/code-point-at 43ms (cache miss)
3086 silly packumentCache full:https://registry.npmjs.org/code-point-at set size:undefined disposed:false
3087 silly placeDep ROOT repeating@2.0.1 OK for: indent-string@2.1.0 want: ^2.0.0
3088 silly fetch manifest is-finite@^1.0.0
3089 silly packumentCache full:https://registry.npmjs.org/is-finite cache-miss
3090 http fetch GET 200 https://registry.npmjs.org/is-finite 124ms (cache miss)
3091 silly packumentCache full:https://registry.npmjs.org/is-finite set size:undefined disposed:false
3092 silly placeDep ROOT symbol-observable@0.2.4 OK for: is-observable@0.2.0 want: ^0.2.2
3093 silly placeDep node_modules/listr-update-renderer chalk@1.1.3 OK for: listr-update-renderer@0.4.0 want: ^1.1.3
3094 silly placeDep ROOT elegant-spinner@1.0.1 OK for: listr-update-renderer@0.4.0 want: ^1.0.1
3095 silly placeDep node_modules/listr-update-renderer figures@1.7.0 OK for: listr-update-renderer@0.4.0 want: ^1.7.0
3096 silly placeDep node_modules/listr-update-renderer indent-string@3.2.0 OK for: listr-update-renderer@0.4.0 want: ^3.0.0
3097 silly placeDep node_modules/listr-update-renderer log-symbols@1.0.2 OK for: listr-update-renderer@0.4.0 want: ^1.0.2
3098 silly placeDep node_modules/listr-update-renderer strip-ansi@3.0.1 OK for: listr-update-renderer@0.4.0 want: ^3.0.1
3099 silly placeDep node_modules/listr-verbose-renderer chalk@1.1.3 OK for: listr-verbose-renderer@0.4.1 want: ^1.1.3
3100 silly placeDep node_modules/listr-verbose-renderer cli-cursor@1.0.2 OK for: listr-verbose-renderer@0.4.1 want: ^1.0.2
3101 silly placeDep ROOT date-fns@1.30.1 OK for: listr-verbose-renderer@0.4.1 want: ^1.27.2
3102 silly placeDep node_modules/listr-verbose-renderer figures@1.7.0 OK for: listr-verbose-renderer@0.4.1 want: ^1.7.0
3103 silly fetch manifest restore-cursor@^1.0.1
3104 silly packumentCache full:https://registry.npmjs.org/restore-cursor cache-miss
3105 http cache https://registry.npmjs.org/restore-cursor 2ms (cache hit)
3106 silly packumentCache full:https://registry.npmjs.org/restore-cursor set size:17895 disposed:false
3107 silly placeDep ROOT p-locate@5.0.0 OK for: locate-path@6.0.0 want: ^5.0.0
3108 silly fetch manifest p-limit@^3.0.2
3109 silly packumentCache full:https://registry.npmjs.org/p-limit cache-miss
3110 http fetch GET 200 https://registry.npmjs.org/p-limit 52ms (cache miss)
3111 silly packumentCache full:https://registry.npmjs.org/p-limit set size:undefined disposed:false
3112 silly placeDep node_modules/log-symbols chalk@2.4.2 OK for: log-symbols@2.2.0 want: ^2.0.1
3113 silly placeDep node_modules/log-update ansi-escapes@1.4.0 OK for: log-update@1.0.2 want: ^1.0.0
3114 silly placeDep node_modules/log-update cli-cursor@1.0.2 OK for: log-update@1.0.2 want: ^1.0.2
3115 silly placeDep ROOT pseudomap@1.0.2 OK for: lru-cache@4.1.5 want: ^1.0.2
3116 silly placeDep ROOT yallist@2.1.2 OK for: lru-cache@4.1.5 want: ^2.1.2
3117 silly placeDep node_modules/make-dir semver@7.8.5 OK for: make-dir@4.0.0 want: ^7.5.3
3118 silly placeDep ROOT brace-expansion@1.1.21 OK for: minimatch@3.1.5 want: ^1.1.7
3119 silly fetch manifest concat-map@0.0.1
3120 silly packumentCache full:https://registry.npmjs.org/concat-map cache-miss
3121 silly fetch manifest balanced-match@^1.0.0
3122 silly packumentCache full:https://registry.npmjs.org/balanced-match cache-miss
3123 http fetch GET 200 https://registry.npmjs.org/concat-map 34ms (cache miss)
3124 silly packumentCache full:https://registry.npmjs.org/concat-map set size:undefined disposed:false
3125 http fetch GET 200 https://registry.npmjs.org/balanced-match 44ms (cache miss)
3126 silly packumentCache full:https://registry.npmjs.org/balanced-match set size:undefined disposed:false
3127 silly placeDep ROOT balanced-match@1.0.2 OK for: brace-expansion@1.1.21 want: ^1.0.0
3128 silly placeDep ROOT concat-map@0.0.1 OK for: brace-expansion@1.1.21 want: 0.0.1
3129 silly placeDep ROOT ansi-colors@4.1.3 OK for: mocha@10.8.2 want: ^4.1.3
3130 silly placeDep node_modules/mocha browser-stdout@1.3.1 OK for: mocha@10.8.2 want: ^1.3.1
3131 silly placeDep node_modules/mocha chokidar@3.6.0 OK for: mocha@10.8.2 want: ^3.5.3
3132 silly placeDep node_modules/mocha diff@5.2.2 OK for: mocha@10.8.2 want: ^5.2.0
3133 silly placeDep node_modules/mocha glob@8.1.0 OK for: mocha@10.8.2 want: ^8.1.0
3134 silly placeDep node_modules/mocha he@1.2.0 OK for: mocha@10.8.2 want: ^1.2.0
3135 silly placeDep node_modules/mocha log-symbols@4.1.0 OK for: mocha@10.8.2 want: ^4.1.0
3136 silly placeDep node_modules/mocha minimatch@5.1.9 OK for: mocha@10.8.2 want: ^5.1.6
3137 silly placeDep ROOT serialize-javascript@6.0.2 OK for: mocha@10.8.2 want: ^6.0.2
3138 silly placeDep node_modules/mocha supports-color@8.1.1 OK for: mocha@10.8.2 want: ^8.1.1
3139 silly placeDep ROOT workerpool@6.5.1 OK for: mocha@10.8.2 want: ^6.5.1
3140 silly placeDep node_modules/mocha yargs@16.2.2 OK for: mocha@10.8.2 want: ^16.2.0
3141 silly placeDep node_modules/mocha yargs-parser@20.2.9 OK for: mocha@10.8.2 want: ^20.2.9
3142 silly placeDep ROOT yargs-unparser@2.0.0 OK for: mocha@10.8.2 want: ^2.0.0
3143 silly fetch manifest braces@~3.0.2
3144 silly packumentCache full:https://registry.npmjs.org/braces cache-miss
3145 silly fetch manifest anymatch@~3.1.2
3146 silly packumentCache full:https://registry.npmjs.org/anymatch cache-miss
3147 silly fetch manifest readdirp@~3.6.0
3148 silly packumentCache full:https://registry.npmjs.org/readdirp cache-miss
3149 silly fetch manifest glob-parent@~5.1.2
3150 silly packumentCache full:https://registry.npmjs.org/glob-parent cache-hit
3151 silly fetch manifest is-binary-path@~2.1.0
3152 silly packumentCache full:https://registry.npmjs.org/is-binary-path cache-miss
3153 silly fetch manifest normalize-path@~3.0.0
3154 silly packumentCache full:https://registry.npmjs.org/normalize-path cache-miss
3155 silly fetch manifest fsevents@~2.3.2
3156 silly packumentCache full:https://registry.npmjs.org/fsevents cache-miss
3157 silly fetch manifest minimatch@^5.0.1
3158 silly packumentCache full:https://registry.npmjs.org/minimatch cache-hit
3159 silly fetch manifest is-unicode-supported@^0.1.0
3160 silly packumentCache full:https://registry.npmjs.org/is-unicode-supported cache-miss
3161 http cache https://registry.npmjs.org/readdirp 8ms (cache hit)
3162 silly packumentCache full:https://registry.npmjs.org/readdirp set size:110119 disposed:false
3163 silly fetch manifest brace-expansion@^2.0.1
3164 silly packumentCache full:https://registry.npmjs.org/brace-expansion cache-hit
3165 silly fetch manifest randombytes@^2.1.0
3166 silly packumentCache full:https://registry.npmjs.org/randombytes cache-miss
3167 http cache https://registry.npmjs.org/normalize-path 11ms (cache hit)
3168 silly packumentCache full:https://registry.npmjs.org/normalize-path set size:28713 disposed:false
3169 silly fetch manifest cliui@^7.0.2
3170 silly packumentCache full:https://registry.npmjs.org/cliui cache-hit
3171 silly fetch manifest string-width@^4.2.0
3172 silly packumentCache full:https://registry.npmjs.org/string-width cache-hit
3173 silly fetch manifest yargs-parser@^20.2.2
3174 silly packumentCache full:https://registry.npmjs.org/yargs-parser cache-hit
3175 silly fetch manifest camelcase@^6.0.0
3176 silly packumentCache full:https://registry.npmjs.org/camelcase cache-miss
3177 http fetch GET 200 https://registry.npmjs.org/anymatch 60ms (cache miss)
3178 silly packumentCache full:https://registry.npmjs.org/anymatch set size:undefined disposed:false
3179 silly fetch manifest decamelize@^4.0.0
3180 silly packumentCache full:https://registry.npmjs.org/decamelize cache-miss
3181 http cache https://registry.npmjs.org/decamelize 2ms (cache hit)
3182 silly packumentCache full:https://registry.npmjs.org/decamelize set size:34500 disposed:false
3183 silly fetch manifest flat@^5.0.2
3184 silly packumentCache full:https://registry.npmjs.org/flat cache-miss
3185 http fetch GET 200 https://registry.npmjs.org/is-unicode-supported 62ms (cache miss)
3186 silly packumentCache full:https://registry.npmjs.org/is-unicode-supported set size:undefined disposed:false
3187 silly fetch manifest is-plain-obj@^2.1.0
3188 silly packumentCache full:https://registry.npmjs.org/is-plain-obj cache-miss
3189 http fetch GET 200 https://registry.npmjs.org/randombytes 70ms (cache miss)
3190 silly packumentCache full:https://registry.npmjs.org/randombytes set size:undefined disposed:false
3191 http fetch GET 200 https://registry.npmjs.org/braces 93ms (cache miss)
3192 silly packumentCache full:https://registry.npmjs.org/braces set size:undefined disposed:false
3193 http fetch GET 200 https://registry.npmjs.org/fsevents 93ms (cache miss)
3194 silly packumentCache full:https://registry.npmjs.org/fsevents set size:undefined disposed:false
3195 http fetch GET 200 https://registry.npmjs.org/camelcase 83ms (cache miss)
3196 silly packumentCache full:https://registry.npmjs.org/camelcase set size:undefined disposed:false
3197 http fetch GET 200 https://registry.npmjs.org/is-binary-path 123ms (cache miss)
3198 silly packumentCache full:https://registry.npmjs.org/is-binary-path set size:undefined disposed:false
3199 http fetch GET 200 https://registry.npmjs.org/is-plain-obj 63ms (cache miss)
3200 silly packumentCache full:https://registry.npmjs.org/is-plain-obj set size:undefined disposed:false
3201 http fetch GET 200 https://registry.npmjs.org/flat 65ms (cache miss)
3202 silly packumentCache full:https://registry.npmjs.org/flat set size:undefined disposed:false
3203 silly placeDep node_modules/monocart-coverage-reports acorn@8.18.0 OK for: monocart-coverage-reports@2.13.0 want: ^8.18.0
3204 silly placeDep ROOT acorn-loose@8.5.2 OK for: monocart-coverage-reports@2.13.0 want: ^8.5.2
3205 silly placeDep ROOT acorn-walk@8.3.5 OK for: monocart-coverage-reports@2.13.0 want: ^8.3.5
3206 silly placeDep node_modules/monocart-coverage-reports commander@14.0.3 OK for: monocart-coverage-reports@2.13.0 want: ^14.0.3
3207 silly placeDep ROOT console-grid@2.2.4 OK for: monocart-coverage-reports@2.13.0 want: ^2.2.4
3208 silly placeDep ROOT eight-colors@1.3.3 OK for: monocart-coverage-reports@2.13.0 want: ^1.3.3
3209 silly placeDep node_modules/monocart-coverage-reports foreground-child@4.0.3 OK for: monocart-coverage-reports@2.13.0 want: ^4.0.3
3210 silly placeDep ROOT lz-utils@2.1.1 OK for: monocart-coverage-reports@2.13.0 want: ^2.1.1
3211 silly placeDep ROOT monocart-locator@1.0.3 OK for: monocart-coverage-reports@2.13.0 want: ^1.0.3
3212 silly fetch manifest acorn@^8.11.0
3213 silly packumentCache full:https://registry.npmjs.org/acorn cache-hit
3214 silly placeDep node_modules/acorn-loose acorn@8.18.0 OK for: acorn-loose@8.5.2 want: ^8.15.0
3215 silly placeDep node_modules/acorn-walk acorn@8.18.0 OK for: acorn-walk@8.3.5 want: ^8.11.0
3216 silly placeDep ROOT @npmcli/arborist@5.2.1 OK for: npm-lockfile@3.0.7 want: =5.2.1
3217 silly placeDep ROOT object-inspect@1.13.4 OK for: npm-lockfile@3.0.7 want: ^1.12.3
3218 silly placeDep ROOT pacote@13.6.0 OK for: npm-lockfile@3.0.7 want: =13.6.0
3219 silly fetch manifest nopt@^5.0.0
3220 silly packumentCache full:https://registry.npmjs.org/nopt cache-miss
3221 silly fetch manifest ssri@^9.0.0
3222 silly packumentCache full:https://registry.npmjs.org/ssri cache-miss
3223 silly fetch manifest mkdirp@^1.0.4
3224 silly packumentCache full:https://registry.npmjs.org/mkdirp cache-hit
3225 silly fetch manifest npmlog@^6.0.2
3226 silly packumentCache full:https://registry.npmjs.org/npmlog cache-miss
3227 silly fetch manifest pacote@^13.0.5
3228 silly packumentCache full:https://registry.npmjs.org/pacote cache-miss
3229 silly fetch manifest semver@^7.3.7
3230 silly packumentCache full:https://registry.npmjs.org/semver cache-hit
3231 silly fetch manifest cacache@^16.0.6
3232 silly packumentCache full:https://registry.npmjs.org/cacache cache-miss
3233 silly fetch manifest proc-log@^2.0.0
3234 silly packumentCache full:https://registry.npmjs.org/proc-log cache-miss
3235 silly fetch manifest bin-links@^3.0.0
3236 silly packumentCache full:https://registry.npmjs.org/bin-links cache-miss
3237 http cache https://registry.npmjs.org/pacote 8ms (cache hit)
3238 silly packumentCache full:https://registry.npmjs.org/pacote set size:766564 disposed:false
3239 silly fetch manifest treeverse@^2.0.0
3240 silly packumentCache full:https://registry.npmjs.org/treeverse cache-miss
3241 http fetch GET 200 https://registry.npmjs.org/proc-log 63ms (cache miss)
3242 silly packumentCache full:https://registry.npmjs.org/proc-log set size:undefined disposed:false
3243 silly fetch manifest walk-up-path@^1.0.0
3244 silly packumentCache full:https://registry.npmjs.org/walk-up-path cache-miss
3245 http fetch GET 200 https://registry.npmjs.org/npmlog 81ms (cache miss)
3246 silly packumentCache full:https://registry.npmjs.org/npmlog set size:undefined disposed:false
3247 silly fetch manifest npm-package-arg@^9.0.0
3248 silly packumentCache full:https://registry.npmjs.org/npm-package-arg cache-miss
3249 http fetch GET 200 https://registry.npmjs.org/treeverse 69ms (cache miss)
3250 silly packumentCache full:https://registry.npmjs.org/treeverse set size:undefined disposed:false
3251 silly fetch manifest @npmcli/node-gyp@^2.0.0
3252 silly packumentCache full:https://registry.npmjs.org/@npmcli%2fnode-gyp cache-miss
3253 http cache https://registry.npmjs.org/npm-package-arg 4ms (cache hit)
3254 silly packumentCache full:https://registry.npmjs.org/npm-package-arg set size:133943 disposed:false
3255 silly fetch manifest @npmcli/move-file@^2.0.0
3256 silly packumentCache full:https://registry.npmjs.org/@npmcli%2fmove-file cache-miss
3257 http fetch GET 200 https://registry.npmjs.org/nopt 98ms (cache miss)
3258 silly packumentCache full:https://registry.npmjs.org/nopt set size:undefined disposed:false
3259 silly fetch manifest npm-pick-manifest@^7.0.0
3260 silly packumentCache full:https://registry.npmjs.org/npm-pick-manifest cache-miss
3261 http fetch GET 200 https://registry.npmjs.org/bin-links 98ms (cache miss)
3262 silly packumentCache full:https://registry.npmjs.org/bin-links set size:undefined disposed:false
3263 silly fetch manifest @npmcli/run-script@^3.0.0
3264 silly packumentCache full:https://registry.npmjs.org/@npmcli%2frun-script cache-miss
3265 http fetch GET 200 https://registry.npmjs.org/ssri 105ms (cache miss)
3266 silly packumentCache full:https://registry.npmjs.org/ssri set size:undefined disposed:false
3267 silly fetch manifest mkdirp-infer-owner@^2.0.0
3268 silly packumentCache full:https://registry.npmjs.org/mkdirp-infer-owner cache-miss
3269 http fetch GET 200 https://registry.npmjs.org/cacache 128ms (cache miss)
3270 silly packumentCache full:https://registry.npmjs.org/cacache set size:undefined disposed:false
3271 silly fetch manifest npm-install-checks@^5.0.0
3272 silly packumentCache full:https://registry.npmjs.org/npm-install-checks cache-miss
3273 http fetch GET 200 https://registry.npmjs.org/walk-up-path 68ms (cache miss)
3274 silly packumentCache full:https://registry.npmjs.org/walk-up-path set size:undefined disposed:false
3275 silly fetch manifest npm-registry-fetch@^13.0.0
3276 silly packumentCache full:https://registry.npmjs.org/npm-registry-fetch cache-miss
3277 http fetch GET 200 https://registry.npmjs.org/mkdirp-infer-owner 50ms (cache miss)
3278 silly packumentCache full:https://registry.npmjs.org/mkdirp-infer-owner set size:undefined disposed:false
3279 silly fetch manifest promise-call-limit@^1.0.1
3280 silly packumentCache full:https://registry.npmjs.org/promise-call-limit cache-miss
3281 http fetch GET 200 https://registry.npmjs.org/@npmcli%2fmove-file 84ms (cache miss)
3282 silly packumentCache full:https://registry.npmjs.org/@npmcli%2fmove-file set size:undefined disposed:false
3283 silly fetch manifest json-stringify-nice@^1.1.4
3284 silly packumentCache full:https://registry.npmjs.org/json-stringify-nice cache-miss
3285 http fetch GET 200 https://registry.npmjs.org/npm-pick-manifest 76ms (cache miss)
3286 silly packumentCache full:https://registry.npmjs.org/npm-pick-manifest set size:undefined disposed:false
3287 silly fetch manifest parse-conflict-json@^2.0.1
3288 silly packumentCache full:https://registry.npmjs.org/parse-conflict-json cache-miss
3289 http fetch GET 200 https://registry.npmjs.org/npm-install-checks 53ms (cache miss)
3290 silly packumentCache full:https://registry.npmjs.org/npm-install-checks set size:undefined disposed:false
3291 silly fetch manifest @npmcli/package-json@^2.0.0
3292 silly packumentCache full:https://registry.npmjs.org/@npmcli%2fpackage-json cache-miss
3293 http fetch GET 200 https://registry.npmjs.org/promise-call-limit 39ms (cache miss)
3294 silly packumentCache full:https://registry.npmjs.org/promise-call-limit set size:undefined disposed:false
3295 silly fetch manifest common-ancestor-path@^1.0.1
3296 silly packumentCache full:https://registry.npmjs.org/common-ancestor-path cache-miss
3297 http fetch GET 200 https://registry.npmjs.org/parse-conflict-json 52ms (cache miss)
3298 silly packumentCache full:https://registry.npmjs.org/parse-conflict-json set size:undefined disposed:false
3299 silly fetch manifest @npmcli/map-workspaces@^2.0.3
3300 silly packumentCache full:https://registry.npmjs.org/@npmcli%2fmap-workspaces cache-miss
3301 http fetch GET 200 https://registry.npmjs.org/common-ancestor-path 40ms (cache miss)
3302 silly packumentCache full:https://registry.npmjs.org/common-ancestor-path set size:undefined disposed:false
3303 silly fetch manifest read-package-json-fast@^2.0.2
3304 silly packumentCache full:https://registry.npmjs.org/read-package-json-fast cache-miss
3305 http fetch GET 200 https://registry.npmjs.org/npm-registry-fetch 108ms (cache miss)
3306 silly packumentCache full:https://registry.npmjs.org/npm-registry-fetch set size:undefined disposed:false
3307 silly fetch manifest readdir-scoped-modules@^1.1.0
3308 silly packumentCache full:https://registry.npmjs.org/readdir-scoped-modules cache-miss
3309 http fetch GET 200 https://registry.npmjs.org/@npmcli%2fpackage-json 63ms (cache miss)
3310 silly packumentCache full:https://registry.npmjs.org/@npmcli%2fpackage-json set size:undefined disposed:false
3311 silly fetch manifest promise-all-reject-late@^1.0.0
3312 silly packumentCache full:https://registry.npmjs.org/promise-all-reject-late cache-miss
3313 http fetch GET 200 https://registry.npmjs.org/readdir-scoped-modules 39ms (cache miss)
3314 silly packumentCache full:https://registry.npmjs.org/readdir-scoped-modules set size:undefined disposed:false
3315 silly fetch manifest @npmcli/name-from-folder@^1.0.1
3316 silly packumentCache full:https://registry.npmjs.org/@npmcli%2fname-from-folder cache-miss
3317 http fetch GET 200 https://registry.npmjs.org/@npmcli%2fnode-gyp 248ms (cache miss)
3318 silly packumentCache full:https://registry.npmjs.org/@npmcli%2fnode-gyp set size:undefined disposed:false
3319 silly fetch manifest @npmcli/metavuln-calculator@^3.0.1
3320 silly packumentCache full:https://registry.npmjs.org/@npmcli%2fmetavuln-calculator cache-miss
3321 http fetch GET 200 https://registry.npmjs.org/json-stringify-nice 163ms (cache miss)
3322 silly packumentCache full:https://registry.npmjs.org/json-stringify-nice set size:undefined disposed:false
3323 silly fetch manifest @isaacs/string-locale-compare@^1.1.0
3324 silly packumentCache full:https://registry.npmjs.org/@isaacs%2fstring-locale-compare cache-miss
3325 http fetch GET 200 https://registry.npmjs.org/@npmcli%2fname-from-folder 96ms (cache miss)
3326 silly packumentCache full:https://registry.npmjs.org/@npmcli%2fname-from-folder set size:undefined disposed:false
3327 silly fetch manifest json-parse-even-better-errors@^2.3.1
3328 silly packumentCache full:https://registry.npmjs.org/json-parse-even-better-errors cache-miss
3329 http fetch GET 200 https://registry.npmjs.org/promise-all-reject-late 134ms (cache miss)
3330 silly packumentCache full:https://registry.npmjs.org/promise-all-reject-late set size:undefined disposed:false
3331 silly fetch manifest @npmcli/installed-package-contents@^1.0.7
3332 silly packumentCache full:https://registry.npmjs.org/@npmcli%2finstalled-package-contents cache-miss
3333 http fetch GET 200 https://registry.npmjs.org/read-package-json-fast 154ms (cache miss)
3334 silly packumentCache full:https://registry.npmjs.org/read-package-json-fast set size:undefined disposed:false
3335 silly fetch manifest tar@^6.1.11
3336 silly packumentCache full:https://registry.npmjs.org/tar cache-miss
3337 http fetch GET 200 https://registry.npmjs.org/@npmcli%2frun-script 299ms (cache miss)
3338 silly packumentCache full:https://registry.npmjs.org/@npmcli%2frun-script set size:undefined disposed:false
3339 silly fetch manifest chownr@^2.0.0
3340 silly packumentCache full:https://registry.npmjs.org/chownr cache-miss
3341 http fetch GET 200 https://registry.npmjs.org/@npmcli%2fmap-workspaces 174ms (cache miss)
3342 silly packumentCache full:https://registry.npmjs.org/@npmcli%2fmap-workspaces set size:undefined disposed:false
3343 silly fetch manifest cacache@^16.0.0
3344 silly packumentCache full:https://registry.npmjs.org/cacache cache-miss
3345 http cache https://registry.npmjs.org/cacache 5ms (cache hit)
3346 silly packumentCache full:https://registry.npmjs.org/cacache set size:388724 disposed:false
3347 silly fetch manifest minipass@^3.1.6
3348 silly packumentCache full:https://registry.npmjs.org/minipass cache-miss
3349 http cache https://registry.npmjs.org/minipass 13ms (cache hit)
3350 silly packumentCache full:https://registry.npmjs.org/minipass set size:276925 disposed:false
3351 silly fetch manifest @npmcli/git@^3.0.0
3352 silly packumentCache full:https://registry.npmjs.org/@npmcli%2fgit cache-miss
3353 http fetch GET 200 https://registry.npmjs.org/json-parse-even-better-errors 53ms (cache miss)
3354 silly packumentCache full:https://registry.npmjs.org/json-parse-even-better-errors set size:undefined disposed:false
3355 silly fetch manifest fs-minipass@^2.1.0
3356 silly packumentCache full:https://registry.npmjs.org/fs-minipass cache-miss
3357 http fetch GET 200 https://registry.npmjs.org/@npmcli%2finstalled-package-contents 67ms (cache miss)
3358 silly packumentCache full:https://registry.npmjs.org/@npmcli%2finstalled-package-contents set size:undefined disposed:false
3359 silly fetch manifest infer-owner@^1.0.4
3360 silly packumentCache full:https://registry.npmjs.org/infer-owner cache-miss
3361 http fetch GET 200 https://registry.npmjs.org/chownr 55ms (cache miss)
3362 silly packumentCache full:https://registry.npmjs.org/chownr set size:undefined disposed:false
3363 silly fetch manifest npm-packlist@^5.1.0
3364 silly packumentCache full:https://registry.npmjs.org/npm-packlist cache-miss
3365 http fetch GET 200 https://registry.npmjs.org/infer-owner 39ms (cache miss)
3366 silly packumentCache full:https://registry.npmjs.org/infer-owner set size:undefined disposed:false
3367 silly fetch manifest promise-retry@^2.0.1
3368 silly packumentCache full:https://registry.npmjs.org/promise-retry cache-miss
3369 http fetch GET 200 https://registry.npmjs.org/fs-minipass 56ms (cache miss)
3370 silly packumentCache full:https://registry.npmjs.org/fs-minipass set size:undefined disposed:false
3371 silly fetch manifest read-package-json@^5.0.0
3372 silly packumentCache full:https://registry.npmjs.org/read-package-json cache-miss
3373 http fetch GET 200 https://registry.npmjs.org/@isaacs%2fstring-locale-compare 220ms (cache miss)
3374 silly packumentCache full:https://registry.npmjs.org/@isaacs%2fstring-locale-compare set size:undefined disposed:false
3375 silly fetch manifest @npmcli/run-script@^3.0.1
3376 silly packumentCache full:https://registry.npmjs.org/@npmcli%2frun-script cache-miss
3377 http cache https://registry.npmjs.org/@npmcli%2frun-script 6ms (cache hit)
3378 silly packumentCache full:https://registry.npmjs.org/@npmcli%2frun-script set size:202041 disposed:false
3379 silly fetch manifest npm-registry-fetch@^13.0.1
3380 silly packumentCache full:https://registry.npmjs.org/npm-registry-fetch cache-miss
3381 http fetch GET 200 https://registry.npmjs.org/promise-retry 74ms (cache miss)
3382 silly packumentCache full:https://registry.npmjs.org/promise-retry set size:undefined disposed:false
3383 silly fetch manifest @npmcli/promise-spawn@^3.0.0
3384 silly packumentCache full:https://registry.npmjs.org/@npmcli%2fpromise-spawn cache-miss
3385 http cache https://registry.npmjs.org/npm-registry-fetch 4ms (cache hit)
3386 silly packumentCache full:https://registry.npmjs.org/npm-registry-fetch set size:285131 disposed:false
3387 silly fetch manifest read-package-json-fast@^2.0.3
3388 silly packumentCache full:https://registry.npmjs.org/read-package-json-fast cache-miss
3389 http cache https://registry.npmjs.org/read-package-json-fast 2ms (cache hit)
3390 silly packumentCache full:https://registry.npmjs.org/read-package-json-fast set size:62919 disposed:false
3391 http fetch GET 200 https://registry.npmjs.org/@npmcli%2fgit 151ms (cache miss)
3392 silly packumentCache full:https://registry.npmjs.org/@npmcli%2fgit set size:undefined disposed:false
3393 http fetch GET 200 https://registry.npmjs.org/read-package-json 108ms (cache miss)
3394 silly packumentCache full:https://registry.npmjs.org/read-package-json set size:undefined disposed:false
3395 http fetch GET 200 https://registry.npmjs.org/@npmcli%2fmetavuln-calculator 273ms (cache miss)
3396 silly packumentCache full:https://registry.npmjs.org/@npmcli%2fmetavuln-calculator set size:undefined disposed:false
3397 http fetch GET 200 https://registry.npmjs.org/npm-packlist 148ms (cache miss)
3398 silly packumentCache full:https://registry.npmjs.org/npm-packlist set size:undefined disposed:false
3399 http fetch GET 200 https://registry.npmjs.org/tar 218ms (cache miss)
3400 silly packumentCache full:https://registry.npmjs.org/tar set size:undefined disposed:false
3401 http fetch GET 200 https://registry.npmjs.org/@npmcli%2fpromise-spawn 217ms (cache miss)
3402 silly packumentCache full:https://registry.npmjs.org/@npmcli%2fpromise-spawn set size:undefined disposed:false
3403 silly placeDep ROOT @isaacs/string-locale-compare@1.1.0 OK for: @npmcli/arborist@5.2.1 want: ^1.1.0
3404 silly placeDep ROOT @npmcli/installed-package-contents@1.0.7 OK for: @npmcli/arborist@5.2.1 want: ^1.0.7
3405 silly placeDep ROOT @npmcli/map-workspaces@2.0.4 OK for: @npmcli/arborist@5.2.1 want: ^2.0.3
3406 silly placeDep ROOT @npmcli/metavuln-calculator@3.1.1 OK for: @npmcli/arborist@5.2.1 want: ^3.0.1
3407 silly placeDep ROOT @npmcli/move-file@2.0.1 OK for: @npmcli/arborist@5.2.1 want: ^2.0.0
3408 silly placeDep ROOT @npmcli/name-from-folder@1.0.1 OK for: @npmcli/arborist@5.2.1 want: ^1.0.1
3409 silly placeDep ROOT @npmcli/node-gyp@2.0.0 OK for: @npmcli/arborist@5.2.1 want: ^2.0.0
3410 silly placeDep ROOT @npmcli/package-json@2.0.0 OK for: @npmcli/arborist@5.2.1 want: ^2.0.0
3411 silly placeDep ROOT @npmcli/run-script@3.0.3 OK for: @npmcli/arborist@5.2.1 want: ^3.0.0
3412 silly placeDep ROOT bin-links@3.0.3 OK for: @npmcli/arborist@5.2.1 want: ^3.0.0
3413 silly placeDep ROOT cacache@16.1.3 OK for: @npmcli/arborist@5.2.1 want: ^16.0.6
3414 silly placeDep ROOT common-ancestor-path@1.0.1 OK for: @npmcli/arborist@5.2.1 want: ^1.0.1
3415 silly placeDep ROOT json-parse-even-better-errors@2.3.1 OK for: @npmcli/arborist@5.2.1 want: ^2.3.1
3416 silly placeDep ROOT json-stringify-nice@1.1.4 OK for: @npmcli/arborist@5.2.1 want: ^1.1.4
3417 silly placeDep node_modules/@npmcli/arborist mkdirp@1.0.4 OK for: @npmcli/arborist@5.2.1 want: ^1.0.4
3418 silly placeDep ROOT mkdirp-infer-owner@2.0.0 OK for: @npmcli/arborist@5.2.1 want: ^2.0.0
3419 silly placeDep ROOT nopt@5.0.0 OK for: @npmcli/arborist@5.2.1 want: ^5.0.0
3420 silly placeDep ROOT npm-install-checks@5.0.0 OK for: @npmcli/arborist@5.2.1 want: ^5.0.0
3421 silly placeDep node_modules/@npmcli/arborist npm-package-arg@9.1.2 OK for: @npmcli/arborist@5.2.1 want: ^9.0.0
3422 silly placeDep ROOT npm-pick-manifest@7.0.2 OK for: @npmcli/arborist@5.2.1 want: ^7.0.0
3423 silly placeDep ROOT npm-registry-fetch@13.3.1 OK for: @npmcli/arborist@5.2.1 want: ^13.0.0
3424 silly placeDep ROOT npmlog@6.0.2 OK for: @npmcli/arborist@5.2.1 want: ^6.0.2
3425 silly placeDep ROOT parse-conflict-json@2.0.2 OK for: @npmcli/arborist@5.2.1 want: ^2.0.1
3426 silly placeDep ROOT proc-log@2.0.1 OK for: @npmcli/arborist@5.2.1 want: ^2.0.0
3427 silly placeDep ROOT promise-all-reject-late@1.0.1 OK for: @npmcli/arborist@5.2.1 want: ^1.0.0
3428 silly placeDep ROOT promise-call-limit@1.0.2 OK for: @npmcli/arborist@5.2.1 want: ^1.0.1
3429 silly placeDep ROOT read-package-json-fast@2.0.3 OK for: @npmcli/arborist@5.2.1 want: ^2.0.2
3430 silly placeDep ROOT readdir-scoped-modules@1.1.0 OK for: @npmcli/arborist@5.2.1 want: ^1.1.0
3431 silly placeDep node_modules/@npmcli/arborist semver@7.8.5 OK for: @npmcli/arborist@5.2.1 want: ^7.3.7
3432 silly placeDep ROOT ssri@9.0.1 OK for: @npmcli/arborist@5.2.1 want: ^9.0.0
3433 silly placeDep ROOT treeverse@2.0.0 OK for: @npmcli/arborist@5.2.1 want: ^2.0.0
3434 silly placeDep ROOT walk-up-path@1.0.0 OK for: @npmcli/arborist@5.2.1 want: ^1.0.0
3435 silly fetch manifest npm-bundled@^1.1.1
3436 silly packumentCache full:https://registry.npmjs.org/npm-bundled cache-miss
3437 silly fetch manifest npm-normalize-package-bin@^1.0.1
3438 silly packumentCache full:https://registry.npmjs.org/npm-normalize-package-bin cache-miss
3439 silly fetch manifest glob@^8.0.1
3440 silly packumentCache full:https://registry.npmjs.org/glob cache-hit
3441 silly fetch manifest node-gyp@^8.4.1
3442 silly packumentCache full:https://registry.npmjs.org/node-gyp cache-miss
3443 silly fetch manifest cmd-shim@^5.0.0
3444 silly packumentCache full:https://registry.npmjs.org/cmd-shim cache-miss
3445 silly fetch manifest read-cmd-shim@^3.0.0
3446 silly packumentCache full:https://registry.npmjs.org/read-cmd-shim cache-miss
3447 silly fetch manifest write-file-atomic@^4.0.0
3448 silly packumentCache full:https://registry.npmjs.org/write-file-atomic cache-miss
3449 silly fetch manifest npm-normalize-package-bin@^2.0.0
3450 silly packumentCache full:https://registry.npmjs.org/npm-normalize-package-bin cache-miss
3451 http fetch GET 200 https://registry.npmjs.org/npm-normalize-package-bin 46ms (cache miss)
3452 silly packumentCache full:https://registry.npmjs.org/npm-normalize-package-bin set size:undefined disposed:false
3453 silly fetch manifest p-map@^4.0.0
3454 silly packumentCache full:https://registry.npmjs.org/p-map cache-miss
3455 http cache https://registry.npmjs.org/p-map 2ms (cache hit)
3456 silly packumentCache full:https://registry.npmjs.org/p-map set size:60860 disposed:false
3457 silly fetch manifest lru-cache@^7.7.1
3458 silly packumentCache full:https://registry.npmjs.org/lru-cache cache-hit
3459 silly fetch manifest @npmcli/fs@^2.1.0
3460 silly packumentCache full:https://registry.npmjs.org/@npmcli%2ffs cache-miss
3461 http fetch GET 200 https://registry.npmjs.org/npm-bundled 81ms (cache miss)
3462 silly packumentCache full:https://registry.npmjs.org/npm-bundled set size:undefined disposed:false
3463 silly fetch manifest minipass-flush@^1.0.5
3464 silly packumentCache full:https://registry.npmjs.org/minipass-flush cache-miss
3465 http fetch GET 200 https://registry.npmjs.org/npm-normalize-package-bin 86ms (cache miss)
3466 silly packumentCache full:https://registry.npmjs.org/npm-normalize-package-bin set size:undefined disposed:false
3467 silly fetch manifest unique-filename@^2.0.0
3468 silly packumentCache full:https://registry.npmjs.org/unique-filename cache-miss
3469 http fetch GET 200 https://registry.npmjs.org/cmd-shim 94ms (cache miss)
3470 silly packumentCache full:https://registry.npmjs.org/cmd-shim set size:undefined disposed:false
3471 silly fetch manifest minipass-collect@^1.0.2
3472 silly packumentCache full:https://registry.npmjs.org/minipass-collect cache-miss
3473 http fetch GET 200 https://registry.npmjs.org/write-file-atomic 97ms (cache miss)
3474 silly packumentCache full:https://registry.npmjs.org/write-file-atomic set size:undefined disposed:false
3475 silly fetch manifest promise-inflight@^1.0.1
3476 silly packumentCache full:https://registry.npmjs.org/promise-inflight cache-miss
3477 http fetch GET 200 https://registry.npmjs.org/node-gyp 116ms (cache miss)
3478 silly packumentCache full:https://registry.npmjs.org/node-gyp set size:undefined disposed:false
3479 silly fetch manifest minipass-pipeline@^1.2.4
3480 silly packumentCache full:https://registry.npmjs.org/minipass-pipeline cache-miss
3481 http fetch GET 200 https://registry.npmjs.org/read-cmd-shim 143ms (cache miss)
3482 silly packumentCache full:https://registry.npmjs.org/read-cmd-shim set size:undefined disposed:false
3483 silly fetch manifest mkdirp@^1.0.3
3484 silly packumentCache full:https://registry.npmjs.org/mkdirp cache-hit
3485 silly fetch manifest abbrev@1
3486 silly packumentCache full:https://registry.npmjs.org/abbrev cache-miss
3487 http fetch GET 200 https://registry.npmjs.org/promise-inflight 50ms (cache miss)
3488 silly packumentCache full:https://registry.npmjs.org/promise-inflight set size:undefined disposed:false
3489 silly fetch manifest semver@^7.1.1
3490 silly packumentCache full:https://registry.npmjs.org/semver cache-hit
3491 silly fetch manifest proc-log@^2.0.1
3492 silly packumentCache full:https://registry.npmjs.org/proc-log cache-miss
3493 http fetch GET 200 https://registry.npmjs.org/unique-filename 64ms (cache miss)
3494 silly packumentCache full:https://registry.npmjs.org/unique-filename set size:undefined disposed:false
3495 silly fetch manifest hosted-git-info@^5.0.0
3496 silly packumentCache full:https://registry.npmjs.org/hosted-git-info cache-miss
3497 http fetch GET 200 https://registry.npmjs.org/minipass-flush 73ms (cache miss)
3498 silly packumentCache full:https://registry.npmjs.org/minipass-flush set size:undefined disposed:false
3499 silly fetch manifest validate-npm-package-name@^4.0.0
3500 silly packumentCache full:https://registry.npmjs.org/validate-npm-package-name cache-miss
3501 http cache https://registry.npmjs.org/validate-npm-package-name 3ms (cache hit)
3502 silly packumentCache full:https://registry.npmjs.org/validate-npm-package-name set size:51159 disposed:false
3503 silly fetch manifest minizlib@^2.1.2
3504 silly packumentCache full:https://registry.npmjs.org/minizlib cache-miss
3505 http cache https://registry.npmjs.org/hosted-git-info 6ms (cache hit)
3506 silly packumentCache full:https://registry.npmjs.org/hosted-git-info set size:190199 disposed:false
3507 silly fetch manifest minipass-fetch@^2.0.3
3508 silly packumentCache full:https://registry.npmjs.org/minipass-fetch cache-miss
3509 http cache https://registry.npmjs.org/proc-log 12ms (cache hit)
3510 silly packumentCache full:https://registry.npmjs.org/proc-log set size:35855 disposed:false
3511 silly fetch manifest npm-package-arg@^9.0.1
3512 silly packumentCache full:https://registry.npmjs.org/npm-package-arg cache-hit
3513 silly fetch manifest make-fetch-happen@^10.0.6
3514 silly packumentCache full:https://registry.npmjs.org/make-fetch-happen cache-miss
3515 http fetch GET 200 https://registry.npmjs.org/minipass-collect 72ms (cache miss)
3516 silly packumentCache full:https://registry.npmjs.org/minipass-collect set size:undefined disposed:false
3517 silly fetch manifest minipass-json-stream@^1.0.1
3518 silly packumentCache full:https://registry.npmjs.org/minipass-json-stream cache-miss
3519 http fetch GET 200 https://registry.npmjs.org/@npmcli%2ffs 120ms (cache miss)
3520 silly packumentCache full:https://registry.npmjs.org/@npmcli%2ffs set size:undefined disposed:false
3521 silly fetch manifest gauge@^4.0.3
3522 silly packumentCache full:https://registry.npmjs.org/gauge cache-miss
3523 http fetch GET 200 https://registry.npmjs.org/abbrev 71ms (cache miss)
3524 silly packumentCache full:https://registry.npmjs.org/abbrev set size:undefined disposed:false
3525 silly fetch manifest are-we-there-yet@^3.0.0
3526 silly packumentCache full:https://registry.npmjs.org/are-we-there-yet cache-miss
3527 http fetch GET 200 https://registry.npmjs.org/minizlib 77ms (cache miss)
3528 silly packumentCache full:https://registry.npmjs.org/minizlib set size:undefined disposed:false
3529 silly fetch manifest console-control-strings@^1.1.0
3530 silly packumentCache full:https://registry.npmjs.org/console-control-strings cache-miss
3531 http fetch GET 200 https://registry.npmjs.org/gauge 80ms (cache miss)
3532 silly packumentCache full:https://registry.npmjs.org/gauge set size:undefined disposed:false
3533 silly fetch manifest just-diff@^5.0.1
3534 silly packumentCache full:https://registry.npmjs.org/just-diff cache-miss
3535 http fetch GET 200 https://registry.npmjs.org/minipass-fetch 92ms (cache miss)
3536 silly packumentCache full:https://registry.npmjs.org/minipass-fetch set size:undefined disposed:false
3537 silly fetch manifest just-diff-apply@^5.2.0
3538 silly packumentCache full:https://registry.npmjs.org/just-diff-apply cache-miss
3539 http fetch GET 200 https://registry.npmjs.org/minipass-pipeline 138ms (cache miss)
3540 silly packumentCache full:https://registry.npmjs.org/minipass-pipeline set size:undefined disposed:false
3541 silly fetch manifest dezalgo@^1.0.0
3542 silly packumentCache full:https://registry.npmjs.org/dezalgo cache-miss
3543 http fetch GET 200 https://registry.npmjs.org/console-control-strings 48ms (cache miss)
3544 silly packumentCache full:https://registry.npmjs.org/console-control-strings set size:undefined disposed:false
3545 silly fetch manifest debuglog@^1.0.1
3546 silly packumentCache full:https://registry.npmjs.org/debuglog cache-miss
3547 http fetch GET 200 https://registry.npmjs.org/minipass-json-stream 133ms (cache miss)
3548 silly packumentCache full:https://registry.npmjs.org/minipass-json-stream set size:undefined disposed:false
3549 silly fetch manifest minipass@^3.1.1
3550 silly packumentCache full:https://registry.npmjs.org/minipass cache-hit
3551 http fetch GET 200 https://registry.npmjs.org/dezalgo 45ms (cache miss)
3552 silly packumentCache full:https://registry.npmjs.org/dezalgo set size:undefined disposed:false
3553 http fetch GET 200 https://registry.npmjs.org/are-we-there-yet 87ms (cache miss)
3554 silly packumentCache full:https://registry.npmjs.org/are-we-there-yet set size:undefined disposed:false
3555 http fetch GET 200 https://registry.npmjs.org/just-diff-apply 66ms (cache miss)
3556 silly packumentCache full:https://registry.npmjs.org/just-diff-apply set size:undefined disposed:false
3557 http fetch GET 200 https://registry.npmjs.org/make-fetch-happen 161ms (cache miss)
3558 silly packumentCache full:https://registry.npmjs.org/make-fetch-happen set size:undefined disposed:false
3559 http fetch GET 200 https://registry.npmjs.org/debuglog 57ms (cache miss)
3560 silly packumentCache full:https://registry.npmjs.org/debuglog set size:undefined disposed:false
3561 http fetch GET 200 https://registry.npmjs.org/just-diff 143ms (cache miss)
3562 silly packumentCache full:https://registry.npmjs.org/just-diff set size:undefined disposed:false
3563 silly placeDep ROOT npm-bundled@1.1.2 OK for: @npmcli/installed-package-contents@1.0.7 want: ^1.1.1
3564 silly placeDep ROOT npm-normalize-package-bin@1.0.1 OK for: @npmcli/installed-package-contents@1.0.7 want: ^1.0.1
3565 silly placeDep node_modules/@npmcli/map-workspaces glob@8.1.0 OK for: @npmcli/map-workspaces@2.0.4 want: ^8.0.1
3566 silly placeDep node_modules/@npmcli/map-workspaces minimatch@5.1.9 OK for: @npmcli/map-workspaces@2.0.4 want: ^5.0.1
3567 silly placeDep node_modules/@npmcli/metavuln-calculator semver@7.8.5 OK for: @npmcli/metavuln-calculator@3.1.1 want: ^7.3.5
3568 silly placeDep node_modules/@npmcli/move-file mkdirp@1.0.4 OK for: @npmcli/move-file@2.0.1 want: ^1.0.4
3569 silly placeDep ROOT @npmcli/promise-spawn@3.0.0 OK for: @npmcli/run-script@3.0.3 want: ^3.0.0
3570 silly placeDep ROOT node-gyp@8.4.1 OK for: @npmcli/run-script@3.0.3 want: ^8.4.1
3571 silly fetch manifest tar@^6.1.2
3572 silly packumentCache full:https://registry.npmjs.org/tar cache-miss
3573 silly fetch manifest glob@^7.1.4
3574 silly packumentCache full:https://registry.npmjs.org/glob cache-hit
3575 silly fetch manifest which@^2.0.2
3576 silly packumentCache full:https://registry.npmjs.org/which cache-hit
3577 silly fetch manifest env-paths@^2.2.0
3578 silly packumentCache full:https://registry.npmjs.org/env-paths cache-miss
3579 silly fetch manifest make-fetch-happen@^9.1.0
3580 silly packumentCache full:https://registry.npmjs.org/make-fetch-happen cache-miss
3581 http cache https://registry.npmjs.org/make-fetch-happen 5ms (cache hit)
3582 silly packumentCache full:https://registry.npmjs.org/make-fetch-happen set size:382376 disposed:false
3583 http cache https://registry.npmjs.org/tar 10ms (cache hit)
3584 silly packumentCache full:https://registry.npmjs.org/tar set size:591769 disposed:false
3585 http fetch GET 200 https://registry.npmjs.org/env-paths 38ms (cache miss)
3586 silly packumentCache full:https://registry.npmjs.org/env-paths set size:undefined disposed:false
3587 silly placeDep ROOT infer-owner@1.0.4 OK for: @npmcli/promise-spawn@3.0.0 want: ^1.0.4
3588 silly placeDep ROOT cmd-shim@5.0.0 OK for: bin-links@3.0.3 want: ^5.0.0
3589 silly placeDep node_modules/bin-links npm-normalize-package-bin@2.0.0 OK for: bin-links@3.0.3 want: ^2.0.0
3590 silly placeDep ROOT read-cmd-shim@3.0.1 OK for: bin-links@3.0.3 want: ^3.0.0
3591 silly placeDep ROOT write-file-atomic@4.0.2 OK for: bin-links@3.0.3 want: ^4.0.0
3592 silly fetch manifest signal-exit@^3.0.7
3593 silly packumentCache full:https://registry.npmjs.org/signal-exit cache-hit
3594 silly placeDep ROOT @npmcli/fs@2.1.2 OK for: cacache@16.1.3 want: ^2.1.0
3595 silly placeDep ROOT chownr@2.0.0 OK for: cacache@16.1.3 want: ^2.0.0
3596 silly placeDep ROOT fs-minipass@2.1.0 OK for: cacache@16.1.3 want: ^2.1.0
3597 silly placeDep node_modules/cacache glob@8.1.0 OK for: cacache@16.1.3 want: ^8.0.1
3598 silly placeDep node_modules/cacache lru-cache@7.18.3 OK for: cacache@16.1.3 want: ^7.7.1
3599 silly placeDep node_modules/cacache minipass@3.3.6 OK for: cacache@16.1.3 want: ^3.1.6
3600 silly placeDep ROOT minipass-collect@1.0.2 OK for: cacache@16.1.3 want: ^1.0.2
3601 silly placeDep ROOT minipass-flush@1.0.7 OK for: cacache@16.1.3 want: ^1.0.5
3602 silly placeDep ROOT minipass-pipeline@1.2.4 OK for: cacache@16.1.3 want: ^1.2.4
3603 silly placeDep node_modules/cacache mkdirp@1.0.4 OK for: cacache@16.1.3 want: ^1.0.4
3604 silly placeDep node_modules/cacache p-map@4.0.0 OK for: cacache@16.1.3 want: ^4.0.0
3605 silly placeDep ROOT promise-inflight@1.0.1 OK for: cacache@16.1.3 want: ^1.0.1
3606 silly placeDep ROOT tar@6.2.1 OK for: cacache@16.1.3 want: ^6.1.11
3607 silly placeDep ROOT unique-filename@2.0.1 OK for: cacache@16.1.3 want: ^2.0.0
3608 silly fetch manifest @gar/promisify@^1.1.3
3609 silly packumentCache full:https://registry.npmjs.org/@gar%2fpromisify cache-miss
3610 silly fetch manifest minipass@^3.0.0
3611 silly packumentCache full:https://registry.npmjs.org/minipass cache-hit
3612 silly fetch manifest yallist@^4.0.0
3613 silly packumentCache full:https://registry.npmjs.org/yallist cache-miss
3614 silly fetch manifest minipass@^3.0.0
3615 silly packumentCache full:https://registry.npmjs.org/minipass cache-hit
3616 silly fetch manifest minipass@^3.0.0
3617 silly packumentCache full:https://registry.npmjs.org/minipass cache-hit
3618 silly fetch manifest minipass@^3.0.0
3619 silly packumentCache full:https://registry.npmjs.org/minipass cache-hit
3620 silly fetch manifest aggregate-error@^3.0.0
3621 silly packumentCache full:https://registry.npmjs.org/aggregate-error cache-miss
3622 silly fetch manifest yallist@^4.0.0
3623 silly packumentCache full:https://registry.npmjs.org/yallist cache-miss
3624 silly fetch manifest minipass@^5.0.0
3625 silly packumentCache full:https://registry.npmjs.org/minipass cache-hit
3626 silly fetch manifest minizlib@^2.1.1
3627 silly packumentCache full:https://registry.npmjs.org/minizlib cache-miss
3628 silly fetch manifest unique-slug@^3.0.0
3629 silly packumentCache full:https://registry.npmjs.org/unique-slug cache-miss
3630 http cache https://registry.npmjs.org/yallist 9ms (cache hit)
3631 silly packumentCache full:https://registry.npmjs.org/yallist set size:34610 disposed:false
3632 http cache https://registry.npmjs.org/minizlib 6ms (cache hit)
3633 silly packumentCache full:https://registry.npmjs.org/minizlib set size:62862 disposed:false
3634 http cache https://registry.npmjs.org/yallist 8ms (cache hit)
3635 silly packumentCache full:https://registry.npmjs.org/yallist set size:34610 disposed:false
3636 silly packumentCache full:https://registry.npmjs.org/yallist dispose
3637 http fetch GET 200 https://registry.npmjs.org/unique-slug 63ms (cache miss)
3638 silly packumentCache full:https://registry.npmjs.org/unique-slug set size:undefined disposed:false
3639 http fetch GET 200 https://registry.npmjs.org/aggregate-error 65ms (cache miss)
3640 silly packumentCache full:https://registry.npmjs.org/aggregate-error set size:undefined disposed:false
3641 http fetch GET 200 https://registry.npmjs.org/@gar%2fpromisify 73ms (cache miss)
3642 silly packumentCache full:https://registry.npmjs.org/@gar%2fpromisify set size:undefined disposed:false
3643 silly placeDep ROOT @gar/promisify@1.1.3 OK for: @npmcli/fs@2.1.2 want: ^1.1.3
3644 silly placeDep node_modules/@npmcli/fs semver@7.8.5 OK for: @npmcli/fs@2.1.2 want: ^7.3.5
3645 silly placeDep node_modules/fs-minipass minipass@3.3.6 OK for: fs-minipass@2.1.0 want: ^3.0.0
3646 silly placeDep node_modules/minipass-collect minipass@3.3.6 OK for: minipass-collect@1.0.2 want: ^3.0.0
3647 silly placeDep node_modules/minipass-flush minipass@3.3.6 OK for: minipass-flush@1.0.7 want: ^3.0.0
3648 silly placeDep node_modules/minipass-pipeline minipass@3.3.6 OK for: minipass-pipeline@1.2.4 want: ^3.0.0
3649 silly placeDep node_modules/mkdirp-infer-owner mkdirp@1.0.4 OK for: mkdirp-infer-owner@2.0.0 want: ^1.0.3
3650 silly placeDep ROOT env-paths@2.2.1 OK for: node-gyp@8.4.1 want: ^2.2.0
3651 silly placeDep node_modules/node-gyp glob@7.2.3 OK for: node-gyp@8.4.1 want: ^7.1.4
3652 silly placeDep ROOT make-fetch-happen@9.1.0 OK for: node-gyp@8.4.1 want: ^9.1.0
3653 silly placeDep node_modules/node-gyp semver@7.8.5 OK for: node-gyp@8.4.1 want: ^7.3.5
3654 silly placeDep node_modules/node-gyp which@2.0.2 OK for: node-gyp@8.4.1 want: ^2.0.2
3655 silly fetch manifest ssri@^8.0.0
3656 silly packumentCache full:https://registry.npmjs.org/ssri cache-miss
3657 silly fetch manifest cacache@^15.2.0
3658 silly packumentCache full:https://registry.npmjs.org/cacache cache-hit
3659 silly fetch manifest minipass@^3.1.3
3660 silly packumentCache full:https://registry.npmjs.org/minipass cache-hit
3661 silly fetch manifest is-lambda@^1.0.1
3662 silly packumentCache full:https://registry.npmjs.org/is-lambda cache-miss
3663 silly fetch manifest lru-cache@^6.0.0
3664 silly packumentCache full:https://registry.npmjs.org/lru-cache cache-hit
3665 silly fetch manifest negotiator@^0.6.2
3666 silly packumentCache full:https://registry.npmjs.org/negotiator cache-miss
3667 silly fetch manifest agentkeepalive@^4.1.3
3668 silly packumentCache full:https://registry.npmjs.org/agentkeepalive cache-miss
3669 silly fetch manifest minipass-fetch@^1.3.2
3670 silly packumentCache full:https://registry.npmjs.org/minipass-fetch cache-miss
3671 silly fetch manifest http-proxy-agent@^4.0.1
3672 silly packumentCache full:https://registry.npmjs.org/http-proxy-agent cache-miss
3673 silly fetch manifest https-proxy-agent@^5.0.0
3674 silly packumentCache full:https://registry.npmjs.org/https-proxy-agent cache-miss
3675 http cache https://registry.npmjs.org/minipass-fetch 6ms (cache hit)
3676 silly packumentCache full:https://registry.npmjs.org/minipass-fetch set size:109081 disposed:false
3677 silly fetch manifest socks-proxy-agent@^6.0.0
3678 silly packumentCache full:https://registry.npmjs.org/socks-proxy-agent cache-miss
3679 http cache https://registry.npmjs.org/ssri 12ms (cache hit)
3680 silly packumentCache full:https://registry.npmjs.org/ssri set size:139047 disposed:false
3681 silly fetch manifest http-cache-semantics@^4.1.0
3682 silly packumentCache full:https://registry.npmjs.org/http-cache-semantics cache-miss
3683 http fetch GET 200 https://registry.npmjs.org/is-lambda 42ms (cache miss)
3684 silly packumentCache full:https://registry.npmjs.org/is-lambda set size:undefined disposed:false
3685 http fetch GET 200 https://registry.npmjs.org/http-proxy-agent 99ms (cache miss)
3686 silly packumentCache full:https://registry.npmjs.org/http-proxy-agent set size:undefined disposed:false
3687 http fetch GET 200 https://registry.npmjs.org/https-proxy-agent 102ms (cache miss)
3688 silly packumentCache full:https://registry.npmjs.org/https-proxy-agent set size:undefined disposed:false
3689 http fetch GET 200 https://registry.npmjs.org/http-cache-semantics 102ms (cache miss)
3690 silly packumentCache full:https://registry.npmjs.org/http-cache-semantics set size:undefined disposed:false
3691 http fetch GET 200 https://registry.npmjs.org/agentkeepalive 113ms (cache miss)
3692 silly packumentCache full:https://registry.npmjs.org/agentkeepalive set size:undefined disposed:false
3693 http fetch GET 200 https://registry.npmjs.org/socks-proxy-agent 108ms (cache miss)
3694 silly packumentCache full:https://registry.npmjs.org/socks-proxy-agent set size:undefined disposed:false
3695 http fetch GET 200 https://registry.npmjs.org/negotiator 140ms (cache miss)
3696 silly packumentCache full:https://registry.npmjs.org/negotiator set size:undefined disposed:false
3697 silly placeDep ROOT agentkeepalive@4.6.0 OK for: make-fetch-happen@9.1.0 want: ^4.1.3
3698 silly placeDep node_modules/make-fetch-happen cacache@15.3.0 OK for: make-fetch-happen@9.1.0 want: ^15.2.0
3699 silly placeDep ROOT http-cache-semantics@4.2.0 OK for: make-fetch-happen@9.1.0 want: ^4.1.0
3700 silly placeDep ROOT http-proxy-agent@4.0.1 OK for: make-fetch-happen@9.1.0 want: ^4.0.1
3701 silly placeDep ROOT https-proxy-agent@5.0.1 OK for: make-fetch-happen@9.1.0 want: ^5.0.0
3702 silly placeDep ROOT is-lambda@1.0.1 OK for: make-fetch-happen@9.1.0 want: ^1.0.1
3703 silly placeDep node_modules/make-fetch-happen lru-cache@6.0.0 OK for: make-fetch-happen@9.1.0 want: ^6.0.0
3704 silly placeDep node_modules/make-fetch-happen minipass@3.3.6 OK for: make-fetch-happen@9.1.0 want: ^3.1.3
3705 silly placeDep ROOT minipass-fetch@1.4.1 OK for: make-fetch-happen@9.1.0 want: ^1.3.2
3706 silly placeDep ROOT negotiator@0.6.4 OK for: make-fetch-happen@9.1.0 want: ^0.6.2
3707 silly placeDep ROOT promise-retry@2.0.1 OK for: make-fetch-happen@9.1.0 want: ^2.0.1
3708 silly placeDep ROOT socks-proxy-agent@6.2.1 OK for: make-fetch-happen@9.1.0 want: ^6.0.0
3709 silly placeDep node_modules/make-fetch-happen ssri@8.0.1 OK for: make-fetch-happen@9.1.0 want: ^8.0.0
3710 silly fetch manifest humanize-ms@^1.2.1
3711 silly packumentCache full:https://registry.npmjs.org/humanize-ms cache-miss
3712 silly fetch manifest ssri@^8.0.1
3713 silly packumentCache full:https://registry.npmjs.org/ssri cache-hit
3714 silly fetch manifest @npmcli/fs@^1.0.0
3715 silly packumentCache full:https://registry.npmjs.org/@npmcli%2ffs cache-miss
3716 silly fetch manifest unique-filename@^1.1.1
3717 silly packumentCache full:https://registry.npmjs.org/unique-filename cache-miss
3718 silly fetch manifest @npmcli/move-file@^1.0.1
3719 silly packumentCache full:https://registry.npmjs.org/@npmcli%2fmove-file cache-miss
3720 silly fetch manifest agent-base@6
3721 silly packumentCache full:https://registry.npmjs.org/agent-base cache-miss
3722 silly fetch manifest @tootallnate/once@1
3723 silly packumentCache full:https://registry.npmjs.org/@tootallnate%2fonce cache-miss
3724 silly fetch manifest agent-base@6
3725 silly packumentCache full:https://registry.npmjs.org/agent-base cache-miss
3726 http cache https://registry.npmjs.org/unique-filename 6ms (cache hit)
3727 silly packumentCache full:https://registry.npmjs.org/unique-filename set size:24671 disposed:false
3728 silly fetch manifest minipass@^3.1.0
3729 silly packumentCache full:https://registry.npmjs.org/minipass cache-hit
3730 silly fetch manifest minizlib@^2.0.0
3731 silly packumentCache full:https://registry.npmjs.org/minizlib cache-hit
3732 silly fetch manifest minipass-sized@^1.0.3
3733 silly packumentCache full:https://registry.npmjs.org/minipass-sized cache-miss
3734 http cache https://registry.npmjs.org/@npmcli%2ffs 9ms (cache hit)
3735 silly packumentCache full:https://registry.npmjs.org/@npmcli%2ffs set size:42867 disposed:false
3736 silly fetch manifest encoding@^0.1.12
3737 silly packumentCache full:https://registry.npmjs.org/encoding cache-miss
3738 http cache https://registry.npmjs.org/@npmcli%2fmove-file 9ms (cache hit)
3739 silly packumentCache full:https://registry.npmjs.org/@npmcli%2fmove-file set size:25377 disposed:false
3740 silly fetch manifest err-code@^2.0.2
3741 silly packumentCache full:https://registry.npmjs.org/err-code cache-miss
3742 http fetch GET 200 https://registry.npmjs.org/humanize-ms 72ms (cache miss)
3743 silly packumentCache full:https://registry.npmjs.org/humanize-ms set size:undefined disposed:false
3744 silly fetch manifest retry@^0.12.0
3745 silly packumentCache full:https://registry.npmjs.org/retry cache-miss
3746 http fetch GET 200 https://registry.npmjs.org/encoding 65ms (cache miss)
3747 silly packumentCache full:https://registry.npmjs.org/encoding set size:undefined disposed:false
3748 silly fetch manifest socks@^2.6.2
3749 silly packumentCache full:https://registry.npmjs.org/socks cache-miss
3750 http fetch GET 200 https://registry.npmjs.org/err-code 65ms (cache miss)
3751 silly packumentCache full:https://registry.npmjs.org/err-code set size:undefined disposed:false
3752 silly fetch manifest agent-base@^6.0.2
3753 silly packumentCache full:https://registry.npmjs.org/agent-base cache-miss
3754 http fetch GET 200 https://registry.npmjs.org/minipass-sized 70ms (cache miss)
3755 silly packumentCache full:https://registry.npmjs.org/minipass-sized set size:undefined disposed:false
3756 http fetch GET 200 https://registry.npmjs.org/agent-base 80ms (cache miss)
3757 silly packumentCache full:https://registry.npmjs.org/agent-base set size:undefined disposed:false
3758 http fetch GET 200 https://registry.npmjs.org/agent-base 80ms (cache miss)
3759 silly packumentCache full:https://registry.npmjs.org/agent-base set size:undefined disposed:false
3760 http fetch GET 200 https://registry.npmjs.org/@tootallnate%2fonce 82ms (cache miss)
3761 silly packumentCache full:https://registry.npmjs.org/@tootallnate%2fonce set size:undefined disposed:false
3762 http fetch GET 200 https://registry.npmjs.org/retry 56ms (cache miss)
3763 silly packumentCache full:https://registry.npmjs.org/retry set size:undefined disposed:false
3764 http fetch GET 200 https://registry.npmjs.org/agent-base 55ms (cache miss)
3765 silly packumentCache full:https://registry.npmjs.org/agent-base set size:undefined disposed:false
3766 http fetch GET 200 https://registry.npmjs.org/socks 160ms (cache miss)
3767 silly packumentCache full:https://registry.npmjs.org/socks set size:undefined disposed:false
3768 silly placeDep ROOT humanize-ms@1.2.1 OK for: agentkeepalive@4.6.0 want: ^1.2.1
3769 silly placeDep ROOT @tootallnate/once@1.1.2 OK for: http-proxy-agent@4.0.1 want: 1
3770 silly placeDep ROOT agent-base@6.0.2 OK for: http-proxy-agent@4.0.1 want: 6
3771 silly placeDep ROOT encoding@0.1.13 OK for: minipass-fetch@1.4.1 want: ^0.1.12
3772 silly placeDep node_modules/minipass-fetch minipass@3.3.6 OK for: minipass-fetch@1.4.1 want: ^3.1.0
3773 silly placeDep ROOT minipass-sized@1.0.3 OK for: minipass-fetch@1.4.1 want: ^1.0.3
3774 silly placeDep ROOT minizlib@2.1.2 OK for: minipass-fetch@1.4.1 want: ^2.0.0
3775 silly fetch manifest iconv-lite@^0.6.2
3776 silly packumentCache full:https://registry.npmjs.org/iconv-lite cache-miss
3777 http cache https://registry.npmjs.org/iconv-lite 3ms (cache hit)
3778 silly packumentCache full:https://registry.npmjs.org/iconv-lite set size:126462 disposed:false
3779 silly placeDep node_modules/encoding iconv-lite@0.6.3 OK for: encoding@0.1.13 want: ^0.6.2
3780 silly placeDep node_modules/minipass-sized minipass@3.3.6 OK for: minipass-sized@1.0.3 want: ^3.0.0
3781 silly placeDep node_modules/minizlib minipass@3.3.6 OK for: minizlib@2.1.2 want: ^3.0.0
3782 silly placeDep node_modules/minizlib yallist@4.0.0 OK for: minizlib@2.1.2 want: ^4.0.0
3783 silly placeDep ROOT abbrev@1.1.1 OK for: nopt@5.0.0 want: 1
3784 silly placeDep node_modules/npm-install-checks semver@7.8.5 OK for: npm-install-checks@5.0.0 want: ^7.1.1
3785 silly placeDep ROOT hosted-git-info@2.8.9 OK for: npm-package-arg@6.1.1 want: ^2.7.1
3786 silly placeDep ROOT osenv@0.1.5 OK for: npm-package-arg@6.1.1 want: ^0.1.5
3787 silly placeDep ROOT validate-npm-package-name@3.0.0 OK for: npm-package-arg@6.1.1 want: ^3.0.0
3788 silly fetch manifest os-tmpdir@^1.0.0
3789 silly packumentCache full:https://registry.npmjs.org/os-tmpdir cache-miss
3790 silly fetch manifest os-homedir@^1.0.0
3791 silly packumentCache full:https://registry.npmjs.org/os-homedir cache-miss
3792 silly fetch manifest builtins@^1.0.3
3793 silly packumentCache full:https://registry.npmjs.org/builtins cache-miss
3794 http cache https://registry.npmjs.org/os-tmpdir 4ms (cache hit)
3795 silly packumentCache full:https://registry.npmjs.org/os-tmpdir set size:8847 disposed:false
3796 http cache https://registry.npmjs.org/os-homedir 4ms (cache hit)
3797 silly packumentCache full:https://registry.npmjs.org/os-homedir set size:10501 disposed:false
3798 http fetch GET 200 https://registry.npmjs.org/builtins 174ms (cache miss)
3799 silly packumentCache full:https://registry.npmjs.org/builtins set size:undefined disposed:false
3800 silly placeDep node_modules/npm-pick-manifest npm-normalize-package-bin@2.0.0 OK for: npm-pick-manifest@7.0.2 want: ^2.0.0
3801 silly placeDep node_modules/npm-pick-manifest npm-package-arg@9.1.2 OK for: npm-pick-manifest@7.0.2 want: ^9.0.0
3802 silly placeDep node_modules/npm-pick-manifest semver@7.8.5 OK for: npm-pick-manifest@7.0.2 want: ^7.3.5
3803 silly placeDep node_modules/npm-registry-fetch make-fetch-happen@10.2.1 OK for: npm-registry-fetch@13.3.1 want: ^10.0.6
3804 silly placeDep node_modules/npm-registry-fetch minipass@3.3.6 OK for: npm-registry-fetch@13.3.1 want: ^3.1.6
3805 silly placeDep node_modules/npm-registry-fetch minipass-fetch@2.1.2 OK for: npm-registry-fetch@13.3.1 want: ^2.0.3
3806 silly placeDep ROOT minipass-json-stream@1.0.2 OK for: npm-registry-fetch@13.3.1 want: ^1.0.1
3807 silly placeDep node_modules/npm-registry-fetch npm-package-arg@9.1.2 OK for: npm-registry-fetch@13.3.1 want: ^9.0.1
3808 silly fetch manifest http-proxy-agent@^5.0.0
3809 silly packumentCache full:https://registry.npmjs.org/http-proxy-agent cache-miss
3810 silly fetch manifest socks-proxy-agent@^7.0.0
3811 silly packumentCache full:https://registry.npmjs.org/socks-proxy-agent cache-miss
3812 silly fetch manifest jsonparse@^1.3.1
3813 silly packumentCache full:https://registry.npmjs.org/jsonparse cache-miss
3814 http cache https://registry.npmjs.org/http-proxy-agent 4ms (cache hit)
3815 silly packumentCache full:https://registry.npmjs.org/http-proxy-agent set size:57253 disposed:false
3816 http cache https://registry.npmjs.org/socks-proxy-agent 4ms (cache hit)
3817 silly packumentCache full:https://registry.npmjs.org/socks-proxy-agent set size:108698 disposed:false
3818 http fetch GET 200 https://registry.npmjs.org/jsonparse 40ms (cache miss)
3819 silly packumentCache full:https://registry.npmjs.org/jsonparse set size:undefined disposed:false
3820 silly placeDep ROOT jsonparse@1.3.1 OK for: minipass-json-stream@1.0.2 want: ^1.3.1
3821 silly placeDep node_modules/minipass-json-stream minipass@3.3.6 OK for: minipass-json-stream@1.0.2 want: ^3.0.0
3822 silly placeDep node_modules/npm-run-path path-key@2.0.1 OK for: npm-run-path@2.0.2 want: ^2.0.0
3823 silly placeDep ROOT npm-path@2.0.4 OK for: npm-which@3.0.1 want: ^2.0.2
3824 silly placeDep node_modules/npm-which which@1.3.1 OK for: npm-which@3.0.1 want: ^1.2.10
3825 silly placeDep node_modules/npm-path which@1.3.1 OK for: npm-path@2.0.4 want: ^1.2.10
3826 silly placeDep ROOT hasown@2.0.4 OK for: npmignore@0.3.5 want: ^2.0.2
3827 silly fetch manifest function-bind@^1.1.2
3828 silly packumentCache full:https://registry.npmjs.org/function-bind cache-miss
3829 http fetch GET 200 https://registry.npmjs.org/function-bind 37ms (cache miss)
3830 silly packumentCache full:https://registry.npmjs.org/function-bind set size:undefined disposed:false
3831 silly placeDep ROOT function-bind@1.1.2 OK for: hasown@2.0.4 want: ^1.1.2
3832 silly placeDep ROOT are-we-there-yet@3.0.1 OK for: npmlog@6.0.2 want: ^3.0.0
3833 silly placeDep ROOT console-control-strings@1.1.0 OK for: npmlog@6.0.2 want: ^1.1.0
3834 silly placeDep ROOT gauge@4.0.4 OK for: npmlog@6.0.2 want: ^4.0.3
3835 silly placeDep ROOT set-blocking@2.0.0 OK for: npmlog@6.0.2 want: ^2.0.0
3836 silly fetch manifest delegates@^1.0.0
3837 silly packumentCache full:https://registry.npmjs.org/delegates cache-miss
3838 silly fetch manifest readable-stream@^3.6.0
3839 silly packumentCache full:https://registry.npmjs.org/readable-stream cache-hit
3840 silly fetch manifest aproba@^1.0.3 || ^2.0.0
3841 silly packumentCache full:https://registry.npmjs.org/aproba cache-miss
3842 silly fetch manifest wide-align@^1.1.5
3843 silly packumentCache full:https://registry.npmjs.org/wide-align cache-miss
3844 silly fetch manifest has-unicode@^2.0.1
3845 silly packumentCache full:https://registry.npmjs.org/has-unicode cache-miss
3846 silly fetch manifest color-support@^1.1.3
3847 silly packumentCache full:https://registry.npmjs.org/color-support cache-miss
3848 http cache https://registry.npmjs.org/color-support 3ms (cache hit)
3849 silly packumentCache full:https://registry.npmjs.org/color-support set size:13824 disposed:false
3850 http fetch GET 200 https://registry.npmjs.org/delegates 36ms (cache miss)
3851 silly packumentCache full:https://registry.npmjs.org/delegates set size:undefined disposed:false
3852 http fetch GET 200 https://registry.npmjs.org/has-unicode 44ms (cache miss)
3853 silly packumentCache full:https://registry.npmjs.org/has-unicode set size:undefined disposed:false
3854 http fetch GET 200 https://registry.npmjs.org/wide-align 45ms (cache miss)
3855 silly packumentCache full:https://registry.npmjs.org/wide-align set size:undefined disposed:false
3856 http fetch GET 200 https://registry.npmjs.org/aproba 47ms (cache miss)
3857 silly packumentCache full:https://registry.npmjs.org/aproba set size:undefined disposed:false
3858 silly placeDep ROOT delegates@1.0.0 OK for: are-we-there-yet@3.0.1 want: ^1.0.0
3859 silly placeDep node_modules/are-we-there-yet readable-stream@3.6.2 OK for: are-we-there-yet@3.0.1 want: ^3.6.0
3860 silly fetch manifest string_decoder@^1.1.1
3861 silly packumentCache full:https://registry.npmjs.org/string_decoder cache-miss
3862 silly fetch manifest util-deprecate@^1.0.1
3863 silly packumentCache full:https://registry.npmjs.org/util-deprecate cache-miss
3864 http cache https://registry.npmjs.org/string_decoder 3ms (cache hit)
3865 silly packumentCache full:https://registry.npmjs.org/string_decoder set size:28441 disposed:false
3866 http cache https://registry.npmjs.org/util-deprecate 4ms (cache hit)
3867 silly packumentCache full:https://registry.npmjs.org/util-deprecate set size:6674 disposed:false
3868 silly placeDep ROOT aproba@2.1.0 OK for: gauge@4.0.4 want: ^1.0.3 || ^2.0.0
3869 silly placeDep ROOT color-support@1.1.3 OK for: gauge@4.0.4 want: ^1.1.3
3870 silly placeDep ROOT has-unicode@2.0.1 OK for: gauge@4.0.4 want: ^2.0.1
3871 silly placeDep node_modules/gauge signal-exit@3.0.7 OK for: gauge@4.0.4 want: ^3.0.7
3872 silly placeDep node_modules/gauge string-width@4.2.3 OK for: gauge@4.0.4 want: ^4.2.3
3873 silly placeDep ROOT wide-align@1.1.5 OK for: gauge@4.0.4 want: ^1.1.5
3874 silly placeDep node_modules/optionator prelude-ls@1.2.1 OK for: optionator@0.9.4 want: ^1.2.1
3875 silly placeDep node_modules/optionator type-check@0.4.0 OK for: optionator@0.9.4 want: ^0.4.0
3876 silly placeDep node_modules/ora chalk@1.1.3 OK for: ora@0.2.3 want: ^1.1.1
3877 silly placeDep node_modules/ora cli-cursor@1.0.2 OK for: ora@0.2.3 want: ^1.0.2
3878 silly placeDep ROOT cli-spinners@0.1.2 OK for: ora@0.2.3 want: ^0.1.2
3879 silly placeDep ROOT os-homedir@1.0.2 OK for: osenv@0.1.5 want: ^1.0.0
3880 silly placeDep ROOT os-tmpdir@1.0.2 OK for: osenv@0.1.5 want: ^1.0.0
3881 silly placeDep ROOT p-limit@3.1.0 OK for: p-locate@5.0.0 want: ^3.0.2
3882 silly fetch manifest yocto-queue@^0.1.0
3883 silly packumentCache full:https://registry.npmjs.org/yocto-queue cache-miss
3884 http fetch GET 200 https://registry.npmjs.org/yocto-queue 48ms (cache miss)
3885 silly packumentCache full:https://registry.npmjs.org/yocto-queue set size:undefined disposed:false
3886 silly placeDep ROOT yocto-queue@0.1.0 OK for: p-limit@3.1.0 want: ^0.1.0
3887 silly placeDep ROOT @npmcli/git@3.0.2 OK for: pacote@13.6.0 want: ^3.0.0
3888 silly placeDep node_modules/pacote minipass@3.3.6 OK for: pacote@13.6.0 want: ^3.1.6
3889 silly placeDep node_modules/pacote mkdirp@1.0.4 OK for: pacote@13.6.0 want: ^1.0.4
3890 silly placeDep node_modules/pacote npm-package-arg@9.1.2 OK for: pacote@13.6.0 want: ^9.0.0
3891 silly placeDep ROOT npm-packlist@5.1.3 OK for: pacote@13.6.0 want: ^5.1.0
3892 silly placeDep ROOT read-package-json@5.0.2 OK for: pacote@13.6.0 want: ^5.0.0
3893 silly fetch manifest lru-cache@^7.4.4
3894 silly packumentCache full:https://registry.npmjs.org/lru-cache cache-hit
3895 silly fetch manifest ignore-walk@^5.0.1
3896 silly packumentCache full:https://registry.npmjs.org/ignore-walk cache-miss
3897 silly fetch manifest npm-bundled@^2.0.0
3898 silly packumentCache full:https://registry.npmjs.org/npm-bundled cache-miss
3899 silly fetch manifest normalize-package-data@^4.0.0
3900 silly packumentCache full:https://registry.npmjs.org/normalize-package-data cache-miss
3901 http cache https://registry.npmjs.org/npm-bundled 4ms (cache hit)
3902 silly packumentCache full:https://registry.npmjs.org/npm-bundled set size:43807 disposed:false
3903 http fetch GET 200 https://registry.npmjs.org/normalize-package-data 65ms (cache miss)
3904 silly packumentCache full:https://registry.npmjs.org/normalize-package-data set size:undefined disposed:false
3905 http fetch GET 200 https://registry.npmjs.org/ignore-walk 139ms (cache miss)
3906 silly packumentCache full:https://registry.npmjs.org/ignore-walk set size:undefined disposed:false
3907 silly placeDep node_modules/@npmcli/git lru-cache@7.18.3 OK for: @npmcli/git@3.0.2 want: ^7.4.4
3908 silly placeDep node_modules/@npmcli/git mkdirp@1.0.4 OK for: @npmcli/git@3.0.2 want: ^1.0.4
3909 silly placeDep node_modules/@npmcli/git semver@7.8.5 OK for: @npmcli/git@3.0.2 want: ^7.3.5
3910 silly placeDep node_modules/@npmcli/git which@2.0.2 OK for: @npmcli/git@3.0.2 want: ^2.0.2
3911 silly placeDep node_modules/npm-packlist glob@8.1.0 OK for: npm-packlist@5.1.3 want: ^8.0.1
3912 silly placeDep ROOT ignore-walk@5.0.1 OK for: npm-packlist@5.1.3 want: ^5.0.1
3913 silly placeDep node_modules/npm-packlist npm-bundled@2.0.1 OK for: npm-packlist@5.1.3 want: ^2.0.0
3914 silly placeDep node_modules/npm-packlist npm-normalize-package-bin@2.0.0 OK for: npm-packlist@5.1.3 want: ^2.0.0
3915 silly placeDep node_modules/ignore-walk minimatch@5.1.9 OK for: ignore-walk@5.0.1 want: ^5.0.1
3916 silly placeDep ROOT callsites@3.1.0 OK for: parent-module@1.0.1 want: ^3.0.0
3917 silly placeDep ROOT just-diff@5.2.0 OK for: parse-conflict-json@2.0.2 want: ^5.0.1
3918 silly placeDep ROOT just-diff-apply@5.5.0 OK for: parse-conflict-json@2.0.2 want: ^5.2.0
3919 silly placeDep ROOT error-ex@1.3.4 OK for: parse-json@3.0.0 want: ^1.3.1
3920 silly fetch manifest is-arrayish@^0.2.1
3921 silly packumentCache full:https://registry.npmjs.org/is-arrayish cache-miss
3922 http fetch GET 200 https://registry.npmjs.org/is-arrayish 56ms (cache miss)
3923 silly packumentCache full:https://registry.npmjs.org/is-arrayish set size:undefined disposed:false
3924 silly placeDep ROOT is-arrayish@0.2.1 OK for: error-ex@1.3.4 want: ^0.2.1
3925 silly placeDep node_modules/path-scurry lru-cache@10.4.3 OK for: path-scurry@1.11.1 want: ^10.2.0
3926 silly placeDep ROOT irregular-plurals@3.5.0 OK for: plur@4.0.0 want: ^3.2.0
3927 silly placeDep ROOT err-code@2.0.3 OK for: promise-retry@2.0.1 want: ^2.0.2
3928 silly placeDep ROOT retry@0.12.0 OK for: promise-retry@2.0.1 want: ^0.12.0
3929 silly placeDep node_modules/read-package-json glob@8.1.0 OK for: read-package-json@5.0.2 want: ^8.0.1
3930 silly placeDep ROOT normalize-package-data@4.0.1 OK for: read-package-json@5.0.2 want: ^4.0.0
3931 silly placeDep node_modules/read-package-json npm-normalize-package-bin@2.0.0 OK for: read-package-json@5.0.2 want: ^2.0.0
3932 silly fetch manifest is-core-module@^2.8.1
3933 silly packumentCache full:https://registry.npmjs.org/is-core-module cache-miss
3934 silly fetch manifest validate-npm-package-license@^3.0.4
3935 silly packumentCache full:https://registry.npmjs.org/validate-npm-package-license cache-miss
3936 http fetch GET 200 https://registry.npmjs.org/validate-npm-package-license 45ms (cache miss)
3937 silly packumentCache full:https://registry.npmjs.org/validate-npm-package-license set size:undefined disposed:false
3938 http fetch GET 200 https://registry.npmjs.org/is-core-module 76ms (cache miss)
3939 silly packumentCache full:https://registry.npmjs.org/is-core-module set size:undefined disposed:false
3940 silly placeDep node_modules/normalize-package-data hosted-git-info@5.2.1 OK for: normalize-package-data@4.0.1 want: ^5.0.0
3941 silly placeDep ROOT is-core-module@2.17.0 OK for: normalize-package-data@4.0.1 want: ^2.8.1
3942 silly placeDep node_modules/normalize-package-data semver@7.8.5 OK for: normalize-package-data@4.0.1 want: ^7.3.5
3943 silly placeDep ROOT validate-npm-package-license@3.0.4 OK for: normalize-package-data@4.0.1 want: ^3.0.4
3944 silly fetch manifest lru-cache@^7.5.1
3945 silly packumentCache full:https://registry.npmjs.org/lru-cache cache-hit
3946 silly fetch manifest spdx-correct@^3.0.0
3947 silly packumentCache full:https://registry.npmjs.org/spdx-correct cache-miss
3948 silly fetch manifest spdx-expression-parse@^3.0.0
3949 silly packumentCache full:https://registry.npmjs.org/spdx-expression-parse cache-miss
3950 http fetch GET 200 https://registry.npmjs.org/spdx-correct 53ms (cache miss)
3951 silly packumentCache full:https://registry.npmjs.org/spdx-correct set size:undefined disposed:false
3952 http fetch GET 200 https://registry.npmjs.org/spdx-expression-parse 69ms (cache miss)
3953 silly packumentCache full:https://registry.npmjs.org/spdx-expression-parse set size:undefined disposed:false
3954 silly placeDep ROOT core-util-is@1.0.3 OK for: readable-stream@2.3.8 want: ~1.0.0
3955 silly placeDep ROOT isarray@1.0.0 OK for: readable-stream@2.3.8 want: ~1.0.0
3956 silly placeDep ROOT process-nextick-args@2.0.1 OK for: readable-stream@2.3.8 want: ~2.0.0
3957 silly placeDep node_modules/readable-stream safe-buffer@5.1.2 OK for: readable-stream@2.3.8 want: ~5.1.1
3958 silly placeDep ROOT string_decoder@1.1.1 OK for: readable-stream@2.3.8 want: ~1.1.1
3959 silly placeDep ROOT util-deprecate@1.0.2 OK for: readable-stream@2.3.8 want: ~1.0.1
3960 silly fetch manifest safe-buffer@~5.1.0
3961 silly packumentCache full:https://registry.npmjs.org/safe-buffer cache-hit
3962 silly placeDep ROOT debuglog@1.0.1 OK for: readdir-scoped-modules@1.1.0 want: ^1.0.1
3963 silly placeDep ROOT dezalgo@1.0.4 OK for: readdir-scoped-modules@1.1.0 want: ^1.0.0
3964 silly fetch manifest asap@^2.0.0
3965 silly packumentCache full:https://registry.npmjs.org/asap cache-miss
3966 http fetch GET 200 https://registry.npmjs.org/asap 45ms (cache miss)
3967 silly packumentCache full:https://registry.npmjs.org/asap set size:undefined disposed:false
3968 silly placeDep ROOT asap@2.0.6 OK for: dezalgo@1.0.4 want: ^2.0.0
3969 silly placeDep ROOT is-finite@1.1.0 OK for: repeating@2.0.1 want: ^1.0.0
3970 silly placeDep ROOT caller-path@0.1.0 OK for: require-uncached@1.0.3 want: ^0.1.0
3971 silly placeDep node_modules/require-uncached resolve-from@1.0.1 OK for: require-uncached@1.0.3 want: ^1.0.0
3972 silly fetch manifest callsites@^0.2.0
3973 silly packumentCache full:https://registry.npmjs.org/callsites cache-miss
3974 http cache https://registry.npmjs.org/callsites 3ms (cache hit)
3975 silly packumentCache full:https://registry.npmjs.org/callsites set size:21349 disposed:false
3976 silly placeDep node_modules/caller-path callsites@0.2.0 OK for: caller-path@0.1.0 want: ^0.2.0
3977 silly placeDep ROOT onetime@2.0.1 OK for: restore-cursor@2.0.0 want: ^2.0.0
3978 silly placeDep node_modules/restore-cursor signal-exit@3.0.7 OK for: restore-cursor@2.0.0 want: ^3.0.2
3979 silly fetch manifest mimic-fn@^1.0.0
3980 silly packumentCache full:https://registry.npmjs.org/mimic-fn cache-miss
3981 http fetch GET 200 https://registry.npmjs.org/mimic-fn 50ms (cache miss)
3982 silly packumentCache full:https://registry.npmjs.org/mimic-fn set size:undefined disposed:false
3983 silly placeDep ROOT mimic-fn@1.2.0 OK for: onetime@2.0.1 want: ^1.0.0
3984 silly placeDep node_modules/rimraf glob@7.2.3 OK for: rimraf@3.0.2 want: ^7.1.3
3985 silly placeDep node_modules/rxjs symbol-observable@1.0.1 OK for: rxjs@5.5.12 want: 1.0.1
3986 silly placeDep node_modules/safe-publish-latest semver@7.8.5 OK for: safe-publish-latest@2.0.0 want: ^7.3.5
3987 silly placeDep ROOT randombytes@2.1.0 OK for: serialize-javascript@6.0.2 want: ^2.1.0
3988 silly placeDep ROOT shebang-regex@1.0.0 OK for: shebang-command@1.2.0 want: ^1.0.0
3989 silly placeDep ROOT socks@2.8.10 OK for: socks-proxy-agent@6.2.1 want: ^2.6.2
3990 silly fetch manifest ip-address@^10.1.1
3991 silly packumentCache full:https://registry.npmjs.org/ip-address cache-miss
3992 silly fetch manifest smart-buffer@^4.2.0
3993 silly packumentCache full:https://registry.npmjs.org/smart-buffer cache-miss
3994 http fetch GET 200 https://registry.npmjs.org/smart-buffer 61ms (cache miss)
3995 silly packumentCache full:https://registry.npmjs.org/smart-buffer set size:undefined disposed:false
3996 http fetch GET 200 https://registry.npmjs.org/ip-address 99ms (cache miss)
3997 silly packumentCache full:https://registry.npmjs.org/ip-address set size:undefined disposed:false
3998 silly placeDep ROOT ip-address@10.7.3 OK for: socks@2.8.10 want: ^10.1.1
3999 silly placeDep ROOT smart-buffer@4.2.0 OK for: socks@2.8.10 want: ^4.2.0
4000 silly placeDep node_modules/ssri minipass@3.3.6 OK for: ssri@9.0.1 want: ^3.1.1
4001 silly placeDep ROOT any-observable@0.2.0 OK for: stream-to-observable@0.2.0 want: ^0.2.0
4002 silly placeDep node_modules/string_decoder safe-buffer@5.1.2 OK for: string_decoder@1.1.1 want: ~5.1.0
4003 silly placeDep ROOT is-fullwidth-code-point@2.0.0 OK for: string-width@2.1.1 want: ^2.0.0
4004 silly placeDep node_modules/string-width strip-ansi@4.0.0 OK for: string-width@2.1.1 want: ^4.0.0
4005 silly placeDep ROOT emoji-regex@8.0.0 OK for: string-width@4.2.3 want: ^8.0.0
4006 silly placeDep node_modules/string-width-cjs is-fullwidth-code-point@3.0.0 OK for: string-width@4.2.3 want: ^3.0.0
4007 silly placeDep ROOT get-own-enumerable-property-symbols@3.0.2 OK for: stringify-object@3.3.0 want: ^3.0.0
4008 silly placeDep ROOT is-obj@1.0.1 OK for: stringify-object@3.3.0 want: ^1.0.1
4009 silly placeDep ROOT is-regexp@1.0.0 OK for: stringify-object@3.3.0 want: ^1.0.0
4010 silly placeDep node_modules/strip-ansi ansi-regex@5.0.1 OK for: strip-ansi@6.0.1 want: ^5.0.1
4011 silly placeDep node_modules/strip-ansi-cjs ansi-regex@5.0.1 OK for: strip-ansi@6.0.1 want: ^5.0.1
4012 silly placeDep ROOT has-flag@3.0.0 OK for: supports-color@5.5.0 want: ^3.0.0
4013 silly placeDep node_modules/table ajv@5.5.2 OK for: table@4.0.2 want: ^5.2.3
4014 silly placeDep node_modules/table ajv-keywords@2.1.1 OK for: table@4.0.2 want: ^2.1.0
4015 silly placeDep node_modules/table chalk@2.4.2 OK for: table@4.0.2 want: ^2.1.0
4016 silly placeDep node_modules/table slice-ansi@1.0.0 OK for: table@4.0.2 want: 1.0.0
4017 silly placeDep ROOT bind-obj-methods@1.0.0 OK for: tap@10.7.3 want: ^1.0.0
4018 silly placeDep ROOT bluebird@3.7.2 OK for: tap@10.7.3 want: ^3.5.1
4019 silly placeDep ROOT clean-yaml-object@0.1.0 OK for: tap@10.7.3 want: ^0.1.0
4020 silly placeDep ROOT coveralls@2.13.3 OK for: tap@10.7.3 want: ^2.13.3
4021 silly placeDep node_modules/tap foreground-child@1.5.6 OK for: tap@10.7.3 want: ^1.3.3
4022 silly placeDep ROOT fs-exists-cached@1.0.0 OK for: tap@10.7.3 want: ^1.0.0
4023 silly placeDep ROOT function-loop@1.0.2 OK for: tap@10.7.3 want: ^1.0.1
4024 silly placeDep node_modules/tap glob@7.2.3 OK for: tap@10.7.3 want: ^7.0.0
4025 silly placeDep node_modules/tap js-yaml@3.15.2 OK for: tap@10.7.3 want: ^3.10.0
4026 silly placeDep node_modules/tap nyc@11.9.0 OK for: tap@10.7.3 want: ^11.3.0
4027 silly placeDep ROOT opener@1.5.2 OK for: tap@10.7.3 want: ^1.4.1
4028 silly placeDep ROOT own-or@1.0.0 OK for: tap@10.7.3 want: ^1.0.0
4029 silly placeDep ROOT own-or-env@1.0.2 OK for: tap@10.7.3 want: ^1.0.0
4030 silly placeDep node_modules/tap signal-exit@3.0.7 OK for: tap@10.7.3 want: ^3.0.0
4031 silly placeDep node_modules/tap source-map-support@0.4.18 OK for: tap@10.7.3 want: ^0.4.18
4032 silly placeDep ROOT stack-utils@1.0.5 OK for: tap@10.7.3 want: ^1.0.0
4033 silly placeDep ROOT tap-mocha-reporter@3.0.9 OK for: tap@10.7.3 want: ^3.0.6
4034 silly placeDep ROOT tap-parser@5.4.0 OK for: tap@10.7.3 want: ^5.3.1
4035 silly placeDep ROOT tmatch@3.1.0 OK for: tap@10.7.3 want: ^3.1.0
4036 silly placeDep ROOT trivial-deferred@1.1.2 OK for: tap@10.7.3 want: ^1.0.1
4037 silly placeDep ROOT tsame@1.1.2 OK for: tap@10.7.3 want: ^1.1.2
4038 silly placeDep ROOT yapool@1.0.0 OK for: tap@10.7.3 want: ^1.0.0
4039 silly fetch manifest js-yaml@3.6.1
4040 silly packumentCache full:https://registry.npmjs.org/js-yaml cache-hit
4041 silly fetch manifest lcov-parse@0.0.10
4042 silly packumentCache full:https://registry.npmjs.org/lcov-parse cache-miss
4043 silly fetch manifest log-driver@1.2.5
4044 silly packumentCache full:https://registry.npmjs.org/log-driver cache-miss
4045 silly fetch manifest minimist@1.2.0
4046 silly packumentCache full:https://registry.npmjs.org/minimist cache-hit
4047 silly fetch manifest request@2.79.0
4048 silly packumentCache full:https://registry.npmjs.org/request cache-miss
4049 silly fetch manifest cross-spawn@^4
4050 silly packumentCache full:https://registry.npmjs.org/cross-spawn cache-hit
4051 silly fetch manifest source-map@^0.5.6
4052 silly packumentCache full:https://registry.npmjs.org/source-map cache-miss
4053 silly fetch manifest escape-string-regexp@^2.0.0
4054 silly packumentCache full:https://registry.npmjs.org/escape-string-regexp cache-hit
4055 silly fetch manifest debug@^2.1.3
4056 silly packumentCache full:https://registry.npmjs.org/debug cache-hit
4057 silly fetch manifest diff@^1.3.2
4058 silly packumentCache full:https://registry.npmjs.org/diff cache-hit
4059 silly fetch manifest escape-string-regexp@^1.0.3
4060 silly packumentCache full:https://registry.npmjs.org/escape-string-regexp cache-hit
4061 silly fetch manifest glob@^7.0.5
4062 silly packumentCache full:https://registry.npmjs.org/glob cache-hit
4063 silly fetch manifest js-yaml@^3.3.1
4064 silly packumentCache full:https://registry.npmjs.org/js-yaml cache-hit
4065 silly fetch manifest tap-parser@^5.1.0
4066 silly packumentCache full:https://registry.npmjs.org/tap-parser cache-miss
4067 silly fetch manifest unicode-length@^1.0.0
4068 silly packumentCache full:https://registry.npmjs.org/unicode-length cache-miss
4069 silly fetch manifest js-yaml@^3.2.7
4070 silly packumentCache full:https://registry.npmjs.org/js-yaml cache-hit
4071 silly fetch manifest events-to-array@^1.0.1
4072 silly packumentCache full:https://registry.npmjs.org/events-to-array cache-miss
4073 http cache https://registry.npmjs.org/source-map 9ms (cache hit)
4074 silly packumentCache full:https://registry.npmjs.org/source-map set size:231637 disposed:false
4075 http cache https://registry.npmjs.org/tap-parser 10ms (cache hit)
4076 silly packumentCache full:https://registry.npmjs.org/tap-parser set size:253830 disposed:false
4077 http fetch GET 200 https://registry.npmjs.org/log-driver 156ms (cache miss)
4078 silly packumentCache full:https://registry.npmjs.org/log-driver set size:undefined disposed:false
4079 http fetch GET 200 https://registry.npmjs.org/unicode-length 153ms (cache miss)
4080 silly packumentCache full:https://registry.npmjs.org/unicode-length set size:undefined disposed:false
4081 http fetch GET 200 https://registry.npmjs.org/lcov-parse 159ms (cache miss)
4082 silly packumentCache full:https://registry.npmjs.org/lcov-parse set size:undefined disposed:false
4083 http fetch GET 200 https://registry.npmjs.org/events-to-array 154ms (cache miss)
4084 silly packumentCache full:https://registry.npmjs.org/events-to-array set size:undefined disposed:false
4085 http fetch GET 200 https://registry.npmjs.org/request 275ms (cache miss)
4086 silly packumentCache full:https://registry.npmjs.org/request set size:undefined disposed:false
4087 silly placeDep node_modules/coveralls js-yaml@3.6.1 OK for: coveralls@2.13.3 want: 3.6.1
4088 silly placeDep ROOT lcov-parse@0.0.10 OK for: coveralls@2.13.3 want: 0.0.10
4089 silly placeDep ROOT log-driver@1.2.5 OK for: coveralls@2.13.3 want: 1.2.5
4090 silly placeDep node_modules/coveralls minimist@1.2.0 OK for: coveralls@2.13.3 want: 1.2.0
4091 silly placeDep ROOT request@2.79.0 OK for: coveralls@2.13.3 want: 2.79.0
4092 silly fetch manifest esprima@^2.6.0
4093 silly packumentCache full:https://registry.npmjs.org/esprima cache-miss
4094 silly fetch manifest qs@~6.3.0
4095 silly packumentCache full:https://registry.npmjs.org/qs cache-miss
4096 silly fetch manifest aws4@^1.2.1
4097 silly packumentCache full:https://registry.npmjs.org/aws4 cache-miss
4098 silly fetch manifest hawk@~3.1.3
4099 silly packumentCache full:https://registry.npmjs.org/hawk cache-miss
4100 silly fetch manifest uuid@^3.0.0
4101 silly packumentCache full:https://registry.npmjs.org/uuid cache-miss
4102 silly fetch manifest extend@~3.0.0
4103 silly packumentCache full:https://registry.npmjs.org/extend cache-miss
4104 silly fetch manifest caseless@~0.11.0
4105 silly packumentCache full:https://registry.npmjs.org/caseless cache-miss
4106 http cache https://registry.npmjs.org/esprima 7ms (cache hit)
4107 silly packumentCache full:https://registry.npmjs.org/esprima set size:118410 disposed:false
4108 silly fetch manifest isstream@~0.1.2
4109 silly packumentCache full:https://registry.npmjs.org/isstream cache-miss
4110 http cache https://registry.npmjs.org/qs 9ms (cache hit)
4111 silly packumentCache full:https://registry.npmjs.org/qs set size:365613 disposed:false
4112 silly fetch manifest aws-sign2@~0.6.0
4113 silly packumentCache full:https://registry.npmjs.org/aws-sign2 cache-miss
4114 http fetch GET 200 https://registry.npmjs.org/caseless 68ms (cache miss)
4115 silly packumentCache full:https://registry.npmjs.org/caseless set size:undefined disposed:false
4116 silly fetch manifest form-data@~2.1.1
4117 silly packumentCache full:https://registry.npmjs.org/form-data cache-miss
4118 http fetch GET 200 https://registry.npmjs.org/extend 69ms (cache miss)
4119 silly packumentCache full:https://registry.npmjs.org/extend set size:undefined disposed:false
4120 silly fetch manifest mime-types@~2.1.7
4121 silly packumentCache full:https://registry.npmjs.org/mime-types cache-miss
4122 http fetch GET 200 https://registry.npmjs.org/aws-sign2 72ms (cache miss)
4123 silly packumentCache full:https://registry.npmjs.org/aws-sign2 set size:undefined disposed:false
4124 silly fetch manifest oauth-sign@~0.8.1
4125 silly packumentCache full:https://registry.npmjs.org/oauth-sign cache-miss
4126 http fetch GET 200 https://registry.npmjs.org/isstream 80ms (cache miss)
4127 silly packumentCache full:https://registry.npmjs.org/isstream set size:undefined disposed:false
4128 silly fetch manifest stringstream@~0.0.4
4129 silly packumentCache full:https://registry.npmjs.org/stringstream cache-miss
4130 http fetch GET 200 https://registry.npmjs.org/aws4 101ms (cache miss)
4131 silly packumentCache full:https://registry.npmjs.org/aws4 set size:undefined disposed:false
4132 silly fetch manifest tough-cookie@~2.3.0
4133 silly packumentCache full:https://registry.npmjs.org/tough-cookie cache-miss
4134 http fetch GET 200 https://registry.npmjs.org/uuid 113ms (cache miss)
4135 silly packumentCache full:https://registry.npmjs.org/uuid set size:undefined disposed:false
4136 silly fetch manifest tunnel-agent@~0.4.1
4137 silly packumentCache full:https://registry.npmjs.org/tunnel-agent cache-miss
4138 http fetch GET 200 https://registry.npmjs.org/oauth-sign 156ms (cache miss)
4139 silly packumentCache full:https://registry.npmjs.org/oauth-sign set size:undefined disposed:false
4140 silly fetch manifest forever-agent@~0.6.1
4141 silly packumentCache full:https://registry.npmjs.org/forever-agent cache-miss
4142 http fetch GET 200 https://registry.npmjs.org/tunnel-agent 131ms (cache miss)
4143 silly packumentCache full:https://registry.npmjs.org/tunnel-agent set size:undefined disposed:false
4144 silly fetch manifest har-validator@~2.0.6
4145 silly packumentCache full:https://registry.npmjs.org/har-validator cache-miss
4146 http fetch GET 200 https://registry.npmjs.org/form-data 181ms (cache miss)
4147 silly packumentCache full:https://registry.npmjs.org/form-data set size:undefined disposed:false
4148 silly fetch manifest is-typedarray@~1.0.0
4149 silly packumentCache full:https://registry.npmjs.org/is-typedarray cache-miss
4150 http fetch GET 200 https://registry.npmjs.org/hawk 276ms (cache miss)
4151 silly packumentCache full:https://registry.npmjs.org/hawk set size:undefined disposed:false
4152 silly fetch manifest http-signature@~1.1.0
4153 silly packumentCache full:https://registry.npmjs.org/http-signature cache-miss
4154 http fetch GET 200 https://registry.npmjs.org/mime-types 209ms (cache miss)
4155 silly packumentCache full:https://registry.npmjs.org/mime-types set size:undefined disposed:false
4156 silly fetch manifest combined-stream@~1.0.5
4157 silly packumentCache full:https://registry.npmjs.org/combined-stream cache-miss
4158 http fetch GET 200 https://registry.npmjs.org/tough-cookie 181ms (cache miss)
4159 silly packumentCache full:https://registry.npmjs.org/tough-cookie set size:undefined disposed:false
4160 silly fetch manifest json-stringify-safe@~5.0.1
4161 silly packumentCache full:https://registry.npmjs.org/json-stringify-safe cache-miss
4162 http fetch GET 200 https://registry.npmjs.org/stringstream 204ms (cache miss)
4163 silly packumentCache full:https://registry.npmjs.org/stringstream set size:undefined disposed:false
4164 http fetch GET 200 https://registry.npmjs.org/forever-agent 102ms (cache miss)
4165 silly packumentCache full:https://registry.npmjs.org/forever-agent set size:undefined disposed:false
4166 http fetch GET 200 https://registry.npmjs.org/is-typedarray 93ms (cache miss)
4167 silly packumentCache full:https://registry.npmjs.org/is-typedarray set size:undefined disposed:false
4168 http fetch GET 200 https://registry.npmjs.org/json-stringify-safe 82ms (cache miss)
4169 silly packumentCache full:https://registry.npmjs.org/json-stringify-safe set size:undefined disposed:false
4170 http fetch GET 200 https://registry.npmjs.org/har-validator 119ms (cache miss)
4171 silly packumentCache full:https://registry.npmjs.org/har-validator set size:undefined disposed:false
4172 http fetch GET 200 https://registry.npmjs.org/combined-stream 122ms (cache miss)
4173 silly packumentCache full:https://registry.npmjs.org/combined-stream set size:undefined disposed:false
4174 http fetch GET 200 https://registry.npmjs.org/http-signature 125ms (cache miss)
4175 silly packumentCache full:https://registry.npmjs.org/http-signature set size:undefined disposed:false
4176 silly placeDep ROOT aws-sign2@0.6.0 OK for: request@2.79.0 want: ~0.6.0
4177 silly placeDep ROOT aws4@1.13.2 OK for: request@2.79.0 want: ^1.2.1
4178 silly placeDep ROOT caseless@0.11.0 OK for: request@2.79.0 want: ~0.11.0
4179 silly placeDep ROOT combined-stream@1.0.8 OK for: request@2.79.0 want: ~1.0.5
4180 silly placeDep ROOT extend@3.0.2 OK for: request@2.79.0 want: ~3.0.0
4181 silly placeDep ROOT forever-agent@0.6.1 OK for: request@2.79.0 want: ~0.6.1
4182 silly placeDep ROOT form-data@2.1.4 OK for: request@2.79.0 want: ~2.1.1
4183 silly placeDep ROOT har-validator@2.0.6 OK for: request@2.79.0 want: ~2.0.6
4184 silly placeDep ROOT hawk@3.1.3 OK for: request@2.79.0 want: ~3.1.3
4185 silly placeDep ROOT http-signature@1.1.1 OK for: request@2.79.0 want: ~1.1.0
4186 silly placeDep ROOT is-typedarray@1.0.0 OK for: request@2.79.0 want: ~1.0.0
4187 silly placeDep ROOT isstream@0.1.2 OK for: request@2.79.0 want: ~0.1.2
4188 silly placeDep ROOT json-stringify-safe@5.0.1 OK for: request@2.79.0 want: ~5.0.1
4189 silly placeDep ROOT mime-types@2.1.35 OK for: request@2.79.0 want: ~2.1.7
4190 silly placeDep ROOT oauth-sign@0.8.2 OK for: request@2.79.0 want: ~0.8.1
4191 silly placeDep ROOT qs@6.3.5 OK for: request@2.79.0 want: ~6.3.0
4192 silly placeDep ROOT stringstream@0.0.6 OK for: request@2.79.0 want: ~0.0.4
4193 silly placeDep ROOT tough-cookie@2.3.4 OK for: request@2.79.0 want: ~2.3.0
4194 silly placeDep ROOT tunnel-agent@0.4.3 OK for: request@2.79.0 want: ~0.4.1
4195 silly placeDep ROOT uuid@3.4.0 OK for: request@2.79.0 want: ^3.0.0
4196 silly fetch manifest delayed-stream@~1.0.0
4197 silly packumentCache full:https://registry.npmjs.org/delayed-stream cache-miss
4198 silly fetch manifest asynckit@^0.4.0
4199 silly packumentCache full:https://registry.npmjs.org/asynckit cache-miss
4200 silly fetch manifest mime-types@^2.1.12
4201 silly packumentCache full:https://registry.npmjs.org/mime-types cache-miss
4202 silly fetch manifest is-my-json-valid@^2.12.4
4203 silly packumentCache full:https://registry.npmjs.org/is-my-json-valid cache-miss
4204 silly fetch manifest pinkie-promise@^2.0.0
4205 silly packumentCache full:https://registry.npmjs.org/pinkie-promise cache-miss
4206 silly fetch manifest boom@2.x.x
4207 silly packumentCache full:https://registry.npmjs.org/boom cache-miss
4208 silly fetch manifest hoek@2.x.x
4209 silly packumentCache full:https://registry.npmjs.org/hoek cache-miss
4210 http cache https://registry.npmjs.org/mime-types 7ms (cache hit)
4211 silly packumentCache full:https://registry.npmjs.org/mime-types set size:139110 disposed:false
4212 silly fetch manifest sntp@1.x.x
4213 silly packumentCache full:https://registry.npmjs.org/sntp cache-miss
4214 http fetch GET 200 https://registry.npmjs.org/asynckit 66ms (cache miss)
4215 silly packumentCache full:https://registry.npmjs.org/asynckit set size:undefined disposed:false
4216 silly fetch manifest cryptiles@2.x.x
4217 silly packumentCache full:https://registry.npmjs.org/cryptiles cache-miss
4218 http fetch GET 200 https://registry.npmjs.org/delayed-stream 68ms (cache miss)
4219 silly packumentCache full:https://registry.npmjs.org/delayed-stream set size:undefined disposed:false
4220 silly fetch manifest sshpk@^1.7.0
4221 silly packumentCache full:https://registry.npmjs.org/sshpk cache-miss
4222 http fetch GET 200 https://registry.npmjs.org/pinkie-promise 164ms (cache miss)
4223 silly packumentCache full:https://registry.npmjs.org/pinkie-promise set size:undefined disposed:false
4224 silly fetch manifest jsprim@^1.2.2
4225 silly packumentCache full:https://registry.npmjs.org/jsprim cache-miss
4226 http fetch GET 200 https://registry.npmjs.org/sshpk 148ms (cache miss)
4227 silly packumentCache full:https://registry.npmjs.org/sshpk set size:undefined disposed:false
4228 silly fetch manifest assert-plus@^0.2.0
4229 silly packumentCache full:https://registry.npmjs.org/assert-plus cache-miss
4230 http fetch GET 200 https://registry.npmjs.org/boom 225ms (cache miss)
4231 silly packumentCache full:https://registry.npmjs.org/boom set size:undefined disposed:false
4232 silly fetch manifest mime-db@1.52.0
4233 silly packumentCache full:https://registry.npmjs.org/mime-db cache-miss
4234 http fetch GET 200 https://registry.npmjs.org/is-my-json-valid 239ms (cache miss)
4235 silly packumentCache full:https://registry.npmjs.org/is-my-json-valid set size:undefined disposed:false
4236 silly fetch manifest punycode@^1.4.1
4237 silly packumentCache full:https://registry.npmjs.org/punycode cache-miss
4238 http fetch GET 200 https://registry.npmjs.org/hoek 248ms (cache miss)
4239 silly packumentCache full:https://registry.npmjs.org/hoek set size:undefined disposed:false
4240 http cache https://registry.npmjs.org/punycode 11ms (cache hit)
4241 silly packumentCache full:https://registry.npmjs.org/punycode set size:61278 disposed:false
4242 http fetch GET 200 https://registry.npmjs.org/sntp 247ms (cache miss)
4243 silly packumentCache full:https://registry.npmjs.org/sntp set size:undefined disposed:false
4244 http fetch GET 200 https://registry.npmjs.org/cryptiles 189ms (cache miss)
4245 silly packumentCache full:https://registry.npmjs.org/cryptiles set size:undefined disposed:false
4246 http fetch GET 200 https://registry.npmjs.org/assert-plus 80ms (cache miss)
4247 silly packumentCache full:https://registry.npmjs.org/assert-plus set size:undefined disposed:false
4248 http fetch GET 200 https://registry.npmjs.org/jsprim 134ms (cache miss)
4249 silly packumentCache full:https://registry.npmjs.org/jsprim set size:undefined disposed:false
4250 http fetch GET 200 https://registry.npmjs.org/mime-db 112ms (cache miss)
4251 silly packumentCache full:https://registry.npmjs.org/mime-db set size:undefined disposed:false
4252 silly placeDep ROOT delayed-stream@1.0.0 OK for: combined-stream@1.0.8 want: ~1.0.0
4253 silly placeDep ROOT asynckit@0.4.0 OK for: form-data@2.1.4 want: ^0.4.0
4254 silly placeDep node_modules/har-validator chalk@1.1.3 OK for: har-validator@2.0.6 want: ^1.1.1
4255 silly placeDep ROOT is-my-json-valid@2.20.6 OK for: har-validator@2.0.6 want: ^2.12.4
4256 silly placeDep ROOT pinkie-promise@2.0.1 OK for: har-validator@2.0.6 want: ^2.0.0
4257 silly fetch manifest xtend@^4.0.0
4258 silly packumentCache full:https://registry.npmjs.org/xtend cache-miss
4259 silly fetch manifest jsonpointer@^5.0.0
4260 silly packumentCache full:https://registry.npmjs.org/jsonpointer cache-miss
4261 silly fetch manifest is-my-ip-valid@^1.0.0
4262 silly packumentCache full:https://registry.npmjs.org/is-my-ip-valid cache-miss
4263 silly fetch manifest generate-function@^2.0.0
4264 silly packumentCache full:https://registry.npmjs.org/generate-function cache-miss
4265 silly fetch manifest generate-object-property@^1.1.0
4266 silly packumentCache full:https://registry.npmjs.org/generate-object-property cache-miss
4267 silly fetch manifest pinkie@^2.0.0
4268 silly packumentCache full:https://registry.npmjs.org/pinkie cache-miss
4269 http fetch GET 200 https://registry.npmjs.org/pinkie 50ms (cache miss)
4270 silly packumentCache full:https://registry.npmjs.org/pinkie set size:undefined disposed:false
4271 http fetch GET 200 https://registry.npmjs.org/xtend 54ms (cache miss)
4272 silly packumentCache full:https://registry.npmjs.org/xtend set size:undefined disposed:false
4273 http fetch GET 200 https://registry.npmjs.org/generate-function 54ms (cache miss)
4274 silly packumentCache full:https://registry.npmjs.org/generate-function set size:undefined disposed:false
4275 http fetch GET 200 https://registry.npmjs.org/jsonpointer 56ms (cache miss)
4276 silly packumentCache full:https://registry.npmjs.org/jsonpointer set size:undefined disposed:false
4277 http fetch GET 200 https://registry.npmjs.org/is-my-ip-valid 116ms (cache miss)
4278 silly packumentCache full:https://registry.npmjs.org/is-my-ip-valid set size:undefined disposed:false
4279 http fetch GET 200 https://registry.npmjs.org/generate-object-property 127ms (cache miss)
4280 silly packumentCache full:https://registry.npmjs.org/generate-object-property set size:undefined disposed:false
4281 silly placeDep ROOT boom@2.10.1 OK for: hawk@3.1.3 want: 2.x.x
4282 silly placeDep ROOT cryptiles@2.0.5 OK for: hawk@3.1.3 want: 2.x.x
4283 silly placeDep ROOT hoek@2.16.3 OK for: hawk@3.1.3 want: 2.x.x
4284 silly placeDep ROOT sntp@1.0.9 OK for: hawk@3.1.3 want: 1.x.x
4285 silly placeDep ROOT assert-plus@0.2.0 OK for: http-signature@1.1.1 want: ^0.2.0
4286 silly placeDep ROOT jsprim@1.4.2 OK for: http-signature@1.1.1 want: ^1.2.2
4287 silly placeDep ROOT sshpk@1.18.0 OK for: http-signature@1.1.1 want: ^1.7.0
4288 silly fetch manifest verror@1.10.0
4289 silly packumentCache full:https://registry.npmjs.org/verror cache-miss
4290 silly fetch manifest extsprintf@1.3.0
4291 silly packumentCache full:https://registry.npmjs.org/extsprintf cache-miss
4292 silly fetch manifest assert-plus@1.0.0
4293 silly packumentCache full:https://registry.npmjs.org/assert-plus cache-miss
4294 silly fetch manifest json-schema@0.4.0
4295 silly packumentCache full:https://registry.npmjs.org/json-schema cache-miss
4296 silly fetch manifest asn1@~0.2.3
4297 silly packumentCache full:https://registry.npmjs.org/asn1 cache-miss
4298 silly fetch manifest jsbn@~0.1.0
4299 silly packumentCache full:https://registry.npmjs.org/jsbn cache-miss
4300 silly fetch manifest getpass@^0.1.1
4301 silly packumentCache full:https://registry.npmjs.org/getpass cache-miss
4302 http cache https://registry.npmjs.org/assert-plus 6ms (cache hit)
4303 silly packumentCache full:https://registry.npmjs.org/assert-plus set size:16225 disposed:false
4304 silly fetch manifest dashdash@^1.12.0
4305 silly packumentCache full:https://registry.npmjs.org/dashdash cache-miss
4306 http fetch GET 200 https://registry.npmjs.org/json-schema 58ms (cache miss)
4307 silly packumentCache full:https://registry.npmjs.org/json-schema set size:undefined disposed:false
4308 silly fetch manifest ecc-jsbn@~0.1.1
4309 silly packumentCache full:https://registry.npmjs.org/ecc-jsbn cache-miss
4310 http fetch GET 200 https://registry.npmjs.org/extsprintf 60ms (cache miss)
4311 silly packumentCache full:https://registry.npmjs.org/extsprintf set size:undefined disposed:false
4312 silly fetch manifest tweetnacl@~0.14.0
4313 silly packumentCache full:https://registry.npmjs.org/tweetnacl cache-miss
4314 http fetch GET 200 https://registry.npmjs.org/jsbn 64ms (cache miss)
4315 silly packumentCache full:https://registry.npmjs.org/jsbn set size:undefined disposed:false
4316 silly fetch manifest assert-plus@^1.0.0
4317 silly packumentCache full:https://registry.npmjs.org/assert-plus cache-hit
4318 silly fetch manifest bcrypt-pbkdf@^1.0.0
4319 silly packumentCache full:https://registry.npmjs.org/bcrypt-pbkdf cache-miss
4320 http fetch GET 200 https://registry.npmjs.org/asn1 67ms (cache miss)
4321 silly packumentCache full:https://registry.npmjs.org/asn1 set size:undefined disposed:false
4322 http fetch GET 200 https://registry.npmjs.org/verror 72ms (cache miss)
4323 silly packumentCache full:https://registry.npmjs.org/verror set size:undefined disposed:false
4324 http fetch GET 200 https://registry.npmjs.org/dashdash 65ms (cache miss)
4325 silly packumentCache full:https://registry.npmjs.org/dashdash set size:undefined disposed:false
4326 http fetch GET 200 https://registry.npmjs.org/ecc-jsbn 37ms (cache miss)
4327 silly packumentCache full:https://registry.npmjs.org/ecc-jsbn set size:undefined disposed:false
4328 http fetch GET 200 https://registry.npmjs.org/tweetnacl 50ms (cache miss)
4329 silly packumentCache full:https://registry.npmjs.org/tweetnacl set size:undefined disposed:false
4330 http fetch GET 200 https://registry.npmjs.org/bcrypt-pbkdf 52ms (cache miss)
4331 silly packumentCache full:https://registry.npmjs.org/bcrypt-pbkdf set size:undefined disposed:false
4332 http fetch GET 200 https://registry.npmjs.org/getpass 130ms (cache miss)
4333 silly packumentCache full:https://registry.npmjs.org/getpass set size:undefined disposed:false
4334 silly placeDep ROOT generate-function@2.3.1 OK for: is-my-json-valid@2.20.6 want: ^2.0.0
4335 silly placeDep ROOT generate-object-property@1.2.0 OK for: is-my-json-valid@2.20.6 want: ^1.1.0
4336 silly placeDep ROOT is-my-ip-valid@1.0.1 OK for: is-my-json-valid@2.20.6 want: ^1.0.0
4337 silly placeDep ROOT jsonpointer@5.0.1 OK for: is-my-json-valid@2.20.6 want: ^5.0.0
4338 silly placeDep ROOT xtend@4.0.2 OK for: is-my-json-valid@2.20.6 want: ^4.0.0
4339 silly fetch manifest is-property@^1.0.2
4340 silly packumentCache full:https://registry.npmjs.org/is-property cache-miss
4341 silly fetch manifest is-property@^1.0.0
4342 silly packumentCache full:https://registry.npmjs.org/is-property cache-miss
4343 http fetch GET 200 https://registry.npmjs.org/is-property 39ms (cache miss)
4344 silly packumentCache full:https://registry.npmjs.org/is-property set size:undefined disposed:false
4345 http fetch GET 200 https://registry.npmjs.org/is-property 40ms (cache miss)
4346 silly packumentCache full:https://registry.npmjs.org/is-property set size:undefined disposed:false
4347 silly placeDep ROOT is-property@1.0.2 OK for: generate-function@2.3.1 want: ^1.0.2
4348 silly placeDep node_modules/jsprim assert-plus@1.0.0 OK for: jsprim@1.4.2 want: 1.0.0
4349 silly placeDep ROOT extsprintf@1.3.0 OK for: jsprim@1.4.2 want: 1.3.0
4350 silly placeDep ROOT json-schema@0.4.0 OK for: jsprim@1.4.2 want: 0.4.0
4351 silly placeDep ROOT verror@1.10.0 OK for: jsprim@1.4.2 want: 1.10.0
4352 silly fetch manifest core-util-is@1.0.2
4353 silly packumentCache full:https://registry.npmjs.org/core-util-is cache-miss
4354 http cache https://registry.npmjs.org/core-util-is 2ms (cache hit)
4355 silly packumentCache full:https://registry.npmjs.org/core-util-is set size:7163 disposed:false
4356 silly placeDep ROOT mime-db@1.52.0 OK for: mime-types@2.1.35 want: 1.52.0
4357 silly placeDep ROOT pinkie@2.0.4 OK for: pinkie-promise@2.0.1 want: ^2.0.0
4358 silly placeDep ROOT asn1@0.2.6 OK for: sshpk@1.18.0 want: ~0.2.3
4359 silly placeDep node_modules/sshpk assert-plus@1.0.0 OK for: sshpk@1.18.0 want: ^1.0.0
4360 silly placeDep ROOT bcrypt-pbkdf@1.0.2 OK for: sshpk@1.18.0 want: ^1.0.0
4361 silly placeDep ROOT dashdash@1.14.1 OK for: sshpk@1.18.0 want: ^1.12.0
4362 silly placeDep ROOT ecc-jsbn@0.1.2 OK for: sshpk@1.18.0 want: ~0.1.1
4363 silly placeDep ROOT getpass@0.1.7 OK for: sshpk@1.18.0 want: ^0.1.1
4364 silly placeDep ROOT jsbn@0.1.1 OK for: sshpk@1.18.0 want: ~0.1.0
4365 silly placeDep ROOT tweetnacl@0.14.5 OK for: sshpk@1.18.0 want: ~0.14.0
4366 silly fetch manifest tweetnacl@^0.14.3
4367 silly packumentCache full:https://registry.npmjs.org/tweetnacl cache-miss
4368 http cache https://registry.npmjs.org/tweetnacl 2ms (cache hit)
4369 silly packumentCache full:https://registry.npmjs.org/tweetnacl set size:79790 disposed:false
4370 silly placeDep node_modules/dashdash assert-plus@1.0.0 OK for: dashdash@1.14.1 want: ^1.0.0
4371 silly placeDep node_modules/getpass assert-plus@1.0.0 OK for: getpass@0.1.7 want: ^1.0.0
4372 silly placeDep node_modules/stack-utils escape-string-regexp@2.0.0 OK for: stack-utils@1.0.5 want: ^2.0.0
4373 silly placeDep node_modules/tap-mocha-reporter debug@2.6.9 OK for: tap-mocha-reporter@3.0.9 want: ^2.1.3
4374 silly placeDep node_modules/tap-mocha-reporter diff@1.4.0 OK for: tap-mocha-reporter@3.0.9 want: ^1.3.2
4375 silly placeDep node_modules/tap-mocha-reporter escape-string-regexp@1.0.5 OK for: tap-mocha-reporter@3.0.9 want: ^1.0.3
4376 silly placeDep node_modules/tap-mocha-reporter glob@7.2.3 OK for: tap-mocha-reporter@3.0.9 want: ^7.0.5
4377 silly placeDep node_modules/tap-mocha-reporter js-yaml@3.15.2 OK for: tap-mocha-reporter@3.0.9 want: ^3.3.1
4378 silly placeDep ROOT unicode-length@1.0.3 OK for: tap-mocha-reporter@3.0.9 want: ^1.0.0
4379 silly fetch manifest punycode@^1.3.2
4380 silly packumentCache full:https://registry.npmjs.org/punycode cache-hit
4381 silly placeDep ROOT events-to-array@1.1.2 OK for: tap-parser@5.4.0 want: ^1.0.1
4382 silly placeDep node_modules/tap-parser js-yaml@3.15.2 OK for: tap-parser@5.4.0 want: ^3.2.7
4383 silly placeDep ROOT @ljharb/now@1.0.1 OK for: tape@5.10.2 want: ^1.0.1
4384 silly placeDep ROOT @ljharb/resumer@0.1.3 OK for: tape@5.10.2 want: ^0.1.3
4385 silly placeDep ROOT @ljharb/through@2.3.14 OK for: tape@5.10.2 want: ^2.3.14
4386 silly placeDep ROOT array.prototype.every@1.1.7 OK for: tape@5.10.2 want: ^1.1.7
4387 silly placeDep ROOT call-bind@1.0.9 OK for: tape@5.10.2 want: ^1.0.9
4388 silly placeDep ROOT call-bound@1.0.4 OK for: tape@5.10.2 want: ^1.0.4
4389 silly placeDep ROOT deep-equal@2.2.3 OK for: tape@5.10.2 want: ^2.2.3
4390 silly placeDep ROOT defined@1.0.1 OK for: tape@5.10.2 want: ^1.0.1
4391 silly placeDep ROOT dotignore@0.1.2 OK for: tape@5.10.2 want: ^0.1.2
4392 silly placeDep ROOT es-object-atoms@1.1.2 OK for: tape@5.10.2 want: ^1.1.2
4393 silly placeDep ROOT for-each@0.3.5 OK for: tape@5.10.2 want: ^0.3.5
4394 silly placeDep ROOT get-package-type@0.1.0 OK for: tape@5.10.2 want: ^0.1.0
4395 silly placeDep node_modules/tape glob@7.2.3 OK for: tape@5.10.2 want: ^7.2.3
4396 silly placeDep ROOT has-dynamic-import@2.1.1 OK for: tape@5.10.2 want: ^2.1.1
4397 silly placeDep ROOT is-regex@1.2.1 OK for: tape@5.10.2 want: ^1.2.1
4398 silly placeDep ROOT mock-property@1.1.2 OK for: tape@5.10.2 want: ^1.1.0
4399 silly placeDep ROOT object-is@1.1.6 OK for: tape@5.10.2 want: ^1.1.6
4400 silly placeDep ROOT object-keys@1.1.1 OK for: tape@5.10.2 want: ^1.1.1
4401 silly placeDep ROOT object.assign@4.1.7 OK for: tape@5.10.2 want: ^4.1.7
4402 silly placeDep ROOT resolve@2.0.0-next.7 OK for: tape@5.10.2 want: ^2.0.0-next.7
4403 silly placeDep ROOT string.prototype.trim@1.2.11 OK for: tape@5.10.2 want: ^1.2.11
4404 silly fetch manifest get-intrinsic@^1.3.0
4405 silly packumentCache full:https://registry.npmjs.org/get-intrinsic cache-miss
4406 silly fetch manifest call-bind-apply-helpers@^1.0.2
4407 silly packumentCache full:https://registry.npmjs.org/call-bind-apply-helpers cache-miss
4408 silly fetch manifest @ljharb/through@^2.3.13
4409 silly packumentCache full:https://registry.npmjs.org/@ljharb%2fthrough cache-miss
4410 silly fetch manifest call-bind@^1.0.7
4411 silly packumentCache full:https://registry.npmjs.org/call-bind cache-miss
4412 silly fetch manifest call-bind@^1.0.8
4413 silly packumentCache full:https://registry.npmjs.org/call-bind cache-miss
4414 silly fetch manifest call-bound@^1.0.2
4415 silly packumentCache full:https://registry.npmjs.org/call-bound cache-miss
4416 silly fetch manifest define-properties@^1.2.1
4417 silly packumentCache full:https://registry.npmjs.org/define-properties cache-miss
4418 http cache https://registry.npmjs.org/@ljharb%2fthrough 6ms (cache hit)
4419 silly packumentCache full:https://registry.npmjs.org/@ljharb%2fthrough set size:19218 disposed:false
4420 silly fetch manifest es-abstract@^1.23.5
4421 silly packumentCache full:https://registry.npmjs.org/es-abstract cache-miss
4422 http cache https://registry.npmjs.org/call-bind 7ms (cache hit)
4423 silly packumentCache full:https://registry.npmjs.org/call-bind set size:32985 disposed:false
4424 silly fetch manifest es-object-atoms@^1.0.0
4425 silly packumentCache full:https://registry.npmjs.org/es-object-atoms cache-miss
4426 http cache https://registry.npmjs.org/call-bind 9ms (cache hit)
4427 silly packumentCache full:https://registry.npmjs.org/call-bind set size:32985 disposed:false
4428 silly packumentCache full:https://registry.npmjs.org/call-bind dispose
4429 silly fetch manifest is-string@^1.1.0
4430 silly packumentCache full:https://registry.npmjs.org/is-string cache-miss
4431 http cache https://registry.npmjs.org/call-bound 9ms (cache hit)
4432 silly packumentCache full:https://registry.npmjs.org/call-bound set size:15317 disposed:false
4433 silly fetch manifest call-bind-apply-helpers@^1.0.2
4434 silly packumentCache full:https://registry.npmjs.org/call-bind-apply-helpers cache-miss
4435 http cache https://registry.npmjs.org/es-object-atoms 5ms (cache hit)
4436 silly packumentCache full:https://registry.npmjs.org/es-object-atoms set size:18278 disposed:false
4437 silly fetch manifest es-define-property@^1.0.1
4438 silly packumentCache full:https://registry.npmjs.org/es-define-property cache-miss
4439 http fetch GET 200 https://registry.npmjs.org/call-bind-apply-helpers 37ms (cache miss)
4440 silly packumentCache full:https://registry.npmjs.org/call-bind-apply-helpers set size:undefined disposed:false
4441 silly fetch manifest get-intrinsic@^1.3.0
4442 silly packumentCache full:https://registry.npmjs.org/get-intrinsic cache-miss
4443 http fetch GET 200 https://registry.npmjs.org/define-properties 48ms (cache miss)
4444 silly packumentCache full:https://registry.npmjs.org/define-properties set size:undefined disposed:false
4445 silly fetch manifest set-function-length@^1.2.2
4446 silly packumentCache full:https://registry.npmjs.org/set-function-length cache-miss
4447 http fetch GET 200 https://registry.npmjs.org/call-bind-apply-helpers 58ms (cache miss)
4448 silly packumentCache full:https://registry.npmjs.org/call-bind-apply-helpers set size:undefined disposed:false
4449 silly fetch manifest get-intrinsic@^1.3.0
4450 silly packumentCache full:https://registry.npmjs.org/get-intrinsic cache-miss
4451 http fetch GET 200 https://registry.npmjs.org/es-define-property 56ms (cache miss)
4452 silly packumentCache full:https://registry.npmjs.org/es-define-property set size:undefined disposed:false
4453 silly fetch manifest array-buffer-byte-length@^1.0.0
4454 silly packumentCache full:https://registry.npmjs.org/array-buffer-byte-length cache-miss
4455 http fetch GET 200 https://registry.npmjs.org/is-string 63ms (cache miss)
4456 silly packumentCache full:https://registry.npmjs.org/is-string set size:undefined disposed:false
4457 silly fetch manifest es-get-iterator@^1.1.3
4458 silly packumentCache full:https://registry.npmjs.org/es-get-iterator cache-miss
4459 http fetch GET 200 https://registry.npmjs.org/get-intrinsic 73ms (cache miss)
4460 silly packumentCache full:https://registry.npmjs.org/get-intrinsic set size:undefined disposed:false
4461 silly fetch manifest get-intrinsic@^1.2.2
4462 silly packumentCache full:https://registry.npmjs.org/get-intrinsic cache-miss
4463 http cache https://registry.npmjs.org/get-intrinsic 3ms (cache hit)
4464 silly packumentCache full:https://registry.npmjs.org/get-intrinsic set size:60985 disposed:false
4465 silly fetch manifest is-arguments@^1.1.1
4466 silly packumentCache full:https://registry.npmjs.org/is-arguments cache-miss
4467 http fetch GET 200 https://registry.npmjs.org/get-intrinsic 84ms (cache miss)
4468 silly packumentCache full:https://registry.npmjs.org/get-intrinsic set size:undefined disposed:false
4469 silly packumentCache full:https://registry.npmjs.org/get-intrinsic dispose
4470 silly fetch manifest is-array-buffer@^3.0.2
4471 silly packumentCache full:https://registry.npmjs.org/is-array-buffer cache-miss
4472 http fetch GET 200 https://registry.npmjs.org/set-function-length 74ms (cache miss)
4473 silly packumentCache full:https://registry.npmjs.org/set-function-length set size:undefined disposed:false
4474 silly fetch manifest is-date-object@^1.0.5
4475 silly packumentCache full:https://registry.npmjs.org/is-date-object cache-miss
4476 http fetch GET 200 https://registry.npmjs.org/es-abstract 119ms (cache miss)
4477 silly packumentCache full:https://registry.npmjs.org/es-abstract set size:undefined disposed:false
4478 silly fetch manifest is-regex@^1.1.4
4479 silly packumentCache full:https://registry.npmjs.org/is-regex cache-miss
4480 http cache https://registry.npmjs.org/is-regex 2ms (cache hit)
4481 silly packumentCache full:https://registry.npmjs.org/is-regex set size:42924 disposed:false
4482 silly fetch manifest is-shared-array-buffer@^1.0.2
4483 silly packumentCache full:https://registry.npmjs.org/is-shared-array-buffer cache-miss
4484 http fetch GET 200 https://registry.npmjs.org/array-buffer-byte-length 79ms (cache miss)
4485 silly packumentCache full:https://registry.npmjs.org/array-buffer-byte-length set size:undefined disposed:false
4486 silly fetch manifest isarray@^2.0.5
4487 silly packumentCache full:https://registry.npmjs.org/isarray cache-miss
4488 http fetch GET 200 https://registry.npmjs.org/is-arguments 72ms (cache miss)
4489 silly packumentCache full:https://registry.npmjs.org/is-arguments set size:undefined disposed:false
4490 silly fetch manifest object-is@^1.1.5
4491 silly packumentCache full:https://registry.npmjs.org/object-is cache-miss
4492 http cache https://registry.npmjs.org/isarray 4ms (cache hit)
4493 silly packumentCache full:https://registry.npmjs.org/isarray set size:17392 disposed:false
4494 silly fetch manifest object.assign@^4.1.4
4495 silly packumentCache full:https://registry.npmjs.org/object.assign cache-miss
4496 http cache https://registry.npmjs.org/object-is 4ms (cache hit)
4497 silly packumentCache full:https://registry.npmjs.org/object-is set size:36782 disposed:false
4498 silly fetch manifest regexp.prototype.flags@^1.5.1
4499 silly packumentCache full:https://registry.npmjs.org/regexp.prototype.flags cache-miss
4500 http fetch GET 200 https://registry.npmjs.org/get-intrinsic 89ms (cache miss)
4501 silly packumentCache full:https://registry.npmjs.org/get-intrinsic set size:undefined disposed:true
4502 silly fetch manifest side-channel@^1.0.4
4503 silly packumentCache full:https://registry.npmjs.org/side-channel cache-miss
4504 http cache https://registry.npmjs.org/object.assign 6ms (cache hit)
4505 silly packumentCache full:https://registry.npmjs.org/object.assign set size:85907 disposed:false
4506 silly fetch manifest which-boxed-primitive@^1.0.2
4507 silly packumentCache full:https://registry.npmjs.org/which-boxed-primitive cache-miss
4508 http fetch GET 200 https://registry.npmjs.org/is-array-buffer 58ms (cache miss)
4509 silly packumentCache full:https://registry.npmjs.org/is-array-buffer set size:undefined disposed:false
4510 silly fetch manifest which-collection@^1.0.1
4511 silly packumentCache full:https://registry.npmjs.org/which-collection cache-miss
4512 http fetch GET 200 https://registry.npmjs.org/is-date-object 70ms (cache miss)
4513 silly packumentCache full:https://registry.npmjs.org/is-date-object set size:undefined disposed:false
4514 silly fetch manifest which-typed-array@^1.1.13
4515 silly packumentCache full:https://registry.npmjs.org/which-typed-array cache-miss
4516 http fetch GET 200 https://registry.npmjs.org/is-shared-array-buffer 68ms (cache miss)
4517 silly packumentCache full:https://registry.npmjs.org/is-shared-array-buffer set size:undefined disposed:false
4518 silly fetch manifest es-errors@^1.3.0
4519 silly packumentCache full:https://registry.npmjs.org/es-errors cache-miss
4520 http fetch GET 200 https://registry.npmjs.org/which-boxed-primitive 59ms (cache miss)
4521 silly packumentCache full:https://registry.npmjs.org/which-boxed-primitive set size:undefined disposed:false
4522 silly fetch manifest is-callable@^1.2.7
4523 silly packumentCache full:https://registry.npmjs.org/is-callable cache-miss
4524 http fetch GET 200 https://registry.npmjs.org/regexp.prototype.flags 67ms (cache miss)
4525 silly packumentCache full:https://registry.npmjs.org/regexp.prototype.flags set size:undefined disposed:false
4526 silly fetch manifest get-intrinsic@^1.2.6
4527 silly packumentCache full:https://registry.npmjs.org/get-intrinsic cache-miss
4528 http cache https://registry.npmjs.org/get-intrinsic 3ms (cache hit)
4529 silly packumentCache full:https://registry.npmjs.org/get-intrinsic set size:60985 disposed:false
4530 silly fetch manifest gopd@^1.2.0
4531 silly packumentCache full:https://registry.npmjs.org/gopd cache-miss
4532 http fetch GET 200 https://registry.npmjs.org/es-get-iterator 165ms (cache miss)
4533 silly packumentCache full:https://registry.npmjs.org/es-get-iterator set size:undefined disposed:false
4534 silly fetch manifest has-tostringtag@^1.0.2
4535 silly packumentCache full:https://registry.npmjs.org/has-tostringtag cache-miss
4536 http fetch GET 200 https://registry.npmjs.org/side-channel 80ms (cache miss)
4537 silly packumentCache full:https://registry.npmjs.org/side-channel set size:undefined disposed:false
4538 silly fetch manifest gopd@^1.2.0
4539 silly packumentCache full:https://registry.npmjs.org/gopd cache-miss
4540 http fetch GET 200 https://registry.npmjs.org/which-collection 77ms (cache miss)
4541 silly packumentCache full:https://registry.npmjs.org/which-collection set size:undefined disposed:false
4542 silly fetch manifest es-errors@^1.3.0
4543 silly packumentCache full:https://registry.npmjs.org/es-errors cache-miss
4544 http fetch GET 200 https://registry.npmjs.org/es-errors 63ms (cache miss)
4545 silly packumentCache full:https://registry.npmjs.org/es-errors set size:undefined disposed:false
4546 silly fetch manifest define-data-property@^1.1.4
4547 silly packumentCache full:https://registry.npmjs.org/define-data-property cache-miss
4548 http fetch GET 200 https://registry.npmjs.org/which-typed-array 71ms (cache miss)
4549 silly packumentCache full:https://registry.npmjs.org/which-typed-array set size:undefined disposed:false
4550 silly fetch manifest functions-have-names@^1.2.3
4551 silly packumentCache full:https://registry.npmjs.org/functions-have-names cache-miss
4552 http fetch GET 200 https://registry.npmjs.org/es-errors 47ms (cache miss)
4553 silly packumentCache full:https://registry.npmjs.org/es-errors set size:undefined disposed:false
4554 silly fetch manifest has-property-descriptors@^1.0.2
4555 silly packumentCache full:https://registry.npmjs.org/has-property-descriptors cache-miss
4556 http fetch GET 200 https://registry.npmjs.org/gopd 83ms (cache miss)
4557 silly packumentCache full:https://registry.npmjs.org/gopd set size:undefined disposed:false
4558 silly fetch manifest has-symbols@^1.1.0
4559 silly packumentCache full:https://registry.npmjs.org/has-symbols cache-miss
4560 http fetch GET 200 https://registry.npmjs.org/has-tostringtag 74ms (cache miss)
4561 silly packumentCache full:https://registry.npmjs.org/has-tostringtag set size:undefined disposed:false
4562 silly fetch manifest node-exports-info@^1.6.0
4563 silly packumentCache full:https://registry.npmjs.org/node-exports-info cache-miss
4564 http fetch GET 200 https://registry.npmjs.org/gopd 75ms (cache miss)
4565 silly packumentCache full:https://registry.npmjs.org/gopd set size:undefined disposed:false
4566 silly fetch manifest path-parse@^1.0.7
4567 silly packumentCache full:https://registry.npmjs.org/path-parse cache-miss
4568 http fetch GET 200 https://registry.npmjs.org/define-data-property 52ms (cache miss)
4569 silly packumentCache full:https://registry.npmjs.org/define-data-property set size:undefined disposed:false
4570 silly fetch manifest supports-preserve-symlinks-flag@^1.0.0
4571 silly packumentCache full:https://registry.npmjs.org/supports-preserve-symlinks-flag cache-miss
4572 http fetch GET 200 https://registry.npmjs.org/is-callable 97ms (cache miss)
4573 silly packumentCache full:https://registry.npmjs.org/is-callable set size:undefined disposed:false
4574 silly fetch manifest es-abstract@^1.24.2
4575 silly packumentCache full:https://registry.npmjs.org/es-abstract cache-miss
4576 http fetch GET 200 https://registry.npmjs.org/functions-have-names 53ms (cache miss)
4577 silly packumentCache full:https://registry.npmjs.org/functions-have-names set size:undefined disposed:false
4578 silly fetch manifest has-property-descriptors@^1.0.2
4579 silly packumentCache full:https://registry.npmjs.org/has-property-descriptors cache-miss
4580 http cache https://registry.npmjs.org/es-abstract 4ms (cache hit)
4581 silly packumentCache full:https://registry.npmjs.org/es-abstract set size:384124 disposed:false
4582 silly fetch manifest safe-regex-test@^1.1.0
4583 silly packumentCache full:https://registry.npmjs.org/safe-regex-test cache-miss
4584 http fetch GET 200 https://registry.npmjs.org/has-property-descriptors 33ms (cache miss)
4585 silly packumentCache full:https://registry.npmjs.org/has-property-descriptors set size:undefined disposed:false
4586 http fetch GET 200 https://registry.npmjs.org/has-symbols 39ms (cache miss)
4587 silly packumentCache full:https://registry.npmjs.org/has-symbols set size:undefined disposed:false
4588 http fetch GET 200 https://registry.npmjs.org/supports-preserve-symlinks-flag 38ms (cache miss)
4589 silly packumentCache full:https://registry.npmjs.org/supports-preserve-symlinks-flag set size:undefined disposed:false
4590 http fetch GET 200 https://registry.npmjs.org/path-parse 44ms (cache miss)
4591 silly packumentCache full:https://registry.npmjs.org/path-parse set size:undefined disposed:false
4592 http fetch GET 200 https://registry.npmjs.org/safe-regex-test 45ms (cache miss)
4593 silly packumentCache full:https://registry.npmjs.org/safe-regex-test set size:undefined disposed:false
4594 http fetch GET 200 https://registry.npmjs.org/has-property-descriptors 53ms (cache miss)
4595 silly packumentCache full:https://registry.npmjs.org/has-property-descriptors set size:undefined disposed:false
4596 http fetch GET 200 https://registry.npmjs.org/node-exports-info 62ms (cache miss)
4597 silly packumentCache full:https://registry.npmjs.org/node-exports-info set size:undefined disposed:false
4598 silly placeDep ROOT call-bind-apply-helpers@1.0.2 OK for: @ljharb/now@1.0.1 want: ^1.0.2
4599 silly placeDep ROOT get-intrinsic@1.3.0 OK for: @ljharb/now@1.0.1 want: ^1.3.0
4600 silly fetch manifest get-proto@^1.0.1
4601 silly packumentCache full:https://registry.npmjs.org/get-proto cache-miss
4602 silly fetch manifest math-intrinsics@^1.1.0
4603 silly packumentCache full:https://registry.npmjs.org/math-intrinsics cache-miss
4604 http fetch GET 200 https://registry.npmjs.org/math-intrinsics 31ms (cache miss)
4605 silly packumentCache full:https://registry.npmjs.org/math-intrinsics set size:undefined disposed:false
4606 http fetch GET 200 https://registry.npmjs.org/get-proto 39ms (cache miss)
4607 silly packumentCache full:https://registry.npmjs.org/get-proto set size:undefined disposed:false
4608 silly placeDep ROOT define-properties@1.2.1 OK for: array.prototype.every@1.1.7 want: ^1.2.1
4609 silly placeDep ROOT es-abstract@1.24.2 OK for: array.prototype.every@1.1.7 want: ^1.23.5
4610 silly placeDep ROOT is-string@1.1.1 OK for: array.prototype.every@1.1.7 want: ^1.1.0
4611 silly fetch manifest define-data-property@^1.0.1
4612 silly packumentCache full:https://registry.npmjs.org/define-data-property cache-miss
4613 silly fetch manifest has-property-descriptors@^1.0.0
4614 silly packumentCache full:https://registry.npmjs.org/has-property-descriptors cache-miss
4615 silly fetch manifest array-buffer-byte-length@^1.0.2
4616 silly packumentCache full:https://registry.npmjs.org/array-buffer-byte-length cache-miss
4617 silly fetch manifest arraybuffer.prototype.slice@^1.0.4
4618 silly packumentCache full:https://registry.npmjs.org/arraybuffer.prototype.slice cache-miss
4619 silly fetch manifest available-typed-arrays@^1.0.7
4620 silly packumentCache full:https://registry.npmjs.org/available-typed-arrays cache-miss
4621 silly fetch manifest data-view-buffer@^1.0.2
4622 silly packumentCache full:https://registry.npmjs.org/data-view-buffer cache-miss
4623 silly fetch manifest data-view-byte-length@^1.0.2
4624 silly packumentCache full:https://registry.npmjs.org/data-view-byte-length cache-miss
4625 http cache https://registry.npmjs.org/define-data-property 7ms (cache hit)
4626 silly packumentCache full:https://registry.npmjs.org/define-data-property set size:28048 disposed:false
4627 silly fetch manifest data-view-byte-offset@^1.0.1
4628 silly packumentCache full:https://registry.npmjs.org/data-view-byte-offset cache-miss
4629 http cache https://registry.npmjs.org/array-buffer-byte-length 8ms (cache hit)
4630 silly packumentCache full:https://registry.npmjs.org/array-buffer-byte-length set size:13099 disposed:false
4631 silly fetch manifest es-set-tostringtag@^2.1.0
4632 silly packumentCache full:https://registry.npmjs.org/es-set-tostringtag cache-miss
4633 http cache https://registry.npmjs.org/has-property-descriptors 9ms (cache hit)
4634 silly packumentCache full:https://registry.npmjs.org/has-property-descriptors set size:12452 disposed:false
4635 silly fetch manifest es-to-primitive@^1.3.0
4636 silly packumentCache full:https://registry.npmjs.org/es-to-primitive cache-miss
4637 http fetch GET 200 https://registry.npmjs.org/data-view-byte-length 40ms (cache miss)
4638 silly packumentCache full:https://registry.npmjs.org/data-view-byte-length set size:undefined disposed:false
4639 silly fetch manifest function.prototype.name@^1.1.8
4640 silly packumentCache full:https://registry.npmjs.org/function.prototype.name cache-miss
4641 http fetch GET 200 https://registry.npmjs.org/arraybuffer.prototype.slice 44ms (cache miss)
4642 silly packumentCache full:https://registry.npmjs.org/arraybuffer.prototype.slice set size:undefined disposed:false
4643 silly fetch manifest get-symbol-description@^1.1.0
4644 silly packumentCache full:https://registry.npmjs.org/get-symbol-description cache-miss
4645 http fetch GET 200 https://registry.npmjs.org/data-view-buffer 46ms (cache miss)
4646 silly packumentCache full:https://registry.npmjs.org/data-view-buffer set size:undefined disposed:false
4647 silly fetch manifest globalthis@^1.0.4
4648 silly packumentCache full:https://registry.npmjs.org/globalthis cache-miss
4649 http fetch GET 200 https://registry.npmjs.org/data-view-byte-offset 50ms (cache miss)
4650 silly packumentCache full:https://registry.npmjs.org/data-view-byte-offset set size:undefined disposed:false
4651 silly fetch manifest has-proto@^1.2.0
4652 silly packumentCache full:https://registry.npmjs.org/has-proto cache-miss
4653 http fetch GET 200 https://registry.npmjs.org/available-typed-arrays 58ms (cache miss)
4654 silly packumentCache full:https://registry.npmjs.org/available-typed-arrays set size:undefined disposed:false
4655 silly fetch manifest internal-slot@^1.1.0
4656 silly packumentCache full:https://registry.npmjs.org/internal-slot cache-miss
4657 http fetch GET 200 https://registry.npmjs.org/es-set-tostringtag 54ms (cache miss)
4658 silly packumentCache full:https://registry.npmjs.org/es-set-tostringtag set size:undefined disposed:false
4659 silly fetch manifest is-array-buffer@^3.0.5
4660 silly packumentCache full:https://registry.npmjs.org/is-array-buffer cache-miss
4661 http fetch GET 200 https://registry.npmjs.org/es-to-primitive 53ms (cache miss)
4662 silly packumentCache full:https://registry.npmjs.org/es-to-primitive set size:undefined disposed:false
4663 silly fetch manifest is-data-view@^1.0.2
4664 silly packumentCache full:https://registry.npmjs.org/is-data-view cache-miss
4665 http cache https://registry.npmjs.org/is-array-buffer 3ms (cache hit)
4666 silly packumentCache full:https://registry.npmjs.org/is-array-buffer set size:33562 disposed:false
4667 silly fetch manifest is-negative-zero@^2.0.3
4668 silly packumentCache full:https://registry.npmjs.org/is-negative-zero cache-miss
4669 http fetch GET 200 https://registry.npmjs.org/get-symbol-description 58ms (cache miss)
4670 silly packumentCache full:https://registry.npmjs.org/get-symbol-description set size:undefined disposed:false
4671 silly fetch manifest is-set@^2.0.3
4672 silly packumentCache full:https://registry.npmjs.org/is-set cache-miss
4673 http fetch GET 200 https://registry.npmjs.org/globalthis 57ms (cache miss)
4674 silly packumentCache full:https://registry.npmjs.org/globalthis set size:undefined disposed:false
4675 silly fetch manifest is-shared-array-buffer@^1.0.4
4676 silly packumentCache full:https://registry.npmjs.org/is-shared-array-buffer cache-miss
4677 http fetch GET 200 https://registry.npmjs.org/function.prototype.name 64ms (cache miss)
4678 silly packumentCache full:https://registry.npmjs.org/function.prototype.name set size:undefined disposed:false
4679 silly fetch manifest is-string@^1.1.1
4680 silly packumentCache full:https://registry.npmjs.org/is-string cache-miss
4681 http cache https://registry.npmjs.org/is-shared-array-buffer 3ms (cache hit)
4682 silly packumentCache full:https://registry.npmjs.org/is-shared-array-buffer set size:19880 disposed:false
4683 silly fetch manifest is-typed-array@^1.1.15
4684 silly packumentCache full:https://registry.npmjs.org/is-typed-array cache-miss
4685 http cache https://registry.npmjs.org/is-string 4ms (cache hit)
4686 silly packumentCache full:https://registry.npmjs.org/is-string set size:29636 disposed:false
4687 silly fetch manifest is-weakref@^1.1.1
4688 silly packumentCache full:https://registry.npmjs.org/is-weakref cache-miss
4689 http fetch GET 200 https://registry.npmjs.org/is-data-view 57ms (cache miss)
4690 silly packumentCache full:https://registry.npmjs.org/is-data-view set size:undefined disposed:false
4691 silly fetch manifest own-keys@^1.0.1
4692 silly packumentCache full:https://registry.npmjs.org/own-keys cache-miss
4693 http fetch GET 200 https://registry.npmjs.org/has-proto 64ms (cache miss)
4694 silly packumentCache full:https://registry.npmjs.org/has-proto set size:undefined disposed:false
4695 silly fetch manifest regexp.prototype.flags@^1.5.4
4696 silly packumentCache full:https://registry.npmjs.org/regexp.prototype.flags cache-miss
4697 http fetch GET 200 https://registry.npmjs.org/internal-slot 63ms (cache miss)
4698 silly packumentCache full:https://registry.npmjs.org/internal-slot set size:undefined disposed:false
4699 silly fetch manifest safe-array-concat@^1.1.3
4700 silly packumentCache full:https://registry.npmjs.org/safe-array-concat cache-miss
4701 http fetch GET 200 https://registry.npmjs.org/is-negative-zero 57ms (cache miss)
4702 silly packumentCache full:https://registry.npmjs.org/is-negative-zero set size:undefined disposed:false
4703 silly fetch manifest safe-push-apply@^1.0.0
4704 silly packumentCache full:https://registry.npmjs.org/safe-push-apply cache-miss
4705 http cache https://registry.npmjs.org/regexp.prototype.flags 5ms (cache hit)
4706 silly packumentCache full:https://registry.npmjs.org/regexp.prototype.flags set size:60621 disposed:false
4707 silly fetch manifest set-proto@^1.0.0
4708 silly packumentCache full:https://registry.npmjs.org/set-proto cache-miss
4709 http fetch GET 200 https://registry.npmjs.org/is-weakref 44ms (cache miss)
4710 silly packumentCache full:https://registry.npmjs.org/is-weakref set size:undefined disposed:false
4711 silly fetch manifest stop-iteration-iterator@^1.1.0
4712 silly packumentCache full:https://registry.npmjs.org/stop-iteration-iterator cache-miss
4713 http fetch GET 200 https://registry.npmjs.org/is-set 56ms (cache miss)
4714 silly packumentCache full:https://registry.npmjs.org/is-set set size:undefined disposed:false
4715 silly fetch manifest string.prototype.trimend@^1.0.9
4716 silly packumentCache full:https://registry.npmjs.org/string.prototype.trimend cache-miss
4717 http fetch GET 200 https://registry.npmjs.org/is-typed-array 58ms (cache miss)
4718 silly packumentCache full:https://registry.npmjs.org/is-typed-array set size:undefined disposed:false
4719 silly fetch manifest string.prototype.trimstart@^1.0.8
4720 silly packumentCache full:https://registry.npmjs.org/string.prototype.trimstart cache-miss
4721 http fetch GET 200 https://registry.npmjs.org/own-keys 52ms (cache miss)
4722 silly packumentCache full:https://registry.npmjs.org/own-keys set size:undefined disposed:false
4723 silly fetch manifest typed-array-buffer@^1.0.3
4724 silly packumentCache full:https://registry.npmjs.org/typed-array-buffer cache-miss
4725 http fetch GET 200 https://registry.npmjs.org/set-proto 47ms (cache miss)
4726 silly packumentCache full:https://registry.npmjs.org/set-proto set size:undefined disposed:false
4727 silly fetch manifest typed-array-byte-length@^1.0.3
4728 silly packumentCache full:https://registry.npmjs.org/typed-array-byte-length cache-miss
4729 http fetch GET 200 https://registry.npmjs.org/safe-push-apply 53ms (cache miss)
4730 silly packumentCache full:https://registry.npmjs.org/safe-push-apply set size:undefined disposed:false
4731 silly fetch manifest typed-array-byte-offset@^1.0.4
4732 silly packumentCache full:https://registry.npmjs.org/typed-array-byte-offset cache-miss
4733 http fetch GET 200 https://registry.npmjs.org/safe-array-concat 55ms (cache miss)
4734 silly packumentCache full:https://registry.npmjs.org/safe-array-concat set size:undefined disposed:false
4735 silly fetch manifest typed-array-length@^1.0.7
4736 silly packumentCache full:https://registry.npmjs.org/typed-array-length cache-miss
4737 http fetch GET 200 https://registry.npmjs.org/stop-iteration-iterator 44ms (cache miss)
4738 silly packumentCache full:https://registry.npmjs.org/stop-iteration-iterator set size:undefined disposed:false
4739 silly fetch manifest unbox-primitive@^1.1.0
4740 silly packumentCache full:https://registry.npmjs.org/unbox-primitive cache-miss
4741 http fetch GET 200 https://registry.npmjs.org/typed-array-buffer 41ms (cache miss)
4742 silly packumentCache full:https://registry.npmjs.org/typed-array-buffer set size:undefined disposed:false
4743 silly fetch manifest which-typed-array@^1.1.19
4744 silly packumentCache full:https://registry.npmjs.org/which-typed-array cache-miss
4745 http cache https://registry.npmjs.org/which-typed-array 3ms (cache hit)
4746 silly packumentCache full:https://registry.npmjs.org/which-typed-array set size:109574 disposed:false
4747 http fetch GET 200 https://registry.npmjs.org/string.prototype.trimend 61ms (cache miss)
4748 silly packumentCache full:https://registry.npmjs.org/string.prototype.trimend set size:undefined disposed:false
4749 http fetch GET 200 https://registry.npmjs.org/typed-array-byte-offset 49ms (cache miss)
4750 silly packumentCache full:https://registry.npmjs.org/typed-array-byte-offset set size:undefined disposed:false
4751 http fetch GET 200 https://registry.npmjs.org/string.prototype.trimstart 59ms (cache miss)
4752 silly packumentCache full:https://registry.npmjs.org/string.prototype.trimstart set size:undefined disposed:false
4753 http fetch GET 200 https://registry.npmjs.org/typed-array-length 50ms (cache miss)
4754 silly packumentCache full:https://registry.npmjs.org/typed-array-length set size:undefined disposed:false
4755 http fetch GET 200 https://registry.npmjs.org/unbox-primitive 53ms (cache miss)
4756 silly packumentCache full:https://registry.npmjs.org/unbox-primitive set size:undefined disposed:false
4757 http fetch GET 200 https://registry.npmjs.org/typed-array-byte-length 118ms (cache miss)
4758 silly packumentCache full:https://registry.npmjs.org/typed-array-byte-length set size:undefined disposed:false
4759 silly placeDep ROOT es-define-property@1.0.1 OK for: call-bind@1.0.9 want: ^1.0.1
4760 silly placeDep ROOT set-function-length@1.2.2 OK for: call-bind@1.0.9 want: ^1.2.2
4761 silly fetch manifest gopd@^1.0.1
4762 silly packumentCache full:https://registry.npmjs.org/gopd cache-miss
4763 http cache https://registry.npmjs.org/gopd 3ms (cache hit)
4764 silly packumentCache full:https://registry.npmjs.org/gopd set size:11483 disposed:false
4765 silly placeDep ROOT es-errors@1.3.0 OK for: call-bind-apply-helpers@1.0.2 want: ^1.3.0
4766 silly placeDep ROOT array-buffer-byte-length@1.0.2 OK for: deep-equal@2.2.3 want: ^1.0.0
4767 silly placeDep ROOT es-get-iterator@1.1.3 OK for: deep-equal@2.2.3 want: ^1.1.3
4768 silly placeDep ROOT is-arguments@1.2.0 OK for: deep-equal@2.2.3 want: ^1.1.1
4769 silly placeDep ROOT is-array-buffer@3.0.5 OK for: deep-equal@2.2.3 want: ^3.0.2
4770 silly placeDep ROOT is-date-object@1.1.0 OK for: deep-equal@2.2.3 want: ^1.0.5
4771 silly placeDep ROOT is-shared-array-buffer@1.0.4 OK for: deep-equal@2.2.3 want: ^1.0.2
4772 silly placeDep node_modules/deep-equal isarray@2.0.5 OK for: deep-equal@2.2.3 want: ^2.0.5
4773 silly placeDep ROOT regexp.prototype.flags@1.5.4 OK for: deep-equal@2.2.3 want: ^1.5.1
4774 silly placeDep ROOT side-channel@1.1.1 OK for: deep-equal@2.2.3 want: ^1.0.4
4775 silly placeDep ROOT which-boxed-primitive@1.1.1 OK for: deep-equal@2.2.3 want: ^1.0.2
4776 silly placeDep ROOT which-collection@1.0.2 OK for: deep-equal@2.2.3 want: ^1.0.1
4777 silly placeDep ROOT which-typed-array@1.1.24 OK for: deep-equal@2.2.3 want: ^1.1.13
4778 silly fetch manifest has-symbols@^1.0.3
4779 silly packumentCache full:https://registry.npmjs.org/has-symbols cache-miss
4780 silly fetch manifest is-map@^2.0.2
4781 silly packumentCache full:https://registry.npmjs.org/is-map cache-miss
4782 silly fetch manifest is-set@^2.0.2
4783 silly packumentCache full:https://registry.npmjs.org/is-set cache-miss
4784 silly fetch manifest stop-iteration-iterator@^1.0.0
4785 silly packumentCache full:https://registry.npmjs.org/stop-iteration-iterator cache-miss
4786 silly fetch manifest set-function-name@^2.0.2
4787 silly packumentCache full:https://registry.npmjs.org/set-function-name cache-miss
4788 silly fetch manifest side-channel-list@^1.0.1
4789 silly packumentCache full:https://registry.npmjs.org/side-channel-list cache-miss
4790 silly fetch manifest side-channel-map@^1.0.1
4791 silly packumentCache full:https://registry.npmjs.org/side-channel-map cache-miss
4792 http cache https://registry.npmjs.org/has-symbols 7ms (cache hit)
4793 silly packumentCache full:https://registry.npmjs.org/has-symbols set size:21550 disposed:false
4794 silly fetch manifest side-channel-weakmap@^1.0.2
4795 silly packumentCache full:https://registry.npmjs.org/side-channel-weakmap cache-miss
4796 http cache https://registry.npmjs.org/stop-iteration-iterator 7ms (cache hit)
4797 silly packumentCache full:https://registry.npmjs.org/stop-iteration-iterator set size:9160 disposed:false
4798 silly fetch manifest is-bigint@^1.1.0
4799 silly packumentCache full:https://registry.npmjs.org/is-bigint cache-miss
4800 http cache https://registry.npmjs.org/is-set 7ms (cache hit)
4801 silly packumentCache full:https://registry.npmjs.org/is-set set size:16614 disposed:false
4802 silly fetch manifest is-boolean-object@^1.2.1
4803 silly packumentCache full:https://registry.npmjs.org/is-boolean-object cache-miss
4804 http fetch GET 200 https://registry.npmjs.org/side-channel-list 35ms (cache miss)
4805 silly packumentCache full:https://registry.npmjs.org/side-channel-list set size:undefined disposed:false
4806 silly fetch manifest is-number-object@^1.1.1
4807 silly packumentCache full:https://registry.npmjs.org/is-number-object cache-miss
4808 http fetch GET 200 https://registry.npmjs.org/set-function-name 45ms (cache miss)
4809 silly packumentCache full:https://registry.npmjs.org/set-function-name set size:undefined disposed:false
4810 silly fetch manifest is-symbol@^1.1.1
4811 silly packumentCache full:https://registry.npmjs.org/is-symbol cache-miss
4812 http fetch GET 200 https://registry.npmjs.org/side-channel-map 51ms (cache miss)
4813 silly packumentCache full:https://registry.npmjs.org/side-channel-map set size:undefined disposed:false
4814 silly fetch manifest is-map@^2.0.3
4815 silly packumentCache full:https://registry.npmjs.org/is-map cache-miss
4816 http fetch GET 200 https://registry.npmjs.org/side-channel-weakmap 47ms (cache miss)
4817 silly packumentCache full:https://registry.npmjs.org/side-channel-weakmap set size:undefined disposed:false
4818 silly fetch manifest is-weakmap@^2.0.2
4819 silly packumentCache full:https://registry.npmjs.org/is-weakmap cache-miss
4820 http fetch GET 200 https://registry.npmjs.org/is-map 55ms (cache miss)
4821 silly packumentCache full:https://registry.npmjs.org/is-map set size:undefined disposed:false
4822 silly fetch manifest is-weakset@^2.0.3
4823 silly packumentCache full:https://registry.npmjs.org/is-weakset cache-miss
4824 http fetch GET 200 https://registry.npmjs.org/is-boolean-object 50ms (cache miss)
4825 silly packumentCache full:https://registry.npmjs.org/is-boolean-object set size:undefined disposed:false
4826 http fetch GET 200 https://registry.npmjs.org/is-bigint 52ms (cache miss)
4827 silly packumentCache full:https://registry.npmjs.org/is-bigint set size:undefined disposed:false
4828 http cache https://registry.npmjs.org/is-map 6ms (cache hit)
4829 silly packumentCache full:https://registry.npmjs.org/is-map set size:18079 disposed:false
4830 http fetch GET 200 https://registry.npmjs.org/is-weakmap 35ms (cache miss)
4831 silly packumentCache full:https://registry.npmjs.org/is-weakmap set size:undefined disposed:false
4832 http fetch GET 200 https://registry.npmjs.org/is-symbol 45ms (cache miss)
4833 silly packumentCache full:https://registry.npmjs.org/is-symbol set size:undefined disposed:false
4834 http fetch GET 200 https://registry.npmjs.org/is-weakset 42ms (cache miss)
4835 silly packumentCache full:https://registry.npmjs.org/is-weakset set size:undefined disposed:false
4836 http fetch GET 200 https://registry.npmjs.org/is-number-object 62ms (cache miss)
4837 silly packumentCache full:https://registry.npmjs.org/is-number-object set size:undefined disposed:false
4838 silly placeDep ROOT define-data-property@1.1.4 OK for: define-properties@1.2.1 want: ^1.0.1
4839 silly placeDep ROOT has-property-descriptors@1.0.2 OK for: define-properties@1.2.1 want: ^1.0.0
4840 silly placeDep ROOT gopd@1.2.0 OK for: define-data-property@1.1.4 want: ^1.0.1
4841 silly placeDep ROOT arraybuffer.prototype.slice@1.0.4 OK for: es-abstract@1.24.2 want: ^1.0.4
4842 silly placeDep ROOT available-typed-arrays@1.0.7 OK for: es-abstract@1.24.2 want: ^1.0.7
4843 silly placeDep ROOT data-view-buffer@1.0.2 OK for: es-abstract@1.24.2 want: ^1.0.2
4844 silly placeDep ROOT data-view-byte-length@1.0.2 OK for: es-abstract@1.24.2 want: ^1.0.2
4845 silly placeDep ROOT data-view-byte-offset@1.0.1 OK for: es-abstract@1.24.2 want: ^1.0.1
4846 silly placeDep ROOT es-set-tostringtag@2.1.0 OK for: es-abstract@1.24.2 want: ^2.1.0
4847 silly placeDep ROOT es-to-primitive@1.3.4 OK for: es-abstract@1.24.2 want: ^1.3.0
4848 silly placeDep ROOT function.prototype.name@1.2.0 OK for: es-abstract@1.24.2 want: ^1.1.8
4849 silly placeDep ROOT get-proto@1.0.1 OK for: es-abstract@1.24.2 want: ^1.0.1
4850 silly placeDep ROOT get-symbol-description@1.1.0 OK for: es-abstract@1.24.2 want: ^1.1.0
4851 silly placeDep ROOT globalthis@1.0.4 OK for: es-abstract@1.24.2 want: ^1.0.4
4852 silly placeDep ROOT has-proto@1.2.0 OK for: es-abstract@1.24.2 want: ^1.2.0
4853 silly placeDep ROOT has-symbols@1.1.0 OK for: es-abstract@1.24.2 want: ^1.1.0
4854 silly placeDep ROOT internal-slot@1.1.0 OK for: es-abstract@1.24.2 want: ^1.1.0
4855 silly placeDep ROOT is-callable@1.2.7 OK for: es-abstract@1.24.2 want: ^1.2.7
4856 silly placeDep ROOT is-data-view@1.0.2 OK for: es-abstract@1.24.2 want: ^1.0.2
4857 silly placeDep ROOT is-negative-zero@2.0.3 OK for: es-abstract@1.24.2 want: ^2.0.3
4858 silly placeDep ROOT is-set@2.0.3 OK for: es-abstract@1.24.2 want: ^2.0.3
4859 silly placeDep ROOT is-typed-array@1.1.15 OK for: es-abstract@1.24.2 want: ^1.1.15
4860 silly placeDep ROOT is-weakref@1.1.1 OK for: es-abstract@1.24.2 want: ^1.1.1
4861 silly placeDep ROOT math-intrinsics@1.1.0 OK for: es-abstract@1.24.2 want: ^1.1.0
4862 silly placeDep ROOT own-keys@1.0.2 OK for: es-abstract@1.24.2 want: ^1.0.1
4863 silly placeDep ROOT safe-array-concat@1.1.4 OK for: es-abstract@1.24.2 want: ^1.1.3
4864 silly placeDep ROOT safe-push-apply@1.0.0 OK for: es-abstract@1.24.2 want: ^1.0.0
4865 silly placeDep ROOT safe-regex-test@1.1.0 OK for: es-abstract@1.24.2 want: ^1.1.0
4866 silly placeDep ROOT set-proto@1.0.0 OK for: es-abstract@1.24.2 want: ^1.0.0
4867 silly placeDep ROOT stop-iteration-iterator@1.1.0 OK for: es-abstract@1.24.2 want: ^1.1.0
4868 silly placeDep ROOT string.prototype.trimend@1.0.10 OK for: es-abstract@1.24.2 want: ^1.0.9
4869 silly placeDep ROOT string.prototype.trimstart@1.0.8 OK for: es-abstract@1.24.2 want: ^1.0.8
4870 silly placeDep ROOT typed-array-buffer@1.0.3 OK for: es-abstract@1.24.2 want: ^1.0.3
4871 silly placeDep ROOT typed-array-byte-length@1.0.3 OK for: es-abstract@1.24.2 want: ^1.0.3
4872 silly placeDep ROOT typed-array-byte-offset@1.0.5 OK for: es-abstract@1.24.2 want: ^1.0.4
4873 silly placeDep ROOT typed-array-length@1.0.8 OK for: es-abstract@1.24.2 want: ^1.0.7
4874 silly placeDep ROOT unbox-primitive@1.1.0 OK for: es-abstract@1.24.2 want: ^1.1.0
4875 silly fetch manifest possible-typed-array-names@^1.0.0
4876 silly packumentCache full:https://registry.npmjs.org/possible-typed-array-names cache-miss
4877 silly fetch manifest is-data-view@^1.0.1
4878 silly packumentCache full:https://registry.npmjs.org/is-data-view cache-miss
4879 silly fetch manifest es-abstract-get@^1.0.0
4880 silly packumentCache full:https://registry.npmjs.org/es-abstract-get cache-miss
4881 silly fetch manifest is-document.all@^1.0.0
4882 silly packumentCache full:https://registry.npmjs.org/is-document.all cache-miss
4883 silly fetch manifest dunder-proto@^1.0.1
4884 silly packumentCache full:https://registry.npmjs.org/dunder-proto cache-miss
4885 silly fetch manifest dunder-proto@^1.0.0
4886 silly packumentCache full:https://registry.npmjs.org/dunder-proto cache-miss
4887 silly fetch manifest is-typed-array@^1.1.13
4888 silly packumentCache full:https://registry.npmjs.org/is-typed-array cache-miss
4889 http cache https://registry.npmjs.org/is-data-view 11ms (cache hit)
4890 silly packumentCache full:https://registry.npmjs.org/is-data-view set size:13756 disposed:false
4891 silly fetch manifest dunder-proto@^1.0.1
4892 silly packumentCache full:https://registry.npmjs.org/dunder-proto cache-miss
4893 http cache https://registry.npmjs.org/is-typed-array 10ms (cache hit)
4894 silly packumentCache full:https://registry.npmjs.org/is-typed-array set size:79965 disposed:false
4895 silly fetch manifest reflect.getprototypeof@^1.0.10
4896 silly packumentCache full:https://registry.npmjs.org/reflect.getprototypeof cache-miss
4897 http fetch GET 200 https://registry.npmjs.org/dunder-proto 53ms (cache miss)
4898 silly packumentCache full:https://registry.npmjs.org/dunder-proto set size:undefined disposed:false
4899 silly fetch manifest possible-typed-array-names@^1.1.0
4900 silly packumentCache full:https://registry.npmjs.org/possible-typed-array-names cache-miss
4901 http fetch GET 200 https://registry.npmjs.org/es-abstract-get 55ms (cache miss)
4902 silly packumentCache full:https://registry.npmjs.org/es-abstract-get set size:undefined disposed:false
4903 silly fetch manifest reflect.getprototypeof@^1.0.10
4904 silly packumentCache full:https://registry.npmjs.org/reflect.getprototypeof cache-miss
4905 http fetch GET 200 https://registry.npmjs.org/is-document.all 56ms (cache miss)
4906 silly packumentCache full:https://registry.npmjs.org/is-document.all set size:undefined disposed:false
4907 silly fetch manifest has-bigints@^1.0.2
4908 silly packumentCache full:https://registry.npmjs.org/has-bigints cache-miss
4909 http fetch GET 200 https://registry.npmjs.org/possible-typed-array-names 58ms (cache miss)
4910 silly packumentCache full:https://registry.npmjs.org/possible-typed-array-names set size:undefined disposed:false
4911 http fetch GET 200 https://registry.npmjs.org/dunder-proto 58ms (cache miss)
4912 silly packumentCache full:https://registry.npmjs.org/dunder-proto set size:undefined disposed:false
4913 http cache https://registry.npmjs.org/possible-typed-array-names 7ms (cache hit)
4914 silly packumentCache full:https://registry.npmjs.org/possible-typed-array-names set size:9167 disposed:false
4915 http fetch GET 200 https://registry.npmjs.org/reflect.getprototypeof 50ms (cache miss)
4916 silly packumentCache full:https://registry.npmjs.org/reflect.getprototypeof set size:undefined disposed:false
4917 http fetch GET 200 https://registry.npmjs.org/reflect.getprototypeof 40ms (cache miss)
4918 silly packumentCache full:https://registry.npmjs.org/reflect.getprototypeof set size:undefined disposed:false
4919 http fetch GET 200 https://registry.npmjs.org/has-bigints 42ms (cache miss)
4920 silly packumentCache full:https://registry.npmjs.org/has-bigints set size:undefined disposed:false
4921 http fetch GET 200 https://registry.npmjs.org/dunder-proto 220ms (cache miss)
4922 silly packumentCache full:https://registry.npmjs.org/dunder-proto set size:undefined disposed:false
4923 silly placeDep ROOT possible-typed-array-names@1.1.0 OK for: available-typed-arrays@1.0.7 want: ^1.0.0
4924 silly placeDep ROOT is-map@2.0.3 OK for: es-get-iterator@1.1.3 want: ^2.0.2
4925 silly placeDep node_modules/es-get-iterator isarray@2.0.5 OK for: es-get-iterator@1.1.3 want: ^2.0.5
4926 silly placeDep ROOT has-tostringtag@1.0.2 OK for: es-set-tostringtag@2.1.0 want: ^1.0.2
4927 silly placeDep ROOT es-abstract-get@1.0.0 OK for: es-to-primitive@1.3.4 want: ^1.0.0
4928 silly placeDep ROOT is-symbol@1.1.1 OK for: es-to-primitive@1.3.4 want: ^1.1.1
4929 silly placeDep ROOT functions-have-names@1.2.3 OK for: function.prototype.name@1.2.0 want: ^1.2.3
4930 silly placeDep ROOT is-document.all@1.0.0 OK for: function.prototype.name@1.2.0 want: ^1.0.0
4931 silly placeDep ROOT dunder-proto@1.0.1 OK for: get-proto@1.0.1 want: ^1.0.1
4932 silly placeDep node_modules/mock-property isarray@2.0.5 OK for: mock-property@1.1.2 want: ^2.0.5
4933 silly placeDep ROOT set-function-name@2.0.2 OK for: regexp.prototype.flags@1.5.4 want: ^2.0.2
4934 silly placeDep ROOT node-exports-info@1.6.2 OK for: resolve@2.0.0-next.7 want: ^1.6.0
4935 silly placeDep ROOT path-parse@1.0.7 OK for: resolve@2.0.0-next.7 want: ^1.0.7
4936 silly placeDep ROOT supports-preserve-symlinks-flag@1.0.0 OK for: resolve@2.0.0-next.7 want: ^1.0.0
4937 silly fetch manifest semver@^6.3.1
4938 silly packumentCache full:https://registry.npmjs.org/semver cache-hit
4939 silly fetch manifest object.entries@^1.1.9
4940 silly packumentCache full:https://registry.npmjs.org/object.entries cache-miss
4941 silly fetch manifest array.prototype.flatmap@^1.3.3
4942 silly packumentCache full:https://registry.npmjs.org/array.prototype.flatmap cache-miss
4943 http fetch GET 200 https://registry.npmjs.org/object.entries 51ms (cache miss)
4944 silly packumentCache full:https://registry.npmjs.org/object.entries set size:undefined disposed:false
4945 http fetch GET 200 https://registry.npmjs.org/array.prototype.flatmap 57ms (cache miss)
4946 silly packumentCache full:https://registry.npmjs.org/array.prototype.flatmap set size:undefined disposed:false
4947 silly placeDep ROOT array.prototype.flatmap@1.3.3 OK for: node-exports-info@1.6.2 want: ^1.3.3
4948 silly placeDep ROOT object.entries@1.1.9 OK for: node-exports-info@1.6.2 want: ^1.1.9
4949 silly placeDep node_modules/node-exports-info semver@6.3.1 OK for: node-exports-info@1.6.2 want: ^6.3.1
4950 silly fetch manifest es-shim-unscopables@^1.0.2
4951 silly packumentCache full:https://registry.npmjs.org/es-shim-unscopables cache-miss
4952 http fetch GET 200 https://registry.npmjs.org/es-shim-unscopables 56ms (cache miss)
4953 silly packumentCache full:https://registry.npmjs.org/es-shim-unscopables set size:undefined disposed:false
4954 silly placeDep ROOT es-shim-unscopables@1.1.0 OK for: array.prototype.flatmap@1.3.3 want: ^1.0.2
4955 silly placeDep node_modules/safe-array-concat isarray@2.0.5 OK for: safe-array-concat@1.1.4 want: ^2.0.5
4956 silly placeDep node_modules/safe-push-apply isarray@2.0.5 OK for: safe-push-apply@1.0.0 want: ^2.0.5
4957 silly placeDep ROOT side-channel-list@1.0.1 OK for: side-channel@1.1.1 want: ^1.0.1
4958 silly placeDep ROOT side-channel-map@1.0.1 OK for: side-channel@1.1.1 want: ^1.0.1
4959 silly placeDep ROOT side-channel-weakmap@1.0.2 OK for: side-channel@1.1.1 want: ^1.0.2
4960 silly placeDep node_modules/tar minipass@5.0.0 OK for: tar@6.2.1 want: ^5.0.0
4961 silly placeDep node_modules/tar mkdirp@1.0.4 OK for: tar@6.2.1 want: ^1.0.3
4962 silly placeDep node_modules/tar yallist@4.0.0 OK for: tar@6.2.1 want: ^4.0.0
4963 silly placeDep node_modules/test-exclude minimatch@10.2.6 OK for: test-exclude@7.0.2 want: ^10.2.2
4964 silly fetch manifest brace-expansion@^5.0.8
4965 silly packumentCache full:https://registry.npmjs.org/brace-expansion cache-hit
4966 silly placeDep ROOT punycode@1.4.1 OK for: tough-cookie@2.3.4 want: ^1.4.1
4967 silly placeDep ROOT reflect.getprototypeof@1.0.10 OK for: typed-array-byte-offset@1.0.5 want: ^1.0.10
4968 silly fetch manifest which-builtin-type@^1.2.1
4969 silly packumentCache full:https://registry.npmjs.org/which-builtin-type cache-miss
4970 http fetch GET 200 https://registry.npmjs.org/which-builtin-type 46ms (cache miss)
4971 silly packumentCache full:https://registry.npmjs.org/which-builtin-type set size:undefined disposed:false
4972 silly placeDep ROOT which-builtin-type@1.2.1 OK for: reflect.getprototypeof@1.0.10 want: ^1.2.1
4973 silly fetch manifest is-async-function@^2.0.0
4974 silly packumentCache full:https://registry.npmjs.org/is-async-function cache-miss
4975 silly fetch manifest is-finalizationregistry@^1.1.0
4976 silly packumentCache full:https://registry.npmjs.org/is-finalizationregistry cache-miss
4977 silly fetch manifest is-generator-function@^1.0.10
4978 silly packumentCache full:https://registry.npmjs.org/is-generator-function cache-miss
4979 http fetch GET 200 https://registry.npmjs.org/is-finalizationregistry 46ms (cache miss)
4980 silly packumentCache full:https://registry.npmjs.org/is-finalizationregistry set size:undefined disposed:false
4981 http fetch GET 200 https://registry.npmjs.org/is-async-function 47ms (cache miss)
4982 silly packumentCache full:https://registry.npmjs.org/is-async-function set size:undefined disposed:false
4983 http fetch GET 200 https://registry.npmjs.org/is-generator-function 133ms (cache miss)
4984 silly packumentCache full:https://registry.npmjs.org/is-generator-function set size:undefined disposed:false
4985 silly placeDep ROOT des.js@1.1.0 OK for: typed-rest-client@2.1.0 want: ^1.1.0
4986 silly placeDep ROOT js-md4@0.3.2 OK for: typed-rest-client@2.1.0 want: ^0.3.2
4987 silly placeDep node_modules/typed-rest-client qs@6.16.0 OK for: typed-rest-client@2.1.0 want: ^6.10.3
4988 silly placeDep ROOT underscore@1.13.8 OK for: typed-rest-client@2.1.0 want: ^1.12.1
4989 silly fetch manifest minimalistic-assert@^1.0.0
4990 silly packumentCache full:https://registry.npmjs.org/minimalistic-assert cache-miss
4991 http fetch GET 200 https://registry.npmjs.org/minimalistic-assert 37ms (cache miss)
4992 silly packumentCache full:https://registry.npmjs.org/minimalistic-assert set size:undefined disposed:false
4993 silly placeDep ROOT minimalistic-assert@1.0.1 OK for: des.js@1.1.0 want: ^1.0.0
4994 silly placeDep ROOT has-bigints@1.1.0 OK for: unbox-primitive@1.1.0 want: ^1.0.2
4995 silly placeDep node_modules/unicode-length strip-ansi@3.0.1 OK for: unicode-length@1.0.3 want: ^3.0.1
4996 silly placeDep ROOT unique-slug@3.0.0 OK for: unique-filename@2.0.1 want: ^3.0.0
4997 silly placeDep ROOT boxen@1.3.0 OK for: update-notifier@2.5.0 want: ^1.2.1
4998 silly placeDep node_modules/update-notifier chalk@2.4.2 OK for: update-notifier@2.5.0 want: ^2.0.1
4999 silly placeDep ROOT configstore@3.1.5 OK for: update-notifier@2.5.0 want: ^3.0.0
5000 silly placeDep ROOT import-lazy@2.1.0 OK for: update-notifier@2.5.0 want: ^2.1.0
5001 silly placeDep ROOT is-installed-globally@0.1.0 OK for: update-notifier@2.5.0 want: ^0.1.0
5002 silly placeDep ROOT is-npm@1.0.0 OK for: update-notifier@2.5.0 want: ^1.0.0
5003 silly placeDep ROOT latest-version@3.1.0 OK for: update-notifier@2.5.0 want: ^3.0.0
5004 silly placeDep ROOT semver-diff@2.1.0 OK for: update-notifier@2.5.0 want: ^2.0.0
5005 silly placeDep ROOT xdg-basedir@3.0.0 OK for: update-notifier@2.5.0 want: ^3.0.0
5006 silly fetch manifest camelcase@^4.0.0
5007 silly packumentCache full:https://registry.npmjs.org/camelcase cache-miss
5008 silly fetch manifest cli-boxes@^1.0.0
5009 silly packumentCache full:https://registry.npmjs.org/cli-boxes cache-miss
5010 silly fetch manifest term-size@^1.2.0
5011 silly packumentCache full:https://registry.npmjs.org/term-size cache-miss
5012 silly fetch manifest ansi-align@^2.0.0
5013 silly packumentCache full:https://registry.npmjs.org/ansi-align cache-miss
5014 silly fetch manifest widest-line@^2.0.0
5015 silly packumentCache full:https://registry.npmjs.org/widest-line cache-miss
5016 silly fetch manifest dot-prop@^4.2.1
5017 silly packumentCache full:https://registry.npmjs.org/dot-prop cache-miss
5018 silly fetch manifest make-dir@^1.0.0
5019 silly packumentCache full:https://registry.npmjs.org/make-dir cache-miss
5020 http cache https://registry.npmjs.org/camelcase 6ms (cache hit)
5021 silly packumentCache full:https://registry.npmjs.org/camelcase set size:60255 disposed:false
5022 silly fetch manifest unique-string@^1.0.0
5023 silly packumentCache full:https://registry.npmjs.org/unique-string cache-miss
5024 http cache https://registry.npmjs.org/make-dir 6ms (cache hit)
5025 silly packumentCache full:https://registry.npmjs.org/make-dir set size:34889 disposed:false
5026 silly fetch manifest write-file-atomic@^2.0.0
5027 silly packumentCache full:https://registry.npmjs.org/write-file-atomic cache-miss
5028 http cache https://registry.npmjs.org/write-file-atomic 2ms (cache hit)
5029 silly packumentCache full:https://registry.npmjs.org/write-file-atomic set size:82781 disposed:false
5030 silly fetch manifest global-dirs@^0.1.0
5031 silly packumentCache full:https://registry.npmjs.org/global-dirs cache-miss
5032 http fetch GET 200 https://registry.npmjs.org/unique-string 41ms (cache miss)
5033 silly packumentCache full:https://registry.npmjs.org/unique-string set size:undefined disposed:false
5034 silly fetch manifest is-path-inside@^1.0.0
5035 silly packumentCache full:https://registry.npmjs.org/is-path-inside cache-miss
5036 http fetch GET 200 https://registry.npmjs.org/widest-line 52ms (cache miss)
5037 silly packumentCache full:https://registry.npmjs.org/widest-line set size:undefined disposed:false
5038 silly fetch manifest package-json@^4.0.0
5039 silly packumentCache full:https://registry.npmjs.org/package-json cache-miss
5040 http fetch GET 200 https://registry.npmjs.org/cli-boxes 58ms (cache miss)
5041 silly packumentCache full:https://registry.npmjs.org/cli-boxes set size:undefined disposed:false
5042 http fetch GET 200 https://registry.npmjs.org/dot-prop 60ms (cache miss)
5043 silly packumentCache full:https://registry.npmjs.org/dot-prop set size:undefined disposed:false
5044 http fetch GET 200 https://registry.npmjs.org/is-path-inside 46ms (cache miss)
5045 silly packumentCache full:https://registry.npmjs.org/is-path-inside set size:undefined disposed:false
5046 http fetch GET 200 https://registry.npmjs.org/ansi-align 132ms (cache miss)
5047 silly packumentCache full:https://registry.npmjs.org/ansi-align set size:undefined disposed:false
5048 http fetch GET 200 https://registry.npmjs.org/global-dirs 143ms (cache miss)
5049 silly packumentCache full:https://registry.npmjs.org/global-dirs set size:undefined disposed:false
5050 http fetch GET 200 https://registry.npmjs.org/term-size 156ms (cache miss)
5051 silly packumentCache full:https://registry.npmjs.org/term-size set size:undefined disposed:false
5052 http fetch GET 200 https://registry.npmjs.org/package-json 146ms (cache miss)
5053 silly packumentCache full:https://registry.npmjs.org/package-json set size:undefined disposed:false
5054 silly placeDep ROOT ansi-align@2.0.0 OK for: boxen@1.3.0 want: ^2.0.0
5055 silly placeDep ROOT camelcase@4.1.0 OK for: boxen@1.3.0 want: ^4.0.0
5056 silly placeDep node_modules/boxen chalk@2.4.2 OK for: boxen@1.3.0 want: ^2.0.1
5057 silly placeDep ROOT cli-boxes@1.0.0 OK for: boxen@1.3.0 want: ^1.0.0
5058 silly placeDep ROOT term-size@1.2.0 OK for: boxen@1.3.0 want: ^1.2.0
5059 silly placeDep ROOT widest-line@2.0.1 OK for: boxen@1.3.0 want: ^2.0.0
5060 silly fetch manifest execa@^0.7.0
5061 silly packumentCache full:https://registry.npmjs.org/execa cache-miss
5062 http cache https://registry.npmjs.org/execa 3ms (cache hit)
5063 silly packumentCache full:https://registry.npmjs.org/execa set size:188760 disposed:false
5064 silly placeDep ROOT dot-prop@4.2.1 OK for: configstore@3.1.5 want: ^4.2.1
5065 silly placeDep node_modules/configstore make-dir@1.3.0 OK for: configstore@3.1.5 want: ^1.0.0
5066 silly placeDep ROOT unique-string@1.0.0 OK for: configstore@3.1.5 want: ^1.0.0
5067 silly placeDep node_modules/configstore write-file-atomic@2.4.3 OK for: configstore@3.1.5 want: ^2.0.0
5068 silly fetch manifest crypto-random-string@^1.0.0
5069 silly packumentCache full:https://registry.npmjs.org/crypto-random-string cache-miss
5070 http fetch GET 200 https://registry.npmjs.org/crypto-random-string 59ms (cache miss)
5071 silly packumentCache full:https://registry.npmjs.org/crypto-random-string set size:undefined disposed:false
5072 silly placeDep ROOT global-dirs@0.1.1 OK for: is-installed-globally@0.1.0 want: ^0.1.0
5073 silly placeDep ROOT is-path-inside@1.0.1 OK for: is-installed-globally@0.1.0 want: ^1.0.0
5074 silly fetch manifest ini@^1.3.4
5075 silly packumentCache full:https://registry.npmjs.org/ini cache-miss
5076 http fetch GET 200 https://registry.npmjs.org/ini 48ms (cache miss)
5077 silly packumentCache full:https://registry.npmjs.org/ini set size:undefined disposed:false
5078 silly placeDep ROOT ini@1.3.8 OK for: global-dirs@0.1.1 want: ^1.3.4
5079 silly placeDep ROOT package-json@4.0.1 OK for: latest-version@3.1.0 want: ^4.0.0
5080 silly fetch manifest got@^6.7.1
5081 silly packumentCache full:https://registry.npmjs.org/got cache-miss
5082 silly fetch manifest registry-url@^3.0.3
5083 silly packumentCache full:https://registry.npmjs.org/registry-url cache-miss
5084 silly fetch manifest registry-auth-token@^3.0.1
5085 silly packumentCache full:https://registry.npmjs.org/registry-auth-token cache-miss
5086 http fetch GET 200 https://registry.npmjs.org/registry-url 161ms (cache miss)
5087 silly packumentCache full:https://registry.npmjs.org/registry-url set size:undefined disposed:false
5088 http fetch GET 200 https://registry.npmjs.org/registry-auth-token 165ms (cache miss)
5089 silly packumentCache full:https://registry.npmjs.org/registry-auth-token set size:undefined disposed:false
5090 http fetch GET 200 https://registry.npmjs.org/got 168ms (cache miss)
5091 silly packumentCache full:https://registry.npmjs.org/got set size:undefined disposed:false
5092 silly placeDep ROOT got@6.7.1 OK for: package-json@4.0.1 want: ^6.7.1
5093 silly placeDep ROOT registry-auth-token@3.4.0 OK for: package-json@4.0.1 want: ^3.0.1
5094 silly placeDep ROOT registry-url@3.1.0 OK for: package-json@4.0.1 want: ^3.0.3
5095 silly fetch manifest duplexer3@^0.1.4
5096 silly packumentCache full:https://registry.npmjs.org/duplexer3 cache-miss
5097 silly fetch manifest timed-out@^4.0.0
5098 silly packumentCache full:https://registry.npmjs.org/timed-out cache-miss
5099 silly fetch manifest is-redirect@^1.0.0
5100 silly packumentCache full:https://registry.npmjs.org/is-redirect cache-miss
5101 silly fetch manifest url-parse-lax@^1.0.0
5102 silly packumentCache full:https://registry.npmjs.org/url-parse-lax cache-miss
5103 silly fetch manifest lowercase-keys@^1.0.0
5104 silly packumentCache full:https://registry.npmjs.org/lowercase-keys cache-miss
5105 silly fetch manifest unzip-response@^2.0.1
5106 silly packumentCache full:https://registry.npmjs.org/unzip-response cache-miss
5107 silly fetch manifest is-retry-allowed@^1.0.0
5108 silly packumentCache full:https://registry.npmjs.org/is-retry-allowed cache-miss
5109 http fetch GET 200 https://registry.npmjs.org/lowercase-keys 50ms (cache miss)
5110 silly packumentCache full:https://registry.npmjs.org/lowercase-keys set size:undefined disposed:false
5111 silly fetch manifest create-error-class@^3.0.0
5112 silly packumentCache full:https://registry.npmjs.org/create-error-class cache-miss
5113 http fetch GET 200 https://registry.npmjs.org/is-retry-allowed 54ms (cache miss)
5114 silly packumentCache full:https://registry.npmjs.org/is-retry-allowed set size:undefined disposed:false
5115 silly fetch manifest rc@^1.1.6
5116 silly packumentCache full:https://registry.npmjs.org/rc cache-miss
5117 http fetch GET 200 https://registry.npmjs.org/rc 42ms (cache miss)
5118 silly packumentCache full:https://registry.npmjs.org/rc set size:undefined disposed:false
5119 silly fetch manifest rc@^1.0.1
5120 silly packumentCache full:https://registry.npmjs.org/rc cache-miss
5121 http cache https://registry.npmjs.org/rc 2ms (cache hit)
5122 silly packumentCache full:https://registry.npmjs.org/rc set size:70417 disposed:false
5123 http fetch GET 200 https://registry.npmjs.org/url-parse-lax 135ms (cache miss)
5124 silly packumentCache full:https://registry.npmjs.org/url-parse-lax set size:undefined disposed:false
5125 http fetch GET 200 https://registry.npmjs.org/is-redirect 136ms (cache miss)
5126 silly packumentCache full:https://registry.npmjs.org/is-redirect set size:undefined disposed:false
5127 http fetch GET 200 https://registry.npmjs.org/unzip-response 137ms (cache miss)
5128 silly packumentCache full:https://registry.npmjs.org/unzip-response set size:undefined disposed:false
5129 http fetch GET 200 https://registry.npmjs.org/timed-out 148ms (cache miss)
5130 silly packumentCache full:https://registry.npmjs.org/timed-out set size:undefined disposed:false
5131 http fetch GET 200 https://registry.npmjs.org/duplexer3 150ms (cache miss)
5132 silly packumentCache full:https://registry.npmjs.org/duplexer3 set size:undefined disposed:false
5133 http fetch GET 200 https://registry.npmjs.org/create-error-class 123ms (cache miss)
5134 silly packumentCache full:https://registry.npmjs.org/create-error-class set size:undefined disposed:false
5135 silly placeDep ROOT create-error-class@3.0.2 OK for: got@6.7.1 want: ^3.0.0
5136 silly placeDep ROOT duplexer3@0.1.5 OK for: got@6.7.1 want: ^0.1.4
5137 silly placeDep ROOT is-redirect@1.0.0 OK for: got@6.7.1 want: ^1.0.0
5138 silly placeDep ROOT is-retry-allowed@1.2.0 OK for: got@6.7.1 want: ^1.0.0
5139 silly placeDep ROOT lowercase-keys@1.0.1 OK for: got@6.7.1 want: ^1.0.0
5140 silly placeDep ROOT timed-out@4.0.1 OK for: got@6.7.1 want: ^4.0.0
5141 silly placeDep ROOT unzip-response@2.0.1 OK for: got@6.7.1 want: ^2.0.1
5142 silly placeDep ROOT url-parse-lax@1.0.0 OK for: got@6.7.1 want: ^1.0.0
5143 silly fetch manifest capture-stack-trace@^1.0.0
5144 silly packumentCache full:https://registry.npmjs.org/capture-stack-trace cache-miss
5145 silly fetch manifest prepend-http@^1.0.1
5146 silly packumentCache full:https://registry.npmjs.org/prepend-http cache-miss
5147 http fetch GET 200 https://registry.npmjs.org/capture-stack-trace 121ms (cache miss)
5148 silly packumentCache full:https://registry.npmjs.org/capture-stack-trace set size:undefined disposed:false
5149 http fetch GET 200 https://registry.npmjs.org/prepend-http 123ms (cache miss)
5150 silly packumentCache full:https://registry.npmjs.org/prepend-http set size:undefined disposed:false
5151 silly placeDep ROOT capture-stack-trace@1.0.2 OK for: create-error-class@3.0.2 want: ^1.0.0
5152 silly placeDep ROOT rc@1.2.8 OK for: registry-auth-token@3.4.0 want: ^1.1.6
5153 silly fetch manifest deep-extend@^0.6.0
5154 silly packumentCache full:https://registry.npmjs.org/deep-extend cache-miss
5155 http fetch GET 200 https://registry.npmjs.org/deep-extend 55ms (cache miss)
5156 silly packumentCache full:https://registry.npmjs.org/deep-extend set size:undefined disposed:false
5157 silly placeDep ROOT deep-extend@0.6.0 OK for: rc@1.2.8 want: ^0.6.0
5158 silly placeDep node_modules/rc strip-json-comments@2.0.1 OK for: rc@1.2.8 want: ~2.0.1
5159 silly placeDep node_modules/term-size execa@0.7.0 OK for: term-size@1.2.0 want: ^0.7.0
5160 silly placeDep ROOT crypto-random-string@1.0.0 OK for: unique-string@1.0.0 want: ^1.0.0
5161 silly placeDep node_modules/uri-js punycode@2.3.1 OK for: uri-js@4.4.1 want: ^2.1.0
5162 silly placeDep ROOT prepend-http@1.0.4 OK for: url-parse-lax@1.0.0 want: ^1.0.1
5163 silly placeDep ROOT @jridgewell/trace-mapping@0.3.31 OK for: v8-to-istanbul@9.3.0 want: ^0.3.12
5164 silly placeDep ROOT @types/istanbul-lib-coverage@2.0.6 OK for: v8-to-istanbul@9.3.0 want: ^2.0.1
5165 silly placeDep ROOT convert-source-map@2.0.0 OK for: v8-to-istanbul@9.3.0 want: ^2.0.0
5166 silly fetch manifest @jridgewell/resolve-uri@^3.1.0
5167 silly packumentCache full:https://registry.npmjs.org/@jridgewell%2fresolve-uri cache-miss
5168 silly fetch manifest @jridgewell/sourcemap-codec@^1.4.14
5169 silly packumentCache full:https://registry.npmjs.org/@jridgewell%2fsourcemap-codec cache-miss
5170 http fetch GET 200 https://registry.npmjs.org/@jridgewell%2fsourcemap-codec 117ms (cache miss)
5171 silly packumentCache full:https://registry.npmjs.org/@jridgewell%2fsourcemap-codec set size:undefined disposed:false
5172 http fetch GET 200 https://registry.npmjs.org/@jridgewell%2fresolve-uri 124ms (cache miss)
5173 silly packumentCache full:https://registry.npmjs.org/@jridgewell%2fresolve-uri set size:undefined disposed:false
5174 silly placeDep ROOT @jridgewell/resolve-uri@3.1.2 OK for: @jridgewell/trace-mapping@0.3.31 want: ^3.1.0
5175 silly placeDep ROOT @jridgewell/sourcemap-codec@1.6.0 OK for: @jridgewell/trace-mapping@0.3.31 want: ^1.4.14
5176 silly placeDep ROOT spdx-correct@3.2.0 OK for: validate-npm-package-license@3.0.4 want: ^3.0.0
5177 silly placeDep ROOT spdx-expression-parse@3.0.1 OK for: validate-npm-package-license@3.0.4 want: ^3.0.0
5178 silly fetch manifest spdx-license-ids@^3.0.0
5179 silly packumentCache full:https://registry.npmjs.org/spdx-license-ids cache-miss
5180 silly fetch manifest spdx-exceptions@^2.1.0
5181 silly packumentCache full:https://registry.npmjs.org/spdx-exceptions cache-miss
5182 silly fetch manifest spdx-license-ids@^3.0.0
5183 silly packumentCache full:https://registry.npmjs.org/spdx-license-ids cache-miss
5184 http fetch GET 200 https://registry.npmjs.org/spdx-exceptions 55ms (cache miss)
5185 silly packumentCache full:https://registry.npmjs.org/spdx-exceptions set size:undefined disposed:false
5186 http fetch GET 200 https://registry.npmjs.org/spdx-license-ids 80ms (cache miss)
5187 silly packumentCache full:https://registry.npmjs.org/spdx-license-ids set size:undefined disposed:false
5188 http fetch GET 200 https://registry.npmjs.org/spdx-license-ids 82ms (cache miss)
5189 silly packumentCache full:https://registry.npmjs.org/spdx-license-ids set size:undefined disposed:false
5190 silly placeDep ROOT spdx-license-ids@3.0.24 OK for: spdx-correct@3.2.0 want: ^3.0.0
5191 silly placeDep ROOT spdx-exceptions@2.5.0 OK for: spdx-expression-parse@3.0.1 want: ^2.1.0
5192 silly placeDep ROOT builtins@1.0.3 OK for: validate-npm-package-name@3.0.0 want: ^1.0.3
5193 silly placeDep node_modules/verror assert-plus@1.0.0 OK for: verror@1.10.0 want: ^1.0.0
5194 silly placeDep node_modules/verror core-util-is@1.0.2 OK for: verror@1.10.0 want: 1.0.2
5195 silly placeDep ROOT is-bigint@1.1.0 OK for: which-boxed-primitive@1.1.1 want: ^1.1.0
5196 silly placeDep ROOT is-boolean-object@1.2.2 OK for: which-boxed-primitive@1.1.1 want: ^1.2.1
5197 silly placeDep ROOT is-number-object@1.1.1 OK for: which-boxed-primitive@1.1.1 want: ^1.1.1
5198 silly placeDep ROOT is-async-function@2.1.1 OK for: which-builtin-type@1.2.1 want: ^2.0.0
5199 silly placeDep ROOT is-finalizationregistry@1.1.1 OK for: which-builtin-type@1.2.1 want: ^1.1.0
5200 silly placeDep ROOT is-generator-function@1.1.2 OK for: which-builtin-type@1.2.1 want: ^1.0.10
5201 silly placeDep node_modules/which-builtin-type isarray@2.0.5 OK for: which-builtin-type@1.2.1 want: ^2.0.5
5202 silly fetch manifest async-function@^1.0.0
5203 silly packumentCache full:https://registry.npmjs.org/async-function cache-miss
5204 silly fetch manifest generator-function@^2.0.0
5205 silly packumentCache full:https://registry.npmjs.org/generator-function cache-miss
5206 http fetch GET 200 https://registry.npmjs.org/async-function 44ms (cache miss)
5207 silly packumentCache full:https://registry.npmjs.org/async-function set size:undefined disposed:false
5208 http fetch GET 200 https://registry.npmjs.org/generator-function 55ms (cache miss)
5209 silly packumentCache full:https://registry.npmjs.org/generator-function set size:undefined disposed:false
5210 silly placeDep ROOT async-function@1.0.0 OK for: is-async-function@2.1.1 want: ^1.0.0
5211 silly placeDep ROOT generator-function@2.0.1 OK for: is-generator-function@1.1.2 want: ^2.0.0
5212 silly placeDep ROOT is-weakmap@2.0.2 OK for: which-collection@1.0.2 want: ^2.0.2
5213 silly placeDep ROOT is-weakset@2.0.4 OK for: which-collection@1.0.2 want: ^2.0.3
5214 silly placeDep node_modules/wrap-ansi ansi-styles@6.2.3 OK for: wrap-ansi@8.1.0 want: ^6.1.0
5215 silly placeDep node_modules/wrap-ansi string-width@5.1.2 OK for: wrap-ansi@8.1.0 want: ^5.0.1
5216 silly placeDep node_modules/wrap-ansi strip-ansi@7.2.0 OK for: wrap-ansi@8.1.0 want: ^7.0.1
5217 silly placeDep node_modules/wrap-ansi-cjs ansi-styles@4.3.0 OK for: wrap-ansi@7.0.0 want: ^4.0.0
5218 silly placeDep node_modules/wrap-ansi-cjs string-width@4.2.3 OK for: wrap-ansi@7.0.0 want: ^4.1.0
5219 silly placeDep node_modules/write-file-atomic signal-exit@3.0.7 OK for: write-file-atomic@4.0.2 want: ^3.0.7
5220 silly placeDep ROOT cliui@8.0.1 OK for: yargs@17.7.3 want: ^8.0.1
5221 silly placeDep ROOT escalade@3.2.0 OK for: yargs@17.7.3 want: ^3.1.1
5222 silly placeDep ROOT get-caller-file@2.0.5 OK for: yargs@17.7.3 want: ^2.0.5
5223 silly placeDep ROOT require-directory@2.1.1 OK for: yargs@17.7.3 want: ^2.1.1
5224 silly placeDep node_modules/yargs string-width@4.2.3 OK for: yargs@17.7.3 want: ^4.2.3
5225 silly placeDep node_modules/yargs y18n@5.0.8 OK for: yargs@17.7.3 want: ^5.0.5
5226 silly fetch manifest wrap-ansi@^7.0.0
5227 silly packumentCache full:https://registry.npmjs.org/wrap-ansi cache-miss
5228 http cache https://registry.npmjs.org/wrap-ansi 3ms (cache hit)
5229 silly packumentCache full:https://registry.npmjs.org/wrap-ansi set size:59620 disposed:false
5230 silly placeDep node_modules/cliui string-width@4.2.3 OK for: cliui@8.0.1 want: ^4.2.0
5231 silly placeDep node_modules/cliui wrap-ansi@7.0.0 OK for: cliui@8.0.1 want: ^7.0.0
5232 silly placeDep node_modules/yargs-unparser camelcase@6.3.0 OK for: yargs-unparser@2.0.0 want: ^6.0.0
5233 silly placeDep ROOT decamelize@4.0.0 OK for: yargs-unparser@2.0.0 want: ^4.0.0
5234 silly placeDep ROOT flat@5.0.2 OK for: yargs-unparser@2.0.0 want: ^5.0.2
5235 silly placeDep ROOT is-plain-obj@2.1.0 OK for: yargs-unparser@2.0.0 want: ^2.1.0
5236 silly placeDep node_modules/.pnpm/ms@2.1.3/node_modules/ms/node_modules/mocha ms@2.0.0 OK for: debug@3.1.0 want: 2.0.0
5237 silly placeDep node_modules/.pnpm has-flag@2.0.0 OK for: supports-color@4.4.0 want: ^2.0.0
5238 silly placeDep node_modules/.pnpm/node_modules/mkdirp minimist@0.0.8 OK for: mkdirp@0.5.1 want: 0.0.8
5239 silly placeDep node_modules/.pnpm/node_modules/rimraf glob@7.2.3 OK for: rimraf@2.7.1 want: ^7.1.3
5240 silly placeDep node_modules/.pnpm/typescript@5.9.3/node_modules/typescript/node_modules/@typescript-eslint/rule-tester @typescript-eslint/parser@8.71.0 CONFLICT for: @typescript-eslint/rule-tester@8.71.0 want: 8.71.0
5241 silly placeDep node_modules/.pnpm/typescript@5.9.3/node_modules/typescript/node_modules/@typescript-eslint/rule-tester @typescript-eslint/typescript-estree@8.71.0 CONFLICT for: @typescript-eslint/rule-tester@8.71.0 want: 8.71.0
5242 silly placeDep node_modules/.pnpm/typescript@5.9.3 semver@7.8.5 OK for: @typescript-eslint/rule-tester@8.71.0 want: ^7.7.3
5243 silly fetch manifest @typescript-eslint/visitor-keys@8.71.0
5244 silly packumentCache full:https://registry.npmjs.org/@typescript-eslint%2fvisitor-keys cache-miss
5245 silly fetch manifest tinyglobby@^0.2.15
5246 silly packumentCache full:https://registry.npmjs.org/tinyglobby cache-miss
5247 silly fetch manifest @typescript-eslint/visitor-keys@8.71.0
5248 silly packumentCache full:https://registry.npmjs.org/@typescript-eslint%2fvisitor-keys cache-miss
5249 silly fetch manifest @typescript-eslint/tsconfig-utils@8.71.0
5250 silly packumentCache full:https://registry.npmjs.org/@typescript-eslint%2ftsconfig-utils cache-miss
5251 silly fetch manifest @typescript-eslint/project-service@8.71.0
5252 silly packumentCache full:https://registry.npmjs.org/@typescript-eslint%2fproject-service cache-miss
5253 http fetch GET 200 https://registry.npmjs.org/tinyglobby 80ms (cache miss)
5254 silly packumentCache full:https://registry.npmjs.org/tinyglobby set size:undefined disposed:false
5255 http fetch GET 200 https://registry.npmjs.org/@typescript-eslint%2ftsconfig-utils 471ms (cache miss)
5256 silly packumentCache full:https://registry.npmjs.org/@typescript-eslint%2ftsconfig-utils set size:undefined disposed:false
5257 http fetch GET 200 https://registry.npmjs.org/@typescript-eslint%2fproject-service 826ms (cache miss)
5258 silly packumentCache full:https://registry.npmjs.org/@typescript-eslint%2fproject-service set size:undefined disposed:false
5259 http fetch GET 200 https://registry.npmjs.org/@typescript-eslint%2fvisitor-keys 2643ms (cache miss)
5260 silly packumentCache full:https://registry.npmjs.org/@typescript-eslint%2fvisitor-keys set size:undefined disposed:false
5261 http fetch GET 200 https://registry.npmjs.org/@typescript-eslint%2fvisitor-keys 3378ms (cache miss)
5262 silly packumentCache full:https://registry.npmjs.org/@typescript-eslint%2fvisitor-keys set size:undefined disposed:false
5263 silly placeDep ROOT @typescript-eslint/types@8.71.0 OK for: @typescript-eslint/type-utils@8.71.0 want: 8.71.0
5264 silly placeDep node_modules/.pnpm/typescript@5.9.3/node_modules/typescript/node_modules/@typescript-eslint/type-utils @typescript-eslint/typescript-estree@8.71.0 CONFLICT for: @typescript-eslint/type-utils@8.71.0 want: 8.71.0
5265 silly placeDep node_modules/.pnpm/typescript@5.9.3/node_modules/typescript/node_modules/@typescript-eslint/type-utils ts-api-utils@2.5.0 CONFLICT for: @typescript-eslint/type-utils@8.71.0 want: ^2.5.0
5266 silly placeDep ROOT @typescript-eslint/scope-manager@8.71.0 OK for: @typescript-eslint/utils@8.71.0 want: 8.71.0
5267 silly placeDep node_modules/.pnpm/typescript@5.9.3/node_modules/typescript/node_modules/@typescript-eslint/utils @typescript-eslint/typescript-estree@8.71.0 CONFLICT for: @typescript-eslint/utils@8.71.0 want: 8.71.0
5268 silly placeDep ROOT @typescript-eslint/visitor-keys@8.71.0 OK for: @typescript-eslint/scope-manager@8.71.0 want: 8.71.0
5269 silly fetch manifest eslint-visitor-keys@^5.0.0
5270 silly packumentCache full:https://registry.npmjs.org/eslint-visitor-keys cache-hit
5271 silly placeDep node_modules/@typescript-eslint/visitor-keys eslint-visitor-keys@5.0.1 OK for: @typescript-eslint/visitor-keys@8.71.0 want: ^5.0.0
5272 silly placeDep ROOT comment-parser@1.4.9 OK for: eslint-plugin-regexp@2.10.0 want: ^1.4.0
5273 silly placeDep ROOT jsdoc-type-pratt-parser@4.8.0 OK for: eslint-plugin-regexp@2.10.0 want: ^4.0.0
5274 silly placeDep ROOT refa@0.12.1 OK for: eslint-plugin-regexp@2.10.0 want: ^0.12.1
5275 silly placeDep ROOT regexp-ast-analysis@0.7.1 OK for: eslint-plugin-regexp@2.10.0 want: ^0.7.1
5276 silly placeDep ROOT scslre@0.3.0 OK for: eslint-plugin-regexp@2.10.0 want: ^0.3.0
5277 silly placeDep ROOT @nodelib/fs.walk@1.2.8 OK for: knip@5.88.1 want: ^1.2.3
5278 silly placeDep ROOT fast-glob@3.3.3 OK for: knip@5.88.1 want: ^3.3.3
5279 silly placeDep ROOT formatly@0.3.0 OK for: knip@5.88.1 want: ^0.3.0
5280 silly placeDep ROOT jiti@2.7.0 OK for: knip@5.88.1 want: ^2.6.0
5281 silly placeDep ROOT oxc-resolver@11.24.2 OK for: knip@5.88.1 want: ^11.19.1
5282 silly placeDep ROOT picomatch@4.0.7 OK for: knip@5.88.1 want: ^4.0.1
5283 silly placeDep ROOT smol-toml@1.9.0 OK for: knip@5.88.1 want: ^1.5.2
5284 silly placeDep node_modules/.pnpm/typescript@5.9.3 strip-json-comments@5.0.3 OK for: knip@5.88.1 want: 5.0.3
5285 silly placeDep ROOT unbash@2.2.0 OK for: knip@5.88.1 want: ^2.2.0
5286 silly placeDep ROOT yaml@2.9.1 OK for: knip@5.88.1 want: ^2.8.2
5287 silly placeDep ROOT zod@4.6.5 OK for: knip@5.88.1 want: ^4.1.11
5288 silly fetch manifest fastq@^1.6.0
5289 silly packumentCache full:https://registry.npmjs.org/fastq cache-miss
5290 silly fetch manifest @nodelib/fs.scandir@2.1.5
5291 silly packumentCache full:https://registry.npmjs.org/@nodelib%2ffs.scandir cache-miss
5292 silly fetch manifest @nodelib/fs.stat@^2.0.2
5293 silly packumentCache full:https://registry.npmjs.org/@nodelib%2ffs.stat cache-miss
5294 silly fetch manifest glob-parent@^5.1.2
5295 silly packumentCache full:https://registry.npmjs.org/glob-parent cache-hit
5296 silly fetch manifest merge2@^1.3.0
5297 silly packumentCache full:https://registry.npmjs.org/merge2 cache-miss
5298 silly fetch manifest micromatch@^4.0.8
5299 silly packumentCache full:https://registry.npmjs.org/micromatch cache-miss
5300 silly fetch manifest fd-package-json@^2.0.0
5301 silly packumentCache full:https://registry.npmjs.org/fd-package-json cache-miss
5302 silly fetch manifest @oxc-resolver/binding-darwin-arm64@11.24.2
5303 silly packumentCache full:https://registry.npmjs.org/@oxc-resolver%2fbinding-darwin-arm64 cache-miss
5304 http fetch GET 200 https://registry.npmjs.org/merge2 93ms (cache miss)
5305 silly packumentCache full:https://registry.npmjs.org/merge2 set size:undefined disposed:false
5306 silly fetch manifest @oxc-resolver/binding-android-arm64@11.24.2
5307 silly packumentCache full:https://registry.npmjs.org/@oxc-resolver%2fbinding-android-arm64 cache-miss
5308 http fetch GET 200 https://registry.npmjs.org/@nodelib%2ffs.scandir 100ms (cache miss)
5309 silly packumentCache full:https://registry.npmjs.org/@nodelib%2ffs.scandir set size:undefined disposed:false
5310 silly fetch manifest @oxc-resolver/binding-win32-arm64-msvc@11.24.2
5311 silly packumentCache full:https://registry.npmjs.org/@oxc-resolver%2fbinding-win32-arm64-msvc cache-miss
5312 http fetch GET 200 https://registry.npmjs.org/fastq 104ms (cache miss)
5313 silly packumentCache full:https://registry.npmjs.org/fastq set size:undefined disposed:false
5314 silly fetch manifest @oxc-resolver/binding-linux-arm64-gnu@11.24.2
5315 silly packumentCache full:https://registry.npmjs.org/@oxc-resolver%2fbinding-linux-arm64-gnu cache-miss
5316 http fetch GET 200 https://registry.npmjs.org/@nodelib%2ffs.stat 109ms (cache miss)
5317 silly packumentCache full:https://registry.npmjs.org/@nodelib%2ffs.stat set size:undefined disposed:false
5318 silly fetch manifest @oxc-resolver/binding-linux-arm64-musl@11.24.2
5319 silly packumentCache full:https://registry.npmjs.org/@oxc-resolver%2fbinding-linux-arm64-musl cache-miss
5320 http fetch GET 200 https://registry.npmjs.org/@oxc-resolver%2fbinding-darwin-arm64 115ms (cache miss)
5321 silly packumentCache full:https://registry.npmjs.org/@oxc-resolver%2fbinding-darwin-arm64 set size:undefined disposed:false
5322 silly fetch manifest @oxc-resolver/binding-openharmony-arm64@11.24.2
5323 silly packumentCache full:https://registry.npmjs.org/@oxc-resolver%2fbinding-openharmony-arm64 cache-miss
5324 http fetch GET 200 https://registry.npmjs.org/micromatch 131ms (cache miss)
5325 silly packumentCache full:https://registry.npmjs.org/micromatch set size:undefined disposed:false
5326 silly fetch manifest @oxc-resolver/binding-android-arm-eabi@11.24.2
5327 silly packumentCache full:https://registry.npmjs.org/@oxc-resolver%2fbinding-android-arm-eabi cache-miss
5328 http fetch GET 200 https://registry.npmjs.org/fd-package-json 143ms (cache miss)
5329 silly packumentCache full:https://registry.npmjs.org/fd-package-json set size:undefined disposed:false
5330 silly fetch manifest @oxc-resolver/binding-linux-arm-gnueabihf@11.24.2
5331 silly packumentCache full:https://registry.npmjs.org/@oxc-resolver%2fbinding-linux-arm-gnueabihf cache-miss
5332 http fetch GET 200 https://registry.npmjs.org/@oxc-resolver%2fbinding-android-arm64 128ms (cache miss)
5333 silly packumentCache full:https://registry.npmjs.org/@oxc-resolver%2fbinding-android-arm64 set size:undefined disposed:false
5334 silly fetch manifest @oxc-resolver/binding-linux-arm-musleabihf@11.24.2
5335 silly packumentCache full:https://registry.npmjs.org/@oxc-resolver%2fbinding-linux-arm-musleabihf cache-miss
5336 http fetch GET 200 https://registry.npmjs.org/@oxc-resolver%2fbinding-openharmony-arm64 116ms (cache miss)
5337 silly packumentCache full:https://registry.npmjs.org/@oxc-resolver%2fbinding-openharmony-arm64 set size:undefined disposed:false
5338 silly fetch manifest @oxc-resolver/binding-linux-ppc64-gnu@11.24.2
5339 silly packumentCache full:https://registry.npmjs.org/@oxc-resolver%2fbinding-linux-ppc64-gnu cache-miss
5340 http fetch GET 200 https://registry.npmjs.org/@oxc-resolver%2fbinding-android-arm-eabi 106ms (cache miss)
5341 silly packumentCache full:https://registry.npmjs.org/@oxc-resolver%2fbinding-android-arm-eabi set size:undefined disposed:false
5342 silly fetch manifest @oxc-resolver/binding-linux-riscv64-gnu@11.24.2
5343 silly packumentCache full:https://registry.npmjs.org/@oxc-resolver%2fbinding-linux-riscv64-gnu cache-miss
5344 http fetch GET 200 https://registry.npmjs.org/@oxc-resolver%2fbinding-linux-arm64-gnu 243ms (cache miss)
5345 silly packumentCache full:https://registry.npmjs.org/@oxc-resolver%2fbinding-linux-arm64-gnu set size:undefined disposed:false
5346 silly fetch manifest @oxc-resolver/binding-linux-riscv64-musl@11.24.2
5347 silly packumentCache full:https://registry.npmjs.org/@oxc-resolver%2fbinding-linux-riscv64-musl cache-miss
5348 http fetch GET 200 https://registry.npmjs.org/@oxc-resolver%2fbinding-linux-arm-musleabihf 143ms (cache miss)
5349 silly packumentCache full:https://registry.npmjs.org/@oxc-resolver%2fbinding-linux-arm-musleabihf set size:undefined disposed:false
5350 silly fetch manifest @oxc-resolver/binding-linux-s390x-gnu@11.24.2
5351 silly packumentCache full:https://registry.npmjs.org/@oxc-resolver%2fbinding-linux-s390x-gnu cache-miss
5352 http fetch GET 200 https://registry.npmjs.org/@oxc-resolver%2fbinding-linux-riscv64-gnu 132ms (cache miss)
5353 silly packumentCache full:https://registry.npmjs.org/@oxc-resolver%2fbinding-linux-riscv64-gnu set size:undefined disposed:false
5354 silly fetch manifest @oxc-resolver/binding-wasm32-wasi@11.24.2
5355 silly packumentCache full:https://registry.npmjs.org/@oxc-resolver%2fbinding-wasm32-wasi cache-miss
5356 http fetch GET 200 https://registry.npmjs.org/@oxc-resolver%2fbinding-linux-arm-gnueabihf 231ms (cache miss)
5357 silly packumentCache full:https://registry.npmjs.org/@oxc-resolver%2fbinding-linux-arm-gnueabihf set size:undefined disposed:false
5358 silly fetch manifest @oxc-resolver/binding-darwin-x64@11.24.2
5359 silly packumentCache full:https://registry.npmjs.org/@oxc-resolver%2fbinding-darwin-x64 cache-miss
5360 http fetch GET 200 https://registry.npmjs.org/@oxc-resolver%2fbinding-win32-arm64-msvc 291ms (cache miss)
5361 silly packumentCache full:https://registry.npmjs.org/@oxc-resolver%2fbinding-win32-arm64-msvc set size:undefined disposed:false
5362 silly fetch manifest @oxc-resolver/binding-win32-x64-msvc@11.24.2
5363 silly packumentCache full:https://registry.npmjs.org/@oxc-resolver%2fbinding-win32-x64-msvc cache-miss
5364 http fetch GET 200 https://registry.npmjs.org/@oxc-resolver%2fbinding-linux-arm64-musl 312ms (cache miss)
5365 silly packumentCache full:https://registry.npmjs.org/@oxc-resolver%2fbinding-linux-arm64-musl set size:undefined disposed:false
5366 silly fetch manifest @oxc-resolver/binding-freebsd-x64@11.24.2
5367 silly packumentCache full:https://registry.npmjs.org/@oxc-resolver%2fbinding-freebsd-x64 cache-miss
5368 http fetch GET 200 https://registry.npmjs.org/@oxc-resolver%2fbinding-linux-ppc64-gnu 205ms (cache miss)
5369 silly packumentCache full:https://registry.npmjs.org/@oxc-resolver%2fbinding-linux-ppc64-gnu set size:undefined disposed:false
5370 silly fetch manifest @oxc-resolver/binding-linux-x64-gnu@11.24.2
5371 silly packumentCache full:https://registry.npmjs.org/@oxc-resolver%2fbinding-linux-x64-gnu cache-miss
5372 http fetch GET 200 https://registry.npmjs.org/@oxc-resolver%2fbinding-wasm32-wasi 113ms (cache miss)
5373 silly packumentCache full:https://registry.npmjs.org/@oxc-resolver%2fbinding-wasm32-wasi set size:undefined disposed:false
5374 silly fetch manifest @oxc-resolver/binding-linux-x64-musl@11.24.2
5375 silly packumentCache full:https://registry.npmjs.org/@oxc-resolver%2fbinding-linux-x64-musl cache-miss
5376 http fetch GET 200 https://registry.npmjs.org/@oxc-resolver%2fbinding-freebsd-x64 140ms (cache miss)
5377 silly packumentCache full:https://registry.npmjs.org/@oxc-resolver%2fbinding-freebsd-x64 set size:undefined disposed:false
5378 http fetch GET 200 https://registry.npmjs.org/@oxc-resolver%2fbinding-linux-x64-gnu 124ms (cache miss)
5379 silly packumentCache full:https://registry.npmjs.org/@oxc-resolver%2fbinding-linux-x64-gnu set size:undefined disposed:false
5380 http fetch GET 200 https://registry.npmjs.org/@oxc-resolver%2fbinding-darwin-x64 257ms (cache miss)
5381 silly packumentCache full:https://registry.npmjs.org/@oxc-resolver%2fbinding-darwin-x64 set size:undefined disposed:false
5382 http fetch GET 200 https://registry.npmjs.org/@oxc-resolver%2fbinding-linux-riscv64-musl 286ms (cache miss)
5383 silly packumentCache full:https://registry.npmjs.org/@oxc-resolver%2fbinding-linux-riscv64-musl set size:undefined disposed:false
5384 http fetch GET 200 https://registry.npmjs.org/@oxc-resolver%2fbinding-linux-s390x-gnu 315ms (cache miss)
5385 silly packumentCache full:https://registry.npmjs.org/@oxc-resolver%2fbinding-linux-s390x-gnu set size:undefined disposed:false
5386 http fetch GET 200 https://registry.npmjs.org/@oxc-resolver%2fbinding-linux-x64-musl 207ms (cache miss)
5387 silly packumentCache full:https://registry.npmjs.org/@oxc-resolver%2fbinding-linux-x64-musl set size:undefined disposed:false
5388 http fetch GET 200 https://registry.npmjs.org/@oxc-resolver%2fbinding-win32-x64-msvc 304ms (cache miss)
5389 silly packumentCache full:https://registry.npmjs.org/@oxc-resolver%2fbinding-win32-x64-msvc set size:undefined disposed:false
5390 silly placeDep ROOT @nodelib/fs.scandir@2.1.5 OK for: @nodelib/fs.walk@1.2.8 want: 2.1.5
5391 silly placeDep ROOT fastq@1.20.3 OK for: @nodelib/fs.walk@1.2.8 want: ^1.6.0
5392 silly fetch manifest run-parallel@^1.1.9
5393 silly packumentCache full:https://registry.npmjs.org/run-parallel cache-miss
5394 silly fetch manifest @nodelib/fs.stat@2.0.5
5395 silly packumentCache full:https://registry.npmjs.org/@nodelib%2ffs.stat cache-miss
5396 silly fetch manifest reusify@^1.0.4
5397 silly packumentCache full:https://registry.npmjs.org/reusify cache-miss
5398 http cache https://registry.npmjs.org/@nodelib%2ffs.stat 3ms (cache hit)
5399 silly packumentCache full:https://registry.npmjs.org/@nodelib%2ffs.stat set size:36993 disposed:false
5400 http fetch GET 200 https://registry.npmjs.org/reusify 55ms (cache miss)
5401 silly packumentCache full:https://registry.npmjs.org/reusify set size:undefined disposed:false
5402 http fetch GET 200 https://registry.npmjs.org/run-parallel 60ms (cache miss)
5403 silly packumentCache full:https://registry.npmjs.org/run-parallel set size:undefined disposed:false
5404 silly placeDep ROOT @nodelib/fs.stat@2.0.5 OK for: @nodelib/fs.scandir@2.1.5 want: 2.0.5
5405 silly placeDep ROOT run-parallel@1.2.0 OK for: @nodelib/fs.scandir@2.1.5 want: ^1.1.9
5406 silly fetch manifest queue-microtask@^1.2.2
5407 silly packumentCache full:https://registry.npmjs.org/queue-microtask cache-miss
5408 http fetch GET 200 https://registry.npmjs.org/queue-microtask 99ms (cache miss)
5409 silly packumentCache full:https://registry.npmjs.org/queue-microtask set size:undefined disposed:false
5410 silly placeDep node_modules/fast-glob glob-parent@5.1.2 OK for: fast-glob@3.3.3 want: ^5.1.2
5411 silly placeDep ROOT merge2@1.4.1 OK for: fast-glob@3.3.3 want: ^1.3.0
5412 silly placeDep ROOT micromatch@4.0.8 OK for: fast-glob@3.3.3 want: ^4.0.8
5413 silly fetch manifest braces@^3.0.3
5414 silly packumentCache full:https://registry.npmjs.org/braces cache-miss
5415 silly fetch manifest picomatch@^2.3.1
5416 silly packumentCache full:https://registry.npmjs.org/picomatch cache-miss
5417 http cache https://registry.npmjs.org/braces 3ms (cache hit)
5418 silly packumentCache full:https://registry.npmjs.org/braces set size:114529 disposed:false
5419 http cache https://registry.npmjs.org/picomatch 5ms (cache hit)
5420 silly packumentCache full:https://registry.npmjs.org/picomatch set size:134451 disposed:false
5421 silly placeDep ROOT reusify@1.1.0 OK for: fastq@1.20.3 want: ^1.0.4
5422 silly placeDep ROOT fd-package-json@2.0.0 OK for: formatly@0.3.0 want: ^2.0.0
5423 silly fetch manifest walk-up-path@^4.0.0
5424 silly packumentCache full:https://registry.npmjs.org/walk-up-path cache-miss
5425 http cache https://registry.npmjs.org/walk-up-path 2ms (cache hit)
5426 silly packumentCache full:https://registry.npmjs.org/walk-up-path set size:16817 disposed:false
5427 silly placeDep node_modules/fd-package-json walk-up-path@4.0.0 OK for: fd-package-json@2.0.0 want: ^4.0.0
5428 silly placeDep ROOT braces@3.0.3 OK for: micromatch@4.0.8 want: ^3.0.3
5429 silly placeDep node_modules/micromatch picomatch@2.3.2 OK for: micromatch@4.0.8 want: ^2.3.1
5430 silly fetch manifest fill-range@^7.1.1
5431 silly packumentCache full:https://registry.npmjs.org/fill-range cache-miss
5432 http fetch GET 200 https://registry.npmjs.org/fill-range 92ms (cache miss)
5433 silly packumentCache full:https://registry.npmjs.org/fill-range set size:undefined disposed:false
5434 silly placeDep ROOT fill-range@7.1.1 OK for: braces@3.0.3 want: ^7.1.1
5435 silly fetch manifest to-regex-range@^5.0.1
5436 silly packumentCache full:https://registry.npmjs.org/to-regex-range cache-miss
5437 http fetch GET 200 https://registry.npmjs.org/to-regex-range 79ms (cache miss)
5438 silly packumentCache full:https://registry.npmjs.org/to-regex-range set size:undefined disposed:false
5439 silly placeDep ROOT to-regex-range@5.0.1 OK for: fill-range@7.1.1 want: ^5.0.1
5440 silly fetch manifest is-number@^7.0.0
5441 silly packumentCache full:https://registry.npmjs.org/is-number cache-miss
5442 http fetch GET 200 https://registry.npmjs.org/is-number 66ms (cache miss)
5443 silly packumentCache full:https://registry.npmjs.org/is-number set size:undefined disposed:false
5444 silly placeDep ROOT @oxc-resolver/binding-android-arm-eabi@11.24.2 OK for: oxc-resolver@11.24.2 want: 11.24.2
5445 silly placeDep ROOT @oxc-resolver/binding-android-arm64@11.24.2 OK for: oxc-resolver@11.24.2 want: 11.24.2
5446 silly placeDep ROOT @oxc-resolver/binding-darwin-arm64@11.24.2 OK for: oxc-resolver@11.24.2 want: 11.24.2
5447 silly placeDep ROOT @oxc-resolver/binding-darwin-x64@11.24.2 OK for: oxc-resolver@11.24.2 want: 11.24.2
5448 silly placeDep ROOT @oxc-resolver/binding-freebsd-x64@11.24.2 OK for: oxc-resolver@11.24.2 want: 11.24.2
5449 silly placeDep ROOT @oxc-resolver/binding-linux-arm-gnueabihf@11.24.2 OK for: oxc-resolver@11.24.2 want: 11.24.2
5450 silly placeDep ROOT @oxc-resolver/binding-linux-arm-musleabihf@11.24.2 OK for: oxc-resolver@11.24.2 want: 11.24.2
5451 silly placeDep ROOT @oxc-resolver/binding-linux-arm64-gnu@11.24.2 OK for: oxc-resolver@11.24.2 want: 11.24.2
5452 silly placeDep ROOT @oxc-resolver/binding-linux-arm64-musl@11.24.2 OK for: oxc-resolver@11.24.2 want: 11.24.2
5453 silly placeDep ROOT @oxc-resolver/binding-linux-ppc64-gnu@11.24.2 OK for: oxc-resolver@11.24.2 want: 11.24.2
5454 silly placeDep ROOT @oxc-resolver/binding-linux-riscv64-gnu@11.24.2 OK for: oxc-resolver@11.24.2 want: 11.24.2
5455 silly placeDep ROOT @oxc-resolver/binding-linux-riscv64-musl@11.24.2 OK for: oxc-resolver@11.24.2 want: 11.24.2
5456 silly placeDep ROOT @oxc-resolver/binding-linux-s390x-gnu@11.24.2 OK for: oxc-resolver@11.24.2 want: 11.24.2
5457 silly placeDep ROOT @oxc-resolver/binding-linux-x64-gnu@11.24.2 OK for: oxc-resolver@11.24.2 want: 11.24.2
5458 silly placeDep ROOT @oxc-resolver/binding-linux-x64-musl@11.24.2 OK for: oxc-resolver@11.24.2 want: 11.24.2
5459 silly placeDep ROOT @oxc-resolver/binding-openharmony-arm64@11.24.2 OK for: oxc-resolver@11.24.2 want: 11.24.2
5460 silly placeDep ROOT @oxc-resolver/binding-wasm32-wasi@11.24.2 OK for: oxc-resolver@11.24.2 want: 11.24.2
5461 silly placeDep ROOT @oxc-resolver/binding-win32-arm64-msvc@11.24.2 OK for: oxc-resolver@11.24.2 want: 11.24.2
5462 silly placeDep ROOT @oxc-resolver/binding-win32-x64-msvc@11.24.2 OK for: oxc-resolver@11.24.2 want: 11.24.2
5463 silly fetch manifest @napi-rs/wasm-runtime@^1.1.6
5464 silly packumentCache full:https://registry.npmjs.org/@napi-rs%2fwasm-runtime cache-miss
5465 silly fetch manifest @emnapi/core@1.11.2
5466 silly packumentCache full:https://registry.npmjs.org/@emnapi%2fcore cache-miss
5467 silly fetch manifest @emnapi/runtime@1.11.2
5468 silly packumentCache full:https://registry.npmjs.org/@emnapi%2fruntime cache-miss
5469 http fetch GET 200 https://registry.npmjs.org/@napi-rs%2fwasm-runtime 54ms (cache miss)
5470 silly packumentCache full:https://registry.npmjs.org/@napi-rs%2fwasm-runtime set size:undefined disposed:false
5471 http fetch GET 200 https://registry.npmjs.org/@emnapi%2fcore 80ms (cache miss)
5472 silly packumentCache full:https://registry.npmjs.org/@emnapi%2fcore set size:undefined disposed:false
5473 http fetch GET 200 https://registry.npmjs.org/@emnapi%2fruntime 80ms (cache miss)
5474 silly packumentCache full:https://registry.npmjs.org/@emnapi%2fruntime set size:undefined disposed:false
5475 silly placeDep ROOT @emnapi/core@1.11.2 OK for: @oxc-resolver/binding-wasm32-wasi@11.24.2 want: 1.11.2
5476 silly placeDep ROOT @emnapi/runtime@1.11.2 OK for: @oxc-resolver/binding-wasm32-wasi@11.24.2 want: 1.11.2
5477 silly placeDep ROOT @napi-rs/wasm-runtime@1.2.4 OK for: @oxc-resolver/binding-wasm32-wasi@11.24.2 want: ^1.1.6
5478 silly fetch manifest @emnapi/wasi-threads@1.2.2
5479 silly packumentCache full:https://registry.npmjs.org/@emnapi%2fwasi-threads cache-miss
5480 silly fetch manifest @tybys/wasm-util@^0.10.3
5481 silly packumentCache full:https://registry.npmjs.org/@tybys%2fwasm-util cache-miss
5482 http fetch GET 200 https://registry.npmjs.org/@emnapi%2fwasi-threads 56ms (cache miss)
5483 silly packumentCache full:https://registry.npmjs.org/@emnapi%2fwasi-threads set size:undefined disposed:false
5484 http fetch GET 200 https://registry.npmjs.org/@tybys%2fwasm-util 70ms (cache miss)
5485 silly packumentCache full:https://registry.npmjs.org/@tybys%2fwasm-util set size:undefined disposed:false
5486 silly placeDep ROOT @emnapi/wasi-threads@1.2.2 OK for: @emnapi/core@1.11.2 want: 1.2.2
5487 silly placeDep ROOT @tybys/wasm-util@0.10.4 OK for: @napi-rs/wasm-runtime@1.2.4 want: ^0.10.3
5488 silly placeDep ROOT queue-microtask@1.2.3 OK for: run-parallel@1.2.0 want: ^1.2.2
5489 silly placeDep ROOT is-number@7.0.0 OK for: to-regex-range@5.0.1 want: ^7.0.0
5490 silly placeDep node_modules/.pnpm/typescript@5.9.3/node_modules/typescript/node_modules/typescript-eslint @typescript-eslint/eslint-plugin@8.71.0 CONFLICT for: typescript-eslint@8.71.0 want: 8.71.0
5491 silly placeDep node_modules/.pnpm/typescript@5.9.3/node_modules/typescript/node_modules/typescript-eslint @typescript-eslint/parser@8.71.0 CONFLICT for: @typescript-eslint/eslint-plugin@8.71.0 want: ^8.71.0
5492 silly placeDep node_modules/.pnpm/typescript@5.9.3/node_modules/typescript/node_modules/typescript-eslint @typescript-eslint/typescript-estree@8.71.0 CONFLICT for: typescript-eslint@8.71.0 want: 8.71.0
5493 silly fetch manifest ignore@^7.0.5
5494 silly packumentCache full:https://registry.npmjs.org/ignore cache-hit
5495 silly placeDep ROOT eastasianwidth@0.2.0 OK for: string-width@5.1.2 want: ^0.2.0
5496 silly placeDep node_modules/@isaacs/cliui emoji-regex@9.2.2 OK for: string-width@5.1.2 want: ^9.2.2
5497 silly placeDep node_modules/@isaacs/cliui ansi-regex@6.4.0 OK for: strip-ansi@7.2.0 want: ^6.2.2
5498 silly placeDep node_modules/@npmcli/arborist hosted-git-info@5.2.1 OK for: npm-package-arg@9.1.2 want: ^5.0.0
5499 silly placeDep node_modules/@npmcli/arborist validate-npm-package-name@4.0.0 OK for: npm-package-arg@9.1.2 want: ^4.0.0
5500 silly fetch manifest builtins@^5.0.0
5501 silly packumentCache full:https://registry.npmjs.org/builtins cache-miss
5502 http cache https://registry.npmjs.org/builtins 2ms (cache hit)
5503 silly packumentCache full:https://registry.npmjs.org/builtins set size:38474 disposed:false
5504 silly placeDep node_modules/@npmcli/arborist lru-cache@7.18.3 OK for: hosted-git-info@5.2.1 want: ^7.5.1
5505 silly placeDep node_modules/@npmcli/arborist builtins@5.1.0 OK for: validate-npm-package-name@4.0.0 want: ^5.0.0
5506 silly placeDep node_modules/@npmcli/map-workspaces brace-expansion@2.1.7 OK for: minimatch@5.1.9 want: ^2.0.1
5507 silly placeDep node_modules/@octokit/plugin-paginate-rest @octokit/openapi-types@24.2.0 OK for: @octokit/types@13.10.0 want: ^24.2.0
5508 silly placeDep node_modules/@octokit/plugin-rest-endpoint-methods @octokit/openapi-types@24.2.0 OK for: @octokit/types@13.10.0 want: ^24.2.0
5509 silly placeDep node_modules/babel-code-frame ansi-styles@2.2.1 OK for: chalk@1.1.3 want: ^2.2.1
5510 silly placeDep node_modules/babel-code-frame escape-string-regexp@1.0.5 OK for: chalk@1.1.3 want: ^1.0.2
5511 silly placeDep ROOT has-ansi@2.0.0 OK for: chalk@1.1.3 want: ^2.0.0
5512 silly placeDep node_modules/babel-code-frame strip-ansi@3.0.1 OK for: chalk@1.1.3 want: ^3.0.0
5513 silly placeDep node_modules/babel-code-frame supports-color@2.0.0 OK for: chalk@1.1.3 want: ^2.0.0
5514 silly placeDep node_modules/has-ansi ansi-regex@2.1.1 OK for: has-ansi@2.0.0 want: ^2.0.0
5515 silly placeDep node_modules/babel-code-frame ansi-regex@2.1.1 OK for: strip-ansi@3.0.1 want: ^2.0.0
5516 silly placeDep node_modules/boxen escape-string-regexp@1.0.5 OK for: chalk@2.4.2 want: ^1.0.5
5517 silly placeDep node_modules/cacache minimatch@5.1.9 OK for: glob@8.1.0 want: ^5.0.1
5518 silly placeDep node_modules/cacache brace-expansion@2.1.7 OK for: minimatch@5.1.9 want: ^2.0.1
5519 silly placeDep node_modules/cacache yallist@4.0.0 OK for: minipass@3.3.6 want: ^4.0.0
5520 silly placeDep ROOT aggregate-error@3.1.0 OK for: p-map@4.0.0 want: ^3.0.0
5521 silly fetch manifest clean-stack@^2.0.0
5522 silly packumentCache full:https://registry.npmjs.org/clean-stack cache-miss
5523 silly fetch manifest indent-string@^4.0.0
5524 silly packumentCache full:https://registry.npmjs.org/indent-string cache-hit
5525 http fetch GET 200 https://registry.npmjs.org/clean-stack 50ms (cache miss)
5526 silly packumentCache full:https://registry.npmjs.org/clean-stack set size:undefined disposed:false
5527 silly placeDep ROOT clean-stack@2.2.0 OK for: aggregate-error@3.1.0 want: ^2.0.0
5528 silly placeDep node_modules/aggregate-error indent-string@4.0.0 OK for: aggregate-error@3.1.0 want: ^4.0.0
5529 silly placeDep node_modules/chalk color-convert@2.0.1 OK for: ansi-styles@4.3.0 want: ^2.0.1
5530 silly fetch manifest color-name@~1.1.4
5531 silly packumentCache full:https://registry.npmjs.org/color-name cache-miss
5532 http cache https://registry.npmjs.org/color-name 2ms (cache hit)
5533 silly packumentCache full:https://registry.npmjs.org/color-name set size:20968 disposed:false
5534 silly placeDep node_modules/chalk color-name@1.1.4 OK for: color-convert@2.0.1 want: ~1.1.4
5535 silly placeDep node_modules/chalk has-flag@4.0.0 OK for: supports-color@7.2.0 want: ^4.0.0
5536 silly placeDep ROOT code-point-at@1.1.0 OK for: string-width@1.0.2 want: ^1.0.0
5537 silly placeDep node_modules/cli-truncate is-fullwidth-code-point@1.0.0 OK for: string-width@1.0.2 want: ^1.0.0
5538 silly placeDep node_modules/cli-truncate strip-ansi@3.0.1 OK for: string-width@1.0.2 want: ^3.0.0
5539 silly fetch manifest number-is-nan@^1.0.0
5540 silly packumentCache full:https://registry.npmjs.org/number-is-nan cache-miss
5541 http fetch GET 200 https://registry.npmjs.org/number-is-nan 37ms (cache miss)
5542 silly packumentCache full:https://registry.npmjs.org/number-is-nan set size:undefined disposed:false
5543 silly placeDep ROOT number-is-nan@1.0.1 OK for: is-fullwidth-code-point@1.0.0 want: ^1.0.0
5544 silly placeDep node_modules/cli-truncate ansi-regex@2.1.1 OK for: strip-ansi@3.0.1 want: ^2.0.0
5545 silly placeDep node_modules/cliui is-fullwidth-code-point@3.0.0 OK for: string-width@4.2.3 want: ^3.0.0
5546 silly placeDep node_modules/cliui ansi-styles@4.3.0 OK for: wrap-ansi@7.0.0 want: ^4.0.0
5547 silly placeDep node_modules/cliui color-convert@2.0.1 OK for: ansi-styles@4.3.0 want: ^2.0.1
5548 silly placeDep node_modules/cliui color-name@1.1.4 OK for: color-convert@2.0.1 want: ~1.1.4
5549 silly placeDep node_modules/configstore signal-exit@3.0.7 OK for: write-file-atomic@2.4.3 want: ^3.0.2
5550 silly placeDep node_modules/coveralls esprima@2.7.3 OK for: js-yaml@3.6.1 want: ^2.6.0
5551 silly placeDep node_modules/cross-spawn shebang-regex@3.0.0 OK for: shebang-command@2.0.0 want: ^3.0.0
5552 silly placeDep node_modules/eslint globals@14.0.0 OK for: @eslint/eslintrc@3.3.7 want: ^14.0.0
5553 silly placeDep node_modules/eslint estraverse@5.3.0 OK for: eslint-scope@8.4.0 want: ^5.2.0
5554 silly placeDep node_modules/eslint acorn@8.18.0 OK for: espree@10.4.0 want: ^8.15.0
5555 silly placeDep node_modules/eslint acorn-jsx@5.3.2 OK for: espree@10.4.0 want: ^5.3.2
5556 silly placeDep node_modules/eslint flat-cache@4.0.1 OK for: file-entry-cache@8.0.0 want: ^4.0.0
5557 silly fetch manifest keyv@^4.5.4
5558 silly packumentCache full:https://registry.npmjs.org/keyv cache-miss
5559 http cache https://registry.npmjs.org/keyv 4ms (cache hit)
5560 silly packumentCache full:https://registry.npmjs.org/keyv set size:227033 disposed:false
5561 silly placeDep ROOT flatted@3.4.4 OK for: flat-cache@4.0.1 want: ^3.2.9
5562 silly placeDep ROOT keyv@4.5.4 OK for: flat-cache@4.0.1 want: ^4.5.4
5563 silly fetch manifest json-buffer@3.0.1
5564 silly packumentCache full:https://registry.npmjs.org/json-buffer cache-miss
5565 http fetch GET 200 https://registry.npmjs.org/json-buffer 37ms (cache miss)
5566 silly packumentCache full:https://registry.npmjs.org/json-buffer set size:undefined disposed:false
5567 silly placeDep ROOT json-buffer@3.0.1 OK for: keyv@4.5.4 want: 3.0.1
5568 silly placeDep node_modules/execa which@1.3.1 OK for: cross-spawn@5.1.0 want: ^1.2.9
5569 silly placeDep node_modules/flat-cache glob@7.2.3 OK for: rimraf@2.6.3 want: ^7.1.3
5570 silly placeDep node_modules/fs-minipass yallist@4.0.0 OK for: minipass@3.3.6 want: ^4.0.0
5571 silly placeDep node_modules/gauge is-fullwidth-code-point@3.0.0 OK for: string-width@4.2.3 want: ^3.0.0
5572 silly placeDep node_modules/glob brace-expansion@2.1.7 OK for: minimatch@9.0.9 want: ^2.0.2
5573 silly placeDep node_modules/har-validator ansi-styles@2.2.1 OK for: chalk@1.1.3 want: ^2.2.1
5574 silly placeDep node_modules/har-validator escape-string-regexp@1.0.5 OK for: chalk@1.1.3 want: ^1.0.2
5575 silly placeDep node_modules/har-validator strip-ansi@3.0.1 OK for: chalk@1.1.3 want: ^3.0.0
5576 silly placeDep node_modules/har-validator supports-color@2.0.0 OK for: chalk@1.1.3 want: ^2.0.0
5577 silly placeDep node_modules/har-validator ansi-regex@2.1.1 OK for: strip-ansi@3.0.1 want: ^2.0.0
5578 silly placeDep node_modules/ignore-walk brace-expansion@2.1.7 OK for: minimatch@5.1.9 want: ^2.0.1
5579 silly placeDep node_modules/inquirer escape-string-regexp@1.0.5 OK for: chalk@2.4.2 want: ^1.0.5
5580 silly placeDep node_modules/istanbul-lib-report has-flag@4.0.0 OK for: supports-color@7.2.0 want: ^4.0.0
5581 silly placeDep node_modules/jest-validate escape-string-regexp@1.0.5 OK for: chalk@2.4.2 want: ^1.0.5
5582 silly placeDep node_modules/libnpx glob@7.2.3 OK for: rimraf@2.7.1 want: ^7.1.3
5583 silly placeDep node_modules/libnpx cliui@5.0.0 OK for: yargs@14.2.3 want: ^5.0.0
5584 silly placeDep node_modules/libnpx decamelize@1.2.0 OK for: yargs@14.2.3 want: ^1.2.0
5585 silly placeDep node_modules/libnpx find-up@3.0.0 OK for: yargs@14.2.3 want: ^3.0.0
5586 silly placeDep ROOT require-main-filename@2.0.0 OK for: yargs@14.2.3 want: ^2.0.0
5587 silly placeDep node_modules/libnpx string-width@3.1.0 OK for: yargs@14.2.3 want: ^3.0.0
5588 silly placeDep ROOT which-module@2.0.1 OK for: yargs@14.2.3 want: ^2.0.0
5589 silly placeDep node_modules/libnpx yargs-parser@15.0.3 OK for: yargs@14.2.3 want: ^15.0.1
5590 silly fetch manifest wrap-ansi@^5.1.0
5591 silly packumentCache full:https://registry.npmjs.org/wrap-ansi cache-hit
5592 silly fetch manifest strip-ansi@^5.2.0
5593 silly packumentCache full:https://registry.npmjs.org/strip-ansi cache-hit
5594 silly fetch manifest string-width@^3.1.0
5595 silly packumentCache full:https://registry.npmjs.org/string-width cache-hit
5596 silly fetch manifest locate-path@^3.0.0
5597 silly packumentCache full:https://registry.npmjs.org/locate-path cache-miss
5598 silly fetch manifest strip-ansi@^5.1.0
5599 silly packumentCache full:https://registry.npmjs.org/strip-ansi cache-hit
5600 silly fetch manifest emoji-regex@^7.0.1
5601 silly packumentCache full:https://registry.npmjs.org/emoji-regex cache-miss
5602 silly fetch manifest camelcase@^5.0.0
5603 silly packumentCache full:https://registry.npmjs.org/camelcase cache-hit
5604 http cache https://registry.npmjs.org/locate-path 7ms (cache hit)
5605 silly packumentCache full:https://registry.npmjs.org/locate-path set size:31329 disposed:false
5606 http cache https://registry.npmjs.org/emoji-regex 7ms (cache hit)
5607 silly packumentCache full:https://registry.npmjs.org/emoji-regex set size:91540 disposed:false
5608 silly placeDep node_modules/libnpx strip-ansi@5.2.0 OK for: cliui@5.0.0 want: ^5.2.0
5609 silly placeDep node_modules/libnpx wrap-ansi@5.1.0 OK for: cliui@5.0.0 want: ^5.1.0
5610 silly fetch manifest ansi-regex@^4.1.0
5611 silly packumentCache full:https://registry.npmjs.org/ansi-regex cache-hit
5612 silly placeDep node_modules/libnpx locate-path@3.0.0 OK for: find-up@3.0.0 want: ^3.0.0
5613 silly fetch manifest p-locate@^3.0.0
5614 silly packumentCache full:https://registry.npmjs.org/p-locate cache-miss
5615 silly fetch manifest path-exists@^3.0.0
5616 silly packumentCache full:https://registry.npmjs.org/path-exists cache-miss
5617 http cache https://registry.npmjs.org/p-locate 3ms (cache hit)
5618 silly packumentCache full:https://registry.npmjs.org/p-locate set size:22488 disposed:false
5619 http cache https://registry.npmjs.org/path-exists 3ms (cache hit)
5620 silly packumentCache full:https://registry.npmjs.org/path-exists set size:13704 disposed:false
5621 silly placeDep node_modules/libnpx p-locate@3.0.0 OK for: locate-path@3.0.0 want: ^3.0.0
5622 silly placeDep node_modules/libnpx path-exists@3.0.0 OK for: locate-path@3.0.0 want: ^3.0.0
5623 silly fetch manifest p-limit@^2.0.0
5624 silly packumentCache full:https://registry.npmjs.org/p-limit cache-miss
5625 http cache https://registry.npmjs.org/p-limit 2ms (cache hit)
5626 silly packumentCache full:https://registry.npmjs.org/p-limit set size:68604 disposed:false
5627 silly placeDep node_modules/libnpx p-limit@2.3.0 OK for: p-locate@3.0.0 want: ^2.0.0
5628 silly fetch manifest p-try@^2.0.0
5629 silly packumentCache full:https://registry.npmjs.org/p-try cache-miss
5630 http fetch GET 200 https://registry.npmjs.org/p-try 43ms (cache miss)
5631 silly packumentCache full:https://registry.npmjs.org/p-try set size:undefined disposed:false
5632 silly placeDep ROOT p-try@2.2.0 OK for: p-limit@2.3.0 want: ^2.0.0
5633 silly placeDep node_modules/libnpx emoji-regex@7.0.3 OK for: string-width@3.1.0 want: ^7.0.1
5634 silly placeDep node_modules/libnpx ansi-regex@4.1.1 OK for: strip-ansi@5.2.0 want: ^4.1.0
5635 silly placeDep node_modules/libnpx camelcase@5.3.1 OK for: yargs-parser@15.0.3 want: ^5.0.0
5636 silly placeDep node_modules/lint-staged escape-string-regexp@1.0.5 OK for: chalk@2.4.2 want: ^1.0.5
5637 silly placeDep node_modules/listr-update-renderer ansi-styles@2.2.1 OK for: chalk@1.1.3 want: ^2.2.1
5638 silly placeDep node_modules/listr-update-renderer escape-string-regexp@1.0.5 OK for: chalk@1.1.3 want: ^1.0.2
5639 silly placeDep node_modules/listr-update-renderer supports-color@2.0.0 OK for: chalk@1.1.3 want: ^2.0.0
5640 silly placeDep node_modules/listr-update-renderer ansi-regex@2.1.1 OK for: strip-ansi@3.0.1 want: ^2.0.0
5641 silly placeDep node_modules/listr-verbose-renderer ansi-styles@2.2.1 OK for: chalk@1.1.3 want: ^2.2.1
5642 silly placeDep node_modules/listr-verbose-renderer escape-string-regexp@1.0.5 OK for: chalk@1.1.3 want: ^1.0.2
5643 silly placeDep node_modules/listr-verbose-renderer strip-ansi@3.0.1 OK for: chalk@1.1.3 want: ^3.0.0
5644 silly placeDep node_modules/listr-verbose-renderer supports-color@2.0.0 OK for: chalk@1.1.3 want: ^2.0.0
5645 silly placeDep node_modules/listr-verbose-renderer restore-cursor@1.0.1 OK for: cli-cursor@1.0.2 want: ^1.0.1
5646 silly fetch manifest onetime@^1.0.0
5647 silly packumentCache full:https://registry.npmjs.org/onetime cache-miss
5648 silly fetch manifest exit-hook@^1.0.0
5649 silly packumentCache full:https://registry.npmjs.org/exit-hook cache-miss
5650 http cache https://registry.npmjs.org/onetime 2ms (cache hit)
5651 silly packumentCache full:https://registry.npmjs.org/onetime set size:32314 disposed:false
5652 http fetch GET 200 https://registry.npmjs.org/exit-hook 42ms (cache miss)
5653 silly packumentCache full:https://registry.npmjs.org/exit-hook set size:undefined disposed:false
5654 silly placeDep ROOT exit-hook@1.1.1 OK for: restore-cursor@1.0.1 want: ^1.0.0
5655 silly placeDep node_modules/listr-verbose-renderer onetime@1.1.0 OK for: restore-cursor@1.0.1 want: ^1.0.0
5656 silly placeDep node_modules/listr-verbose-renderer ansi-regex@2.1.1 OK for: strip-ansi@3.0.1 want: ^2.0.0
5657 silly placeDep node_modules/listr ansi-styles@2.2.1 OK for: chalk@1.1.3 want: ^2.2.1
5658 silly placeDep node_modules/listr escape-string-regexp@1.0.5 OK for: chalk@1.1.3 want: ^1.0.2
5659 silly placeDep node_modules/listr supports-color@2.0.0 OK for: chalk@1.1.3 want: ^2.0.0
5660 silly placeDep node_modules/listr ansi-regex@2.1.1 OK for: strip-ansi@3.0.1 want: ^2.0.0
5661 silly placeDep node_modules/log-symbols escape-string-regexp@1.0.5 OK for: chalk@2.4.2 want: ^1.0.5
5662 silly placeDep node_modules/log-update restore-cursor@1.0.1 OK for: cli-cursor@1.0.2 want: ^1.0.1
5663 silly placeDep node_modules/log-update onetime@1.1.0 OK for: restore-cursor@1.0.1 want: ^1.0.0
5664 silly placeDep node_modules/make-fetch-happen @npmcli/fs@1.1.1 OK for: cacache@15.3.0 want: ^1.0.0
5665 silly placeDep node_modules/make-fetch-happen @npmcli/move-file@1.1.2 OK for: cacache@15.3.0 want: ^1.0.1
5666 silly placeDep node_modules/make-fetch-happen glob@7.2.3 OK for: cacache@15.3.0 want: ^7.1.4
5667 silly placeDep node_modules/make-fetch-happen mkdirp@1.0.4 OK for: cacache@15.3.0 want: ^1.0.3
5668 silly placeDep node_modules/make-fetch-happen p-map@4.0.0 OK for: cacache@15.3.0 want: ^4.0.0
5669 silly placeDep node_modules/make-fetch-happen unique-filename@1.1.1 OK for: cacache@15.3.0 want: ^1.1.1
5670 silly fetch manifest unique-slug@^2.0.0
5671 silly packumentCache full:https://registry.npmjs.org/unique-slug cache-miss
5672 http cache https://registry.npmjs.org/unique-slug 3ms (cache hit)
5673 silly packumentCache full:https://registry.npmjs.org/unique-slug set size:22995 disposed:false
5674 silly placeDep node_modules/make-fetch-happen semver@7.8.5 OK for: @npmcli/fs@1.1.1 want: ^7.3.5
5675 silly placeDep node_modules/make-fetch-happen yallist@4.0.0 OK for: lru-cache@6.0.0 want: ^4.0.0
5676 silly placeDep node_modules/make-fetch-happen unique-slug@2.0.2 OK for: unique-filename@1.1.1 want: ^2.0.0
5677 silly placeDep node_modules/minipass-collect yallist@4.0.0 OK for: minipass@3.3.6 want: ^4.0.0
5678 silly placeDep node_modules/minipass-fetch yallist@4.0.0 OK for: minipass@3.3.6 want: ^4.0.0
5679 silly placeDep node_modules/minipass-flush yallist@4.0.0 OK for: minipass@3.3.6 want: ^4.0.0
5680 silly placeDep node_modules/minipass-json-stream yallist@4.0.0 OK for: minipass@3.3.6 want: ^4.0.0
5681 silly placeDep node_modules/minipass-pipeline yallist@4.0.0 OK for: minipass@3.3.6 want: ^4.0.0
5682 silly placeDep node_modules/minipass-sized yallist@4.0.0 OK for: minipass@3.3.6 want: ^4.0.0
5683 silly placeDep ROOT anymatch@3.1.3 OK for: chokidar@3.6.0 want: ~3.1.2
5684 silly placeDep ROOT fsevents@2.3.3 OK for: chokidar@3.6.0 want: ~2.3.2
5685 silly placeDep node_modules/mocha glob-parent@5.1.2 OK for: chokidar@3.6.0 want: ~5.1.2
5686 silly placeDep ROOT is-binary-path@2.1.0 OK for: chokidar@3.6.0 want: ~2.1.0
5687 silly placeDep node_modules/mocha normalize-path@3.0.0 OK for: chokidar@3.6.0 want: ~3.0.0
5688 silly placeDep node_modules/mocha readdirp@3.6.0 OK for: chokidar@3.6.0 want: ~3.6.0
5689 silly fetch manifest picomatch@^2.0.4
5690 silly packumentCache full:https://registry.npmjs.org/picomatch cache-hit
5691 silly fetch manifest normalize-path@^3.0.0
5692 silly packumentCache full:https://registry.npmjs.org/normalize-path cache-hit
5693 silly fetch manifest binary-extensions@^2.0.0
5694 silly packumentCache full:https://registry.npmjs.org/binary-extensions cache-miss
5695 silly fetch manifest picomatch@^2.2.1
5696 silly packumentCache full:https://registry.npmjs.org/picomatch cache-hit
5697 http fetch GET 200 https://registry.npmjs.org/binary-extensions 56ms (cache miss)
5698 silly packumentCache full:https://registry.npmjs.org/binary-extensions set size:undefined disposed:false
5699 silly placeDep node_modules/anymatch normalize-path@3.0.0 OK for: anymatch@3.1.3 want: ^3.0.0
5700 silly placeDep node_modules/anymatch picomatch@2.3.2 OK for: anymatch@3.1.3 want: ^2.0.4
5701 silly placeDep ROOT binary-extensions@2.3.0 OK for: is-binary-path@2.1.0 want: ^2.0.0
5702 silly placeDep ROOT is-unicode-supported@0.1.0 OK for: log-symbols@4.1.0 want: ^0.1.0
5703 silly placeDep node_modules/mocha brace-expansion@2.1.7 OK for: minimatch@5.1.9 want: ^2.0.1
5704 silly placeDep node_modules/mocha picomatch@2.3.2 OK for: readdirp@3.6.0 want: ^2.2.1
5705 silly placeDep node_modules/mocha has-flag@4.0.0 OK for: supports-color@8.1.1 want: ^4.0.0
5706 silly placeDep node_modules/mocha cliui@7.0.4 OK for: yargs@16.2.2 want: ^7.0.2
5707 silly placeDep node_modules/mocha string-width@4.2.3 OK for: yargs@16.2.2 want: ^4.2.0
5708 silly placeDep node_modules/mocha y18n@5.0.8 OK for: yargs@16.2.2 want: ^5.0.5
5709 silly placeDep node_modules/mocha wrap-ansi@7.0.0 OK for: cliui@7.0.4 want: ^7.0.0
5710 silly placeDep node_modules/mocha is-fullwidth-code-point@3.0.0 OK for: string-width@4.2.3 want: ^3.0.0
5711 silly placeDep node_modules/mocha ansi-styles@4.3.0 OK for: wrap-ansi@7.0.0 want: ^4.0.0
5712 silly placeDep node_modules/mocha color-convert@2.0.1 OK for: ansi-styles@4.3.0 want: ^2.0.1
5713 silly placeDep node_modules/mocha color-name@1.1.4 OK for: color-convert@2.0.1 want: ~1.1.4
5714 silly placeDep node_modules/normalize-package-data lru-cache@7.18.3 OK for: hosted-git-info@5.2.1 want: ^7.5.1
5715 silly placeDep node_modules/npm-packlist minimatch@5.1.9 OK for: glob@8.1.0 want: ^5.0.1
5716 silly placeDep node_modules/npm-packlist brace-expansion@2.1.7 OK for: minimatch@5.1.9 want: ^2.0.1
5717 silly placeDep node_modules/npm-pick-manifest hosted-git-info@5.2.1 OK for: npm-package-arg@9.1.2 want: ^5.0.0
5718 silly placeDep node_modules/npm-pick-manifest validate-npm-package-name@4.0.0 OK for: npm-package-arg@9.1.2 want: ^4.0.0
5719 silly placeDep node_modules/npm-pick-manifest lru-cache@7.18.3 OK for: hosted-git-info@5.2.1 want: ^7.5.1
5720 silly placeDep node_modules/npm-pick-manifest builtins@5.1.0 OK for: validate-npm-package-name@4.0.0 want: ^5.0.0
5721 silly placeDep node_modules/npm-registry-fetch http-proxy-agent@5.0.0 OK for: make-fetch-happen@10.2.1 want: ^5.0.0
5722 silly placeDep node_modules/npm-registry-fetch lru-cache@7.18.3 OK for: make-fetch-happen@10.2.1 want: ^7.7.1
5723 silly placeDep node_modules/npm-registry-fetch socks-proxy-agent@7.0.0 OK for: make-fetch-happen@10.2.1 want: ^7.0.0
5724 silly fetch manifest @tootallnate/once@2
5725 silly packumentCache full:https://registry.npmjs.org/@tootallnate%2fonce cache-miss
5726 http cache https://registry.npmjs.org/@tootallnate%2fonce 2ms (cache hit)
5727 silly packumentCache full:https://registry.npmjs.org/@tootallnate%2fonce set size:21927 disposed:false
5728 silly placeDep node_modules/npm-registry-fetch @tootallnate/once@2.0.1 OK for: http-proxy-agent@5.0.0 want: 2
5729 silly placeDep node_modules/npm-registry-fetch yallist@4.0.0 OK for: minipass@3.3.6 want: ^4.0.0
5730 silly placeDep node_modules/npm-registry-fetch hosted-git-info@5.2.1 OK for: npm-package-arg@9.1.2 want: ^5.0.0
5731 silly placeDep node_modules/npm-registry-fetch semver@7.8.5 OK for: npm-package-arg@9.1.2 want: ^7.3.5
5732 silly placeDep node_modules/npm-registry-fetch validate-npm-package-name@4.0.0 OK for: npm-package-arg@9.1.2 want: ^4.0.0
5733 silly placeDep node_modules/npm-registry-fetch builtins@5.1.0 OK for: validate-npm-package-name@4.0.0 want: ^5.0.0
5734 silly placeDep node_modules/ora ansi-styles@2.2.1 OK for: chalk@1.1.3 want: ^2.2.1
5735 silly placeDep node_modules/ora escape-string-regexp@1.0.5 OK for: chalk@1.1.3 want: ^1.0.2
5736 silly placeDep node_modules/ora strip-ansi@3.0.1 OK for: chalk@1.1.3 want: ^3.0.0
5737 silly placeDep node_modules/ora supports-color@2.0.0 OK for: chalk@1.1.3 want: ^2.0.0
5738 silly placeDep node_modules/ora restore-cursor@1.0.1 OK for: cli-cursor@1.0.2 want: ^1.0.1
5739 silly placeDep node_modules/ora onetime@1.1.0 OK for: restore-cursor@1.0.1 want: ^1.0.0
5740 silly placeDep node_modules/ora ansi-regex@2.1.1 OK for: strip-ansi@3.0.1 want: ^2.0.0
5741 silly placeDep node_modules/pacote yallist@4.0.0 OK for: minipass@3.3.6 want: ^4.0.0
5742 silly placeDep node_modules/pacote hosted-git-info@5.2.1 OK for: npm-package-arg@9.1.2 want: ^5.0.0
5743 silly placeDep node_modules/pacote semver@7.8.5 OK for: npm-package-arg@9.1.2 want: ^7.3.5
5744 silly placeDep node_modules/pacote validate-npm-package-name@4.0.0 OK for: npm-package-arg@9.1.2 want: ^4.0.0
5745 silly placeDep node_modules/pacote lru-cache@7.18.3 OK for: hosted-git-info@5.2.1 want: ^7.5.1
5746 silly placeDep node_modules/pacote builtins@5.1.0 OK for: validate-npm-package-name@4.0.0 want: ^5.0.0
5747 silly placeDep node_modules/read-package-json minimatch@5.1.9 OK for: glob@8.1.0 want: ^5.0.1
5748 silly placeDep node_modules/read-package-json brace-expansion@2.1.7 OK for: minimatch@5.1.9 want: ^2.0.1
5749 silly placeDep node_modules/ssri yallist@4.0.0 OK for: minipass@3.3.6 want: ^4.0.0
5750 silly placeDep node_modules/table fast-deep-equal@1.1.0 OK for: ajv@5.5.2 want: ^1.0.0
5751 silly placeDep node_modules/table escape-string-regexp@1.0.5 OK for: chalk@2.4.2 want: ^1.0.5
5752 silly placeDep node_modules/tap-mocha-reporter ms@2.0.0 OK for: debug@2.6.9 want: 2.0.0
5753 silly placeDep node_modules/tap cross-spawn@4.0.2 OK for: foreground-child@1.5.6 want: ^4
5754 silly placeDep node_modules/tap which@1.3.1 OK for: cross-spawn@4.0.2 want: ^1.2.9
5755 silly placeDep node_modules/tap source-map@0.5.7 OK for: source-map-support@0.4.18 want: ^0.5.6
5756 silly placeDep node_modules/term-size cross-spawn@5.1.0 OK for: execa@0.7.0 want: ^5.0.1
5757 silly placeDep node_modules/term-size signal-exit@3.0.7 OK for: execa@0.7.0 want: ^3.0.0
5758 silly placeDep node_modules/term-size which@1.3.1 OK for: cross-spawn@5.1.0 want: ^1.2.9
5759 silly placeDep node_modules/test-exclude brace-expansion@5.0.12 OK for: minimatch@10.2.6 want: ^5.0.8
5760 silly fetch manifest balanced-match@^4.0.2
5761 silly packumentCache full:https://registry.npmjs.org/balanced-match cache-miss
5762 http cache https://registry.npmjs.org/balanced-match 2ms (cache hit)
5763 silly packumentCache full:https://registry.npmjs.org/balanced-match set size:39082 disposed:false
5764 silly placeDep node_modules/test-exclude balanced-match@4.0.4 OK for: brace-expansion@5.0.12 want: ^4.0.2
5765 silly placeDep node_modules/unicode-length ansi-regex@2.1.1 OK for: strip-ansi@3.0.1 want: ^2.0.0
5766 silly placeDep node_modules/update-notifier escape-string-regexp@1.0.5 OK for: chalk@2.4.2 want: ^1.0.5
5767 silly placeDep node_modules/wrap-ansi-cjs color-convert@2.0.1 OK for: ansi-styles@4.3.0 want: ^2.0.1
5768 silly placeDep node_modules/wrap-ansi-cjs color-name@1.1.4 OK for: color-convert@2.0.1 want: ~1.1.4
5769 silly placeDep node_modules/wrap-ansi-cjs is-fullwidth-code-point@3.0.0 OK for: string-width@4.2.3 want: ^3.0.0
5770 silly placeDep node_modules/wrap-ansi emoji-regex@9.2.2 OK for: string-width@5.1.2 want: ^9.2.2
5771 silly placeDep node_modules/wrap-ansi ansi-regex@6.4.0 OK for: strip-ansi@7.2.0 want: ^6.2.2
5772 silly placeDep node_modules/yargs is-fullwidth-code-point@3.0.0 OK for: string-width@4.2.3 want: ^3.0.0
5773 silly placeDep node_modules/.pnpm/typescript@5.9.3/node_modules/typescript/node_modules/@typescript-eslint/rule-tester/node_modules/@typescript-eslint/typescript-estree @typescript-eslint/project-service@8.71.0 CONFLICT for: @typescript-eslint/typescript-estree@8.71.0 want: 8.71.0
5774 silly placeDep node_modules/.pnpm/typescript@5.9.3/node_modules/typescript/node_modules/@typescript-eslint/rule-tester/node_modules/@typescript-eslint/typescript-estree @typescript-eslint/tsconfig-utils@8.71.0 CONFLICT for: @typescript-eslint/typescript-estree@8.71.0 want: 8.71.0
5775 silly placeDep node_modules/.pnpm/typescript@5.9.3 minimatch@10.2.6 OK for: @typescript-eslint/typescript-estree@8.71.0 want: ^10.2.2
5776 silly placeDep ROOT tinyglobby@0.2.17 OK for: @typescript-eslint/typescript-estree@8.71.0 want: ^0.2.15
5777 silly placeDep node_modules/.pnpm/typescript@5.9.3/node_modules/typescript/node_modules/@typescript-eslint/rule-tester/node_modules/@typescript-eslint/typescript-estree ts-api-utils@2.5.0 CONFLICT for: @typescript-eslint/typescript-estree@8.71.0 want: ^2.5.0
5778 silly fetch manifest @typescript-eslint/tsconfig-utils@^8.71.0
5779 silly packumentCache full:https://registry.npmjs.org/@typescript-eslint%2ftsconfig-utils cache-miss
5780 silly fetch manifest fdir@^6.5.0
5781 silly packumentCache full:https://registry.npmjs.org/fdir cache-miss
5782 http cache https://registry.npmjs.org/@typescript-eslint%2ftsconfig-utils 7ms (cache hit)
5783 silly packumentCache full:https://registry.npmjs.org/@typescript-eslint%2ftsconfig-utils set size:1968615 disposed:false
5784 http fetch GET 200 https://registry.npmjs.org/fdir 158ms (cache miss)
5785 silly packumentCache full:https://registry.npmjs.org/fdir set size:undefined disposed:false
5786 silly placeDep node_modules/.pnpm brace-expansion@5.0.12 OK for: minimatch@10.2.6 want: ^5.0.8
5787 silly fetch manifest picomatch@^4.0.4
5788 silly packumentCache full:https://registry.npmjs.org/picomatch cache-hit
5789 silly placeDep ROOT fdir@6.5.0 OK for: tinyglobby@0.2.17 want: ^6.5.0
5790 silly placeDep node_modules/.pnpm balanced-match@4.0.4 OK for: brace-expansion@5.0.12 want: ^4.0.2
5791 silly placeDep node_modules/.pnpm/typescript@5.9.3/node_modules/typescript/node_modules/@typescript-eslint/type-utils/node_modules/@typescript-eslint/typescript-estree @typescript-eslint/project-service@8.71.0 CONFLICT for: @typescript-eslint/typescript-estree@8.71.0 want: 8.71.0
5792 silly placeDep node_modules/.pnpm/typescript@5.9.3/node_modules/typescript/node_modules/@typescript-eslint/type-utils/node_modules/@typescript-eslint/typescript-estree @typescript-eslint/tsconfig-utils@8.71.0 CONFLICT for: @typescript-eslint/typescript-estree@8.71.0 want: 8.71.0
5793 silly placeDep node_modules/.pnpm/typescript@5.9.3/node_modules/typescript/node_modules/@typescript-eslint/utils/node_modules/@typescript-eslint/typescript-estree @typescript-eslint/project-service@8.71.0 CONFLICT for: @typescript-eslint/typescript-estree@8.71.0 want: 8.71.0
5794 silly placeDep node_modules/.pnpm/typescript@5.9.3/node_modules/typescript/node_modules/@typescript-eslint/utils/node_modules/@typescript-eslint/typescript-estree @typescript-eslint/tsconfig-utils@8.71.0 CONFLICT for: @typescript-eslint/typescript-estree@8.71.0 want: 8.71.0
5795 silly placeDep node_modules/.pnpm/typescript@5.9.3/node_modules/typescript/node_modules/@typescript-eslint/utils/node_modules/@typescript-eslint/typescript-estree ts-api-utils@2.5.0 CONFLICT for: @typescript-eslint/typescript-estree@8.71.0 want: ^2.5.0
5796 silly placeDep node_modules/.pnpm/typescript@5.9.3 ignore@7.0.12 OK for: @typescript-eslint/eslint-plugin@8.71.0 want: ^7.0.5
5797 silly placeDep node_modules/.pnpm/typescript@5.9.3/node_modules/typescript/node_modules/typescript-eslint/node_modules/@typescript-eslint/eslint-plugin ts-api-utils@2.5.0 CONFLICT for: @typescript-eslint/eslint-plugin@8.71.0 want: ^2.5.0
5798 silly placeDep node_modules/.pnpm/typescript@5.9.3/node_modules/typescript/node_modules/typescript-eslint/node_modules/@typescript-eslint/typescript-estree @typescript-eslint/project-service@8.71.0 CONFLICT for: @typescript-eslint/typescript-estree@8.71.0 want: 8.71.0
5799 silly placeDep node_modules/.pnpm/typescript@5.9.3/node_modules/typescript/node_modules/typescript-eslint/node_modules/@typescript-eslint/typescript-estree @typescript-eslint/tsconfig-utils@8.71.0 CONFLICT for: @typescript-eslint/typescript-estree@8.71.0 want: 8.71.0
5800 silly placeDep node_modules/.pnpm/typescript@5.9.3/node_modules/typescript/node_modules/typescript-eslint/node_modules/@typescript-eslint/typescript-estree ts-api-utils@2.5.0 CONFLICT for: @typescript-eslint/typescript-estree@8.71.0 want: ^2.5.0
5801 silly reify moves {}
5802 http cache nyc@https://registry.npmjs.org/nyc/-/nyc-10.3.2.tgz 0ms (cache hit)
5803 silly tarball no local data for nyc@https://registry.npmjs.org/nyc/-/nyc-10.3.2.tgz. Extracting by manifest.
5804 http fetch GET 200 https://registry.npmjs.org/nyc/-/nyc-10.3.2.tgz 2169ms (cache miss)
5805 warn reify invalid or damaged lockfile detected
5805 warn reify please re-try this operation once it completes
5805 warn reify so that the damage can be corrected, or perform
5805 warn reify a fresh install with no lockfile if the problem persists.
5806 verbose reify unrecognized node in tree /home/marco/Documents/deepseek-harness/default-workspace/node_modules/.pnpm
5807 silly reify mark deleted [
5807 silly reify   '/home/marco/Documents/deepseek-harness/default-workspace/node_modules/.pnpm'
5807 silly reify ]
5808 http cache fdir@https://registry.npmjs.org/fdir/-/fdir-6.5.0.tgz 0ms (cache hit)
5809 http cache tinyglobby@https://registry.npmjs.org/tinyglobby/-/tinyglobby-0.2.17.tgz 0ms (cache hit)
5810 http cache is-unicode-supported@https://registry.npmjs.org/is-unicode-supported/-/is-unicode-supported-0.1.0.tgz 0ms (cache hit)
5811 http cache binary-extensions@https://registry.npmjs.org/binary-extensions/-/binary-extensions-2.3.0.tgz 0ms (cache hit)
5812 http cache is-binary-path@https://registry.npmjs.org/is-binary-path/-/is-binary-path-2.1.0.tgz 0ms (cache hit)
5813 http cache anymatch@https://registry.npmjs.org/anymatch/-/anymatch-3.1.3.tgz 0ms (cache hit)
5814 http cache exit-hook@https://registry.npmjs.org/exit-hook/-/exit-hook-1.1.1.tgz 0ms (cache hit)
5815 http cache p-try@https://registry.npmjs.org/p-try/-/p-try-2.2.0.tgz 0ms (cache hit)
5816 http cache require-main-filename@https://registry.npmjs.org/require-main-filename/-/require-main-filename-2.0.0.tgz 0ms (cache hit)
5817 http cache which-module@https://registry.npmjs.org/which-module/-/which-module-2.0.1.tgz 0ms (cache hit)
5818 http cache json-buffer@https://registry.npmjs.org/json-buffer/-/json-buffer-3.0.1.tgz 0ms (cache hit)
5819 http cache keyv@https://registry.npmjs.org/keyv/-/keyv-4.5.4.tgz 0ms (cache hit)
5820 http cache flatted@https://registry.npmjs.org/flatted/-/flatted-3.4.4.tgz 0ms (cache hit)
5821 http cache clean-stack@https://registry.npmjs.org/clean-stack/-/clean-stack-2.2.0.tgz 0ms (cache hit)
5822 http cache number-is-nan@https://registry.npmjs.org/number-is-nan/-/number-is-nan-1.0.1.tgz 0ms (cache hit)
5823 http cache code-point-at@https://registry.npmjs.org/code-point-at/-/code-point-at-1.1.0.tgz 0ms (cache hit)
5824 http cache aggregate-error@https://registry.npmjs.org/aggregate-error/-/aggregate-error-3.1.0.tgz 0ms (cache hit)
5825 http cache has-ansi@https://registry.npmjs.org/has-ansi/-/has-ansi-2.0.0.tgz 0ms (cache hit)
5826 http cache eastasianwidth@https://registry.npmjs.org/eastasianwidth/-/eastasianwidth-0.2.0.tgz 0ms (cache hit)
5827 http cache is-number@https://registry.npmjs.org/is-number/-/is-number-7.0.0.tgz 0ms (cache hit)
5828 http cache queue-microtask@https://registry.npmjs.org/queue-microtask/-/queue-microtask-1.2.3.tgz 0ms (cache hit)
5829 http cache to-regex-range@https://registry.npmjs.org/to-regex-range/-/to-regex-range-5.0.1.tgz 0ms (cache hit)
5830 http cache @oxc-resolver/binding-linux-x64-gnu@https://registry.npmjs.org/@oxc-resolver/binding-linux-x64-gnu/-/binding-linux-x64-gnu-11.24.2.tgz 0ms (cache hit)
5831 http cache fill-range@https://registry.npmjs.org/fill-range/-/fill-range-7.1.1.tgz 0ms (cache hit)
5832 http cache braces@https://registry.npmjs.org/braces/-/braces-3.0.3.tgz 0ms (cache hit)
5833 http cache fd-package-json@https://registry.npmjs.org/fd-package-json/-/fd-package-json-2.0.0.tgz 0ms (cache hit)
5834 http cache micromatch@https://registry.npmjs.org/micromatch/-/micromatch-4.0.8.tgz 0ms (cache hit)
5835 http cache reusify@https://registry.npmjs.org/reusify/-/reusify-1.1.0.tgz 0ms (cache hit)
5836 http cache merge2@https://registry.npmjs.org/merge2/-/merge2-1.4.1.tgz 0ms (cache hit)
5837 http cache run-parallel@https://registry.npmjs.org/run-parallel/-/run-parallel-1.2.0.tgz 0ms (cache hit)
5838 http cache @nodelib/fs.stat@https://registry.npmjs.org/@nodelib/fs.stat/-/fs.stat-2.0.5.tgz 0ms (cache hit)
5839 http cache fastq@https://registry.npmjs.org/fastq/-/fastq-1.20.3.tgz 0ms (cache hit)
5840 http cache @nodelib/fs.scandir@https://registry.npmjs.org/@nodelib/fs.scandir/-/fs.scandir-2.1.5.tgz 0ms (cache hit)
5841 http cache zod@https://registry.npmjs.org/zod/-/zod-4.6.5.tgz 0ms (cache hit)
5842 http cache yaml@https://registry.npmjs.org/yaml/-/yaml-2.9.1.tgz 0ms (cache hit)
5843 http cache smol-toml@https://registry.npmjs.org/smol-toml/-/smol-toml-1.9.0.tgz 0ms (cache hit)
5844 http cache unbash@https://registry.npmjs.org/unbash/-/unbash-2.2.0.tgz 0ms (cache hit)
5845 http cache oxc-resolver@https://registry.npmjs.org/oxc-resolver/-/oxc-resolver-11.24.2.tgz 0ms (cache hit)
5846 http cache picomatch@https://registry.npmjs.org/picomatch/-/picomatch-4.0.7.tgz 0ms (cache hit)
5847 http cache formatly@https://registry.npmjs.org/formatly/-/formatly-0.3.0.tgz 0ms (cache hit)
5848 http cache fast-glob@https://registry.npmjs.org/fast-glob/-/fast-glob-3.3.3.tgz 0ms (cache hit)
5849 http cache jiti@https://registry.npmjs.org/jiti/-/jiti-2.7.0.tgz 0ms (cache hit)
5850 http cache @nodelib/fs.walk@https://registry.npmjs.org/@nodelib/fs.walk/-/fs.walk-1.2.8.tgz 0ms (cache hit)
5851 http cache scslre@https://registry.npmjs.org/scslre/-/scslre-0.3.0.tgz 0ms (cache hit)
5852 http cache regexp-ast-analysis@https://registry.npmjs.org/regexp-ast-analysis/-/regexp-ast-analysis-0.7.1.tgz 0ms (cache hit)
5853 http cache refa@https://registry.npmjs.org/refa/-/refa-0.12.1.tgz 0ms (cache hit)
5854 http cache jsdoc-type-pratt-parser@https://registry.npmjs.org/jsdoc-type-pratt-parser/-/jsdoc-type-pratt-parser-4.8.0.tgz 0ms (cache hit)
5855 http cache comment-parser@https://registry.npmjs.org/comment-parser/-/comment-parser-1.4.9.tgz 0ms (cache hit)
5856 http cache @typescript-eslint/visitor-keys@https://registry.npmjs.org/@typescript-eslint/visitor-keys/-/visitor-keys-8.71.0.tgz 0ms (cache hit)
5857 http cache @typescript-eslint/scope-manager@https://registry.npmjs.org/@typescript-eslint/scope-manager/-/scope-manager-8.71.0.tgz 0ms (cache hit)
5858 http cache flat@https://registry.npmjs.org/flat/-/flat-5.0.2.tgz 0ms (cache hit)
5859 http cache is-plain-obj@https://registry.npmjs.org/is-plain-obj/-/is-plain-obj-2.1.0.tgz 0ms (cache hit)
5860 http cache @typescript-eslint/types@https://registry.npmjs.org/@typescript-eslint/types/-/types-8.71.0.tgz 0ms (cache hit)
5861 http cache decamelize@https://registry.npmjs.org/decamelize/-/decamelize-4.0.0.tgz 0ms (cache hit)
5862 http cache require-directory@https://registry.npmjs.org/require-directory/-/require-directory-2.1.1.tgz 0ms (cache hit)
5863 http cache escalade@https://registry.npmjs.org/escalade/-/escalade-3.2.0.tgz 0ms (cache hit)
5864 http cache get-caller-file@https://registry.npmjs.org/get-caller-file/-/get-caller-file-2.0.5.tgz 0ms (cache hit)
5865 http cache cliui@https://registry.npmjs.org/cliui/-/cliui-8.0.1.tgz 0ms (cache hit)
5866 http cache is-weakmap@https://registry.npmjs.org/is-weakmap/-/is-weakmap-2.0.2.tgz 0ms (cache hit)
5867 http cache async-function@https://registry.npmjs.org/async-function/-/async-function-1.0.0.tgz 0ms (cache hit)
5868 http cache is-weakset@https://registry.npmjs.org/is-weakset/-/is-weakset-2.0.4.tgz 0ms (cache hit)
5869 http cache is-generator-function@https://registry.npmjs.org/is-generator-function/-/is-generator-function-1.1.2.tgz 0ms (cache hit)
5870 http cache generator-function@https://registry.npmjs.org/generator-function/-/generator-function-2.0.1.tgz 0ms (cache hit)
5871 http cache is-async-function@https://registry.npmjs.org/is-async-function/-/is-async-function-2.1.1.tgz 0ms (cache hit)
5872 http cache is-finalizationregistry@https://registry.npmjs.org/is-finalizationregistry/-/is-finalizationregistry-1.1.1.tgz 0ms (cache hit)
5873 http cache is-number-object@https://registry.npmjs.org/is-number-object/-/is-number-object-1.1.1.tgz 0ms (cache hit)
5874 http cache is-boolean-object@https://registry.npmjs.org/is-boolean-object/-/is-boolean-object-1.2.2.tgz 0ms (cache hit)
5875 http cache is-bigint@https://registry.npmjs.org/is-bigint/-/is-bigint-1.1.0.tgz 0ms (cache hit)
5876 http cache builtins@https://registry.npmjs.org/builtins/-/builtins-1.0.3.tgz 0ms (cache hit)
5877 http cache spdx-expression-parse@https://registry.npmjs.org/spdx-expression-parse/-/spdx-expression-parse-3.0.1.tgz 0ms (cache hit)
5878 http cache spdx-license-ids@https://registry.npmjs.org/spdx-license-ids/-/spdx-license-ids-3.0.24.tgz 0ms (cache hit)
5879 http cache spdx-exceptions@https://registry.npmjs.org/spdx-exceptions/-/spdx-exceptions-2.5.0.tgz 0ms (cache hit)
5880 http cache @jridgewell/sourcemap-codec@https://registry.npmjs.org/@jridgewell/sourcemap-codec/-/sourcemap-codec-1.6.0.tgz 0ms (cache hit)
5881 http cache spdx-correct@https://registry.npmjs.org/spdx-correct/-/spdx-correct-3.2.0.tgz 0ms (cache hit)
5882 http cache @jridgewell/resolve-uri@https://registry.npmjs.org/@jridgewell/resolve-uri/-/resolve-uri-3.1.2.tgz 0ms (cache hit)
5883 http cache convert-source-map@https://registry.npmjs.org/convert-source-map/-/convert-source-map-2.0.0.tgz 0ms (cache hit)
5884 http cache @types/istanbul-lib-coverage@https://registry.npmjs.org/@types/istanbul-lib-coverage/-/istanbul-lib-coverage-2.0.6.tgz 0ms (cache hit)
5885 http cache crypto-random-string@https://registry.npmjs.org/crypto-random-string/-/crypto-random-string-1.0.0.tgz 0ms (cache hit)
5886 http cache @jridgewell/trace-mapping@https://registry.npmjs.org/@jridgewell/trace-mapping/-/trace-mapping-0.3.31.tgz 0ms (cache hit)
5887 http cache prepend-http@https://registry.npmjs.org/prepend-http/-/prepend-http-1.0.4.tgz 0ms (cache hit)
5888 http cache deep-extend@https://registry.npmjs.org/deep-extend/-/deep-extend-0.6.0.tgz 0ms (cache hit)
5889 http cache rc@https://registry.npmjs.org/rc/-/rc-1.2.8.tgz 0ms (cache hit)
5890 http cache capture-stack-trace@https://registry.npmjs.org/capture-stack-trace/-/capture-stack-trace-1.0.2.tgz 0ms (cache hit)
5891 http cache url-parse-lax@https://registry.npmjs.org/url-parse-lax/-/url-parse-lax-1.0.0.tgz 0ms (cache hit)
5892 http cache timed-out@https://registry.npmjs.org/timed-out/-/timed-out-4.0.1.tgz 0ms (cache hit)
5893 http cache unzip-response@https://registry.npmjs.org/unzip-response/-/unzip-response-2.0.1.tgz 0ms (cache hit)
5894 http cache lowercase-keys@https://registry.npmjs.org/lowercase-keys/-/lowercase-keys-1.0.1.tgz 0ms (cache hit)
5895 http cache is-retry-allowed@https://registry.npmjs.org/is-retry-allowed/-/is-retry-allowed-1.2.0.tgz 0ms (cache hit)
5896 http cache is-redirect@https://registry.npmjs.org/is-redirect/-/is-redirect-1.0.0.tgz 0ms (cache hit)
5897 http cache create-error-class@https://registry.npmjs.org/create-error-class/-/create-error-class-3.0.2.tgz 1ms (cache hit)
5898 http cache duplexer3@https://registry.npmjs.org/duplexer3/-/duplexer3-0.1.5.tgz 0ms (cache hit)
5899 http cache got@https://registry.npmjs.org/got/-/got-6.7.1.tgz 0ms (cache hit)
5900 http cache registry-auth-token@https://registry.npmjs.org/registry-auth-token/-/registry-auth-token-3.4.0.tgz 0ms (cache hit)
5901 http cache registry-url@https://registry.npmjs.org/registry-url/-/registry-url-3.1.0.tgz 0ms (cache hit)
5902 http cache ini@https://registry.npmjs.org/ini/-/ini-1.3.8.tgz 0ms (cache hit)
5903 http cache package-json@https://registry.npmjs.org/package-json/-/package-json-4.0.1.tgz 0ms (cache hit)
5904 http cache is-path-inside@https://registry.npmjs.org/is-path-inside/-/is-path-inside-1.0.1.tgz 0ms (cache hit)
5905 http cache global-dirs@https://registry.npmjs.org/global-dirs/-/global-dirs-0.1.1.tgz 0ms (cache hit)
5906 http cache unique-string@https://registry.npmjs.org/unique-string/-/unique-string-1.0.0.tgz 0ms (cache hit)
5907 http cache dot-prop@https://registry.npmjs.org/dot-prop/-/dot-prop-4.2.1.tgz 0ms (cache hit)
5908 http cache widest-line@https://registry.npmjs.org/widest-line/-/widest-line-2.0.1.tgz 0ms (cache hit)
5909 http cache term-size@https://registry.npmjs.org/term-size/-/term-size-1.2.0.tgz 0ms (cache hit)
5910 http cache cli-boxes@https://registry.npmjs.org/cli-boxes/-/cli-boxes-1.0.0.tgz 0ms (cache hit)
5911 http cache camelcase@https://registry.npmjs.org/camelcase/-/camelcase-4.1.0.tgz 0ms (cache hit)
5912 http cache ansi-align@https://registry.npmjs.org/ansi-align/-/ansi-align-2.0.0.tgz 0ms (cache hit)
5913 http cache xdg-basedir@https://registry.npmjs.org/xdg-basedir/-/xdg-basedir-3.0.0.tgz 0ms (cache hit)
5914 http cache latest-version@https://registry.npmjs.org/latest-version/-/latest-version-3.1.0.tgz 0ms (cache hit)
5915 http cache semver-diff@https://registry.npmjs.org/semver-diff/-/semver-diff-2.1.0.tgz 0ms (cache hit)
5916 http cache is-installed-globally@https://registry.npmjs.org/is-installed-globally/-/is-installed-globally-0.1.0.tgz 0ms (cache hit)
5917 http cache import-lazy@https://registry.npmjs.org/import-lazy/-/import-lazy-2.1.0.tgz 0ms (cache hit)
5918 http cache is-npm@https://registry.npmjs.org/is-npm/-/is-npm-1.0.0.tgz 0ms (cache hit)
5919 http cache configstore@https://registry.npmjs.org/configstore/-/configstore-3.1.5.tgz 0ms (cache hit)
5920 http cache unique-slug@https://registry.npmjs.org/unique-slug/-/unique-slug-3.0.0.tgz 0ms (cache hit)
5921 http cache boxen@https://registry.npmjs.org/boxen/-/boxen-1.3.0.tgz 0ms (cache hit)
5922 http cache minimalistic-assert@https://registry.npmjs.org/minimalistic-assert/-/minimalistic-assert-1.0.1.tgz 0ms (cache hit)
5923 http cache underscore@https://registry.npmjs.org/underscore/-/underscore-1.13.8.tgz 0ms (cache hit)
5924 http cache has-bigints@https://registry.npmjs.org/has-bigints/-/has-bigints-1.1.0.tgz 0ms (cache hit)
5925 http cache des.js@https://registry.npmjs.org/des.js/-/des.js-1.1.0.tgz 0ms (cache hit)
5926 http cache js-md4@https://registry.npmjs.org/js-md4/-/js-md4-0.3.2.tgz 0ms (cache hit)
5927 http cache which-builtin-type@https://registry.npmjs.org/which-builtin-type/-/which-builtin-type-1.2.1.tgz 0ms (cache hit)
5928 http cache side-channel-weakmap@https://registry.npmjs.org/side-channel-weakmap/-/side-channel-weakmap-1.0.2.tgz 0ms (cache hit)
5929 http cache side-channel-map@https://registry.npmjs.org/side-channel-map/-/side-channel-map-1.0.1.tgz 0ms (cache hit)
5930 http cache es-shim-unscopables@https://registry.npmjs.org/es-shim-unscopables/-/es-shim-unscopables-1.1.0.tgz 0ms (cache hit)
5931 http cache side-channel-list@https://registry.npmjs.org/side-channel-list/-/side-channel-list-1.0.1.tgz 0ms (cache hit)
5932 http cache reflect.getprototypeof@https://registry.npmjs.org/reflect.getprototypeof/-/reflect.getprototypeof-1.0.10.tgz 0ms (cache hit)
5933 http cache object.entries@https://registry.npmjs.org/object.entries/-/object.entries-1.1.9.tgz 0ms (cache hit)
5934 http cache array.prototype.flatmap@https://registry.npmjs.org/array.prototype.flatmap/-/array.prototype.flatmap-1.3.3.tgz 0ms (cache hit)
5935 http cache path-parse@https://registry.npmjs.org/path-parse/-/path-parse-1.0.7.tgz 0ms (cache hit)
5936 http cache supports-preserve-symlinks-flag@https://registry.npmjs.org/supports-preserve-symlinks-flag/-/supports-preserve-symlinks-flag-1.0.0.tgz 0ms (cache hit)
5937 http cache node-exports-info@https://registry.npmjs.org/node-exports-info/-/node-exports-info-1.6.2.tgz 0ms (cache hit)
5938 http cache dunder-proto@https://registry.npmjs.org/dunder-proto/-/dunder-proto-1.0.1.tgz 0ms (cache hit)
5939 http cache set-function-name@https://registry.npmjs.org/set-function-name/-/set-function-name-2.0.2.tgz 0ms (cache hit)
5940 http cache is-document.all@https://registry.npmjs.org/is-document.all/-/is-document.all-1.0.0.tgz 0ms (cache hit)
5941 http cache is-symbol@https://registry.npmjs.org/is-symbol/-/is-symbol-1.1.1.tgz 0ms (cache hit)
5942 http cache functions-have-names@https://registry.npmjs.org/functions-have-names/-/functions-have-names-1.2.3.tgz 0ms (cache hit)
5943 http cache es-abstract-get@https://registry.npmjs.org/es-abstract-get/-/es-abstract-get-1.0.0.tgz 0ms (cache hit)
5944 http cache is-map@https://registry.npmjs.org/is-map/-/is-map-2.0.3.tgz 0ms (cache hit)
5945 http cache has-tostringtag@https://registry.npmjs.org/has-tostringtag/-/has-tostringtag-1.0.2.tgz 0ms (cache hit)
5946 http cache possible-typed-array-names@https://registry.npmjs.org/possible-typed-array-names/-/possible-typed-array-names-1.1.0.tgz 0ms (cache hit)
5947 http cache typed-array-byte-offset@https://registry.npmjs.org/typed-array-byte-offset/-/typed-array-byte-offset-1.0.5.tgz 0ms (cache hit)
5948 http cache unbox-primitive@https://registry.npmjs.org/unbox-primitive/-/unbox-primitive-1.1.0.tgz 0ms (cache hit)
5949 http cache typed-array-buffer@https://registry.npmjs.org/typed-array-buffer/-/typed-array-buffer-1.0.3.tgz 0ms (cache hit)
5950 http cache typed-array-length@https://registry.npmjs.org/typed-array-length/-/typed-array-length-1.0.8.tgz 0ms (cache hit)
5951 http cache string.prototype.trimstart@https://registry.npmjs.org/string.prototype.trimstart/-/string.prototype.trimstart-1.0.8.tgz 0ms (cache hit)
5952 http cache typed-array-byte-length@https://registry.npmjs.org/typed-array-byte-length/-/typed-array-byte-length-1.0.3.tgz 0ms (cache hit)
5953 http cache string.prototype.trimend@https://registry.npmjs.org/string.prototype.trimend/-/string.prototype.trimend-1.0.10.tgz 0ms (cache hit)
5954 http cache safe-regex-test@https://registry.npmjs.org/safe-regex-test/-/safe-regex-test-1.1.0.tgz 0ms (cache hit)
5955 http cache stop-iteration-iterator@https://registry.npmjs.org/stop-iteration-iterator/-/stop-iteration-iterator-1.1.0.tgz 0ms (cache hit)
5956 http cache set-proto@https://registry.npmjs.org/set-proto/-/set-proto-1.0.0.tgz 0ms (cache hit)
5957 http cache safe-push-apply@https://registry.npmjs.org/safe-push-apply/-/safe-push-apply-1.0.0.tgz 0ms (cache hit)
5958 http cache own-keys@https://registry.npmjs.org/own-keys/-/own-keys-1.0.2.tgz 0ms (cache hit)
5959 http cache safe-array-concat@https://registry.npmjs.org/safe-array-concat/-/safe-array-concat-1.1.4.tgz 0ms (cache hit)
5960 http cache math-intrinsics@https://registry.npmjs.org/math-intrinsics/-/math-intrinsics-1.1.0.tgz 0ms (cache hit)
5961 http cache is-weakref@https://registry.npmjs.org/is-weakref/-/is-weakref-1.1.1.tgz 0ms (cache hit)
5962 http cache is-set@https://registry.npmjs.org/is-set/-/is-set-2.0.3.tgz 0ms (cache hit)
5963 http cache is-typed-array@https://registry.npmjs.org/is-typed-array/-/is-typed-array-1.1.15.tgz 0ms (cache hit)
5964 http cache is-negative-zero@https://registry.npmjs.org/is-negative-zero/-/is-negative-zero-2.0.3.tgz 0ms (cache hit)
5965 http cache is-data-view@https://registry.npmjs.org/is-data-view/-/is-data-view-1.0.2.tgz 0ms (cache hit)
5966 http cache is-callable@https://registry.npmjs.org/is-callable/-/is-callable-1.2.7.tgz 0ms (cache hit)
5967 http cache internal-slot@https://registry.npmjs.org/internal-slot/-/internal-slot-1.1.0.tgz 0ms (cache hit)
5968 http cache has-symbols@https://registry.npmjs.org/has-symbols/-/has-symbols-1.1.0.tgz 0ms (cache hit)
5969 http cache globalthis@https://registry.npmjs.org/globalthis/-/globalthis-1.0.4.tgz 0ms (cache hit)
5970 http cache get-symbol-description@https://registry.npmjs.org/get-symbol-description/-/get-symbol-description-1.1.0.tgz 0ms (cache hit)
5971 http cache has-proto@https://registry.npmjs.org/has-proto/-/has-proto-1.2.0.tgz 0ms (cache hit)
5972 http cache get-proto@https://registry.npmjs.org/get-proto/-/get-proto-1.0.1.tgz 0ms (cache hit)
5973 http cache function.prototype.name@https://registry.npmjs.org/function.prototype.name/-/function.prototype.name-1.2.0.tgz 0ms (cache hit)
5974 http cache es-to-primitive@https://registry.npmjs.org/es-to-primitive/-/es-to-primitive-1.3.4.tgz 0ms (cache hit)
5975 http cache es-set-tostringtag@https://registry.npmjs.org/es-set-tostringtag/-/es-set-tostringtag-2.1.0.tgz 0ms (cache hit)
5976 http cache data-view-byte-offset@https://registry.npmjs.org/data-view-byte-offset/-/data-view-byte-offset-1.0.1.tgz 0ms (cache hit)
5977 http cache data-view-byte-length@https://registry.npmjs.org/data-view-byte-length/-/data-view-byte-length-1.0.2.tgz 0ms (cache hit)
5978 http cache data-view-buffer@https://registry.npmjs.org/data-view-buffer/-/data-view-buffer-1.0.2.tgz 0ms (cache hit)
5979 http cache arraybuffer.prototype.slice@https://registry.npmjs.org/arraybuffer.prototype.slice/-/arraybuffer.prototype.slice-1.0.4.tgz 0ms (cache hit)
5980 http cache available-typed-arrays@https://registry.npmjs.org/available-typed-arrays/-/available-typed-arrays-1.0.7.tgz 0ms (cache hit)
5981 http cache gopd@https://registry.npmjs.org/gopd/-/gopd-1.2.0.tgz 0ms (cache hit)
5982 http cache has-property-descriptors@https://registry.npmjs.org/has-property-descriptors/-/has-property-descriptors-1.0.2.tgz 0ms (cache hit)
5983 http cache which-typed-array@https://registry.npmjs.org/which-typed-array/-/which-typed-array-1.1.24.tgz 0ms (cache hit)
5984 http cache which-collection@https://registry.npmjs.org/which-collection/-/which-collection-1.0.2.tgz 0ms (cache hit)
5985 http cache define-data-property@https://registry.npmjs.org/define-data-property/-/define-data-property-1.1.4.tgz 0ms (cache hit)
5986 http cache which-boxed-primitive@https://registry.npmjs.org/which-boxed-primitive/-/which-boxed-primitive-1.1.1.tgz 0ms (cache hit)
5987 http cache side-channel@https://registry.npmjs.org/side-channel/-/side-channel-1.1.1.tgz 0ms (cache hit)
5988 http cache is-shared-array-buffer@https://registry.npmjs.org/is-shared-array-buffer/-/is-shared-array-buffer-1.0.4.tgz 0ms (cache hit)
5989 http cache regexp.prototype.flags@https://registry.npmjs.org/regexp.prototype.flags/-/regexp.prototype.flags-1.5.4.tgz 0ms (cache hit)
5990 http cache is-date-object@https://registry.npmjs.org/is-date-object/-/is-date-object-1.1.0.tgz 0ms (cache hit)
5991 http cache is-arguments@https://registry.npmjs.org/is-arguments/-/is-arguments-1.2.0.tgz 0ms (cache hit)
5992 http cache is-array-buffer@https://registry.npmjs.org/is-array-buffer/-/is-array-buffer-3.0.5.tgz 0ms (cache hit)
5993 http cache es-get-iterator@https://registry.npmjs.org/es-get-iterator/-/es-get-iterator-1.1.3.tgz 0ms (cache hit)
5994 http cache es-errors@https://registry.npmjs.org/es-errors/-/es-errors-1.3.0.tgz 0ms (cache hit)
5995 http cache array-buffer-byte-length@https://registry.npmjs.org/array-buffer-byte-length/-/array-buffer-byte-length-1.0.2.tgz 0ms (cache hit)
5996 http cache set-function-length@https://registry.npmjs.org/set-function-length/-/set-function-length-1.2.2.tgz 0ms (cache hit)
5997 http cache is-string@https://registry.npmjs.org/is-string/-/is-string-1.1.1.tgz 0ms (cache hit)
5998 http cache es-define-property@https://registry.npmjs.org/es-define-property/-/es-define-property-1.0.1.tgz 0ms (cache hit)
5999 http cache define-properties@https://registry.npmjs.org/define-properties/-/define-properties-1.2.1.tgz 0ms (cache hit)
6000 http cache es-abstract@https://registry.npmjs.org/es-abstract/-/es-abstract-1.24.2.tgz 0ms (cache hit)
6001 http cache call-bind-apply-helpers@https://registry.npmjs.org/call-bind-apply-helpers/-/call-bind-apply-helpers-1.0.2.tgz 0ms (cache hit)
6002 http cache get-intrinsic@https://registry.npmjs.org/get-intrinsic/-/get-intrinsic-1.3.0.tgz 0ms (cache hit)
6003 http cache string.prototype.trim@https://registry.npmjs.org/string.prototype.trim/-/string.prototype.trim-1.2.11.tgz 0ms (cache hit)
6004 http cache object.assign@https://registry.npmjs.org/object.assign/-/object.assign-4.1.7.tgz 0ms (cache hit)
6005 http cache resolve@https://registry.npmjs.org/resolve/-/resolve-2.0.0-next.7.tgz 0ms (cache hit)
6006 http cache mock-property@https://registry.npmjs.org/mock-property/-/mock-property-1.1.2.tgz 0ms (cache hit)
6007 http cache object-is@https://registry.npmjs.org/object-is/-/object-is-1.1.6.tgz 0ms (cache hit)
6008 http cache object-keys@https://registry.npmjs.org/object-keys/-/object-keys-1.1.1.tgz 0ms (cache hit)
6009 http cache is-regex@https://registry.npmjs.org/is-regex/-/is-regex-1.2.1.tgz 0ms (cache hit)
6010 http cache has-dynamic-import@https://registry.npmjs.org/has-dynamic-import/-/has-dynamic-import-2.1.1.tgz 0ms (cache hit)
6011 http cache for-each@https://registry.npmjs.org/for-each/-/for-each-0.3.5.tgz 0ms (cache hit)
6012 http cache dotignore@https://registry.npmjs.org/dotignore/-/dotignore-0.1.2.tgz 0ms (cache hit)
6013 http cache get-package-type@https://registry.npmjs.org/get-package-type/-/get-package-type-0.1.0.tgz 0ms (cache hit)
6014 http cache es-object-atoms@https://registry.npmjs.org/es-object-atoms/-/es-object-atoms-1.1.2.tgz 0ms (cache hit)
6015 http cache deep-equal@https://registry.npmjs.org/deep-equal/-/deep-equal-2.2.3.tgz 0ms (cache hit)
6016 http cache defined@https://registry.npmjs.org/defined/-/defined-1.0.1.tgz 0ms (cache hit)
6017 http cache call-bound@https://registry.npmjs.org/call-bound/-/call-bound-1.0.4.tgz 0ms (cache hit)
6018 http cache call-bind@https://registry.npmjs.org/call-bind/-/call-bind-1.0.9.tgz 0ms (cache hit)
6019 http cache @ljharb/through@https://registry.npmjs.org/@ljharb/through/-/through-2.3.14.tgz 0ms (cache hit)
6020 http cache array.prototype.every@https://registry.npmjs.org/array.prototype.every/-/array.prototype.every-1.1.7.tgz 0ms (cache hit)
6021 http cache @ljharb/resumer@https://registry.npmjs.org/@ljharb/resumer/-/resumer-0.1.3.tgz 0ms (cache hit)
6022 http cache is-obj@https://registry.npmjs.org/is-obj/-/is-obj-1.0.1.tgz 0ms (cache hit)
6023 http cache has-flag@https://registry.npmjs.org/has-flag/-/has-flag-3.0.0.tgz 0ms (cache hit)
6024 http cache get-own-enumerable-property-symbols@https://registry.npmjs.org/get-own-enumerable-property-symbols/-/get-own-enumerable-property-symbols-3.0.2.tgz 0ms (cache hit)
6025 http cache is-regexp@https://registry.npmjs.org/is-regexp/-/is-regexp-1.0.0.tgz 0ms (cache hit)
6026 http cache @ljharb/now@https://registry.npmjs.org/@ljharb/now/-/now-1.0.1.tgz 0ms (cache hit)
6027 http cache emoji-regex@https://registry.npmjs.org/emoji-regex/-/emoji-regex-8.0.0.tgz 0ms (cache hit)
6028 http cache any-observable@https://registry.npmjs.org/any-observable/-/any-observable-0.2.0.tgz 0ms (cache hit)
6029 http cache smart-buffer@https://registry.npmjs.org/smart-buffer/-/smart-buffer-4.2.0.tgz 0ms (cache hit)
6030 http cache is-fullwidth-code-point@https://registry.npmjs.org/is-fullwidth-code-point/-/is-fullwidth-code-point-2.0.0.tgz 0ms (cache hit)
6031 http cache ip-address@https://registry.npmjs.org/ip-address/-/ip-address-10.7.3.tgz 0ms (cache hit)
6032 http cache socks@https://registry.npmjs.org/socks/-/socks-2.8.10.tgz 0ms (cache hit)
6033 http cache mimic-fn@https://registry.npmjs.org/mimic-fn/-/mimic-fn-1.2.0.tgz 0ms (cache hit)
6034 http cache shebang-regex@https://registry.npmjs.org/shebang-regex/-/shebang-regex-1.0.0.tgz 0ms (cache hit)
6035 http cache caller-path@https://registry.npmjs.org/caller-path/-/caller-path-0.1.0.tgz 0ms (cache hit)
6036 http cache randombytes@https://registry.npmjs.org/randombytes/-/randombytes-2.1.0.tgz 1ms (cache hit)
6037 http cache onetime@https://registry.npmjs.org/onetime/-/onetime-2.0.1.tgz 0ms (cache hit)
6038 http cache is-finite@https://registry.npmjs.org/is-finite/-/is-finite-1.1.0.tgz 0ms (cache hit)
6039 http cache asap@https://registry.npmjs.org/asap/-/asap-2.0.6.tgz 0ms (cache hit)
6040 http cache dezalgo@https://registry.npmjs.org/dezalgo/-/dezalgo-1.0.4.tgz 0ms (cache hit)
6041 http cache util-deprecate@https://registry.npmjs.org/util-deprecate/-/util-deprecate-1.0.2.tgz 0ms (cache hit)
6042 http cache string_decoder@https://registry.npmjs.org/string_decoder/-/string_decoder-1.1.1.tgz 0ms (cache hit)
6043 http cache debuglog@https://registry.npmjs.org/debuglog/-/debuglog-1.0.1.tgz 0ms (cache hit)
6044 http cache process-nextick-args@https://registry.npmjs.org/process-nextick-args/-/process-nextick-args-2.0.1.tgz 0ms (cache hit)
6045 http cache core-util-is@https://registry.npmjs.org/core-util-is/-/core-util-is-1.0.3.tgz 0ms (cache hit)
6046 http cache isarray@https://registry.npmjs.org/isarray/-/isarray-1.0.0.tgz 0ms (cache hit)
6047 http cache validate-npm-package-license@https://registry.npmjs.org/validate-npm-package-license/-/validate-npm-package-license-3.0.4.tgz 0ms (cache hit)
6048 http cache is-core-module@https://registry.npmjs.org/is-core-module/-/is-core-module-2.17.0.tgz 0ms (cache hit)
6049 http cache normalize-package-data@https://registry.npmjs.org/normalize-package-data/-/normalize-package-data-4.0.1.tgz 0ms (cache hit)
6050 http cache retry@https://registry.npmjs.org/retry/-/retry-0.12.0.tgz 0ms (cache hit)
6051 http cache err-code@https://registry.npmjs.org/err-code/-/err-code-2.0.3.tgz 0ms (cache hit)
6052 http cache is-arrayish@https://registry.npmjs.org/is-arrayish/-/is-arrayish-0.2.1.tgz 0ms (cache hit)
6053 http cache irregular-plurals@https://registry.npmjs.org/irregular-plurals/-/irregular-plurals-3.5.0.tgz 0ms (cache hit)
6054 http cache error-ex@https://registry.npmjs.org/error-ex/-/error-ex-1.3.4.tgz 0ms (cache hit)
6055 http cache just-diff@https://registry.npmjs.org/just-diff/-/just-diff-5.2.0.tgz 0ms (cache hit)
6056 http cache just-diff-apply@https://registry.npmjs.org/just-diff-apply/-/just-diff-apply-5.5.0.tgz 0ms (cache hit)
6057 http cache callsites@https://registry.npmjs.org/callsites/-/callsites-3.1.0.tgz 0ms (cache hit)
6058 http cache read-package-json@https://registry.npmjs.org/read-package-json/-/read-package-json-5.0.2.tgz 0ms (cache hit)
6059 http cache ignore-walk@https://registry.npmjs.org/ignore-walk/-/ignore-walk-5.0.1.tgz 0ms (cache hit)
6060 http cache npm-packlist@https://registry.npmjs.org/npm-packlist/-/npm-packlist-5.1.3.tgz 0ms (cache hit)
6061 http cache yocto-queue@https://registry.npmjs.org/yocto-queue/-/yocto-queue-0.1.0.tgz 0ms (cache hit)
6062 http cache @npmcli/git@https://registry.npmjs.org/@npmcli/git/-/git-3.0.2.tgz 0ms (cache hit)
6063 http cache p-limit@https://registry.npmjs.org/p-limit/-/p-limit-3.1.0.tgz 0ms (cache hit)
6064 http cache os-homedir@https://registry.npmjs.org/os-homedir/-/os-homedir-1.0.2.tgz 0ms (cache hit)
6065 http cache cli-spinners@https://registry.npmjs.org/cli-spinners/-/cli-spinners-0.1.2.tgz 0ms (cache hit)
6066 http cache os-tmpdir@https://registry.npmjs.org/os-tmpdir/-/os-tmpdir-1.0.2.tgz 0ms (cache hit)
6067 http cache wide-align@https://registry.npmjs.org/wide-align/-/wide-align-1.1.5.tgz 0ms (cache hit)
6068 http cache has-unicode@https://registry.npmjs.org/has-unicode/-/has-unicode-2.0.1.tgz 0ms (cache hit)
6069 http cache color-support@https://registry.npmjs.org/color-support/-/color-support-1.1.3.tgz 0ms (cache hit)
6070 http cache aproba@https://registry.npmjs.org/aproba/-/aproba-2.1.0.tgz 0ms (cache hit)
6071 http cache delegates@https://registry.npmjs.org/delegates/-/delegates-1.0.0.tgz 0ms (cache hit)
6072 http cache set-blocking@https://registry.npmjs.org/set-blocking/-/set-blocking-2.0.0.tgz 0ms (cache hit)
6073 http cache gauge@https://registry.npmjs.org/gauge/-/gauge-4.0.4.tgz 0ms (cache hit)
6074 http cache console-control-strings@https://registry.npmjs.org/console-control-strings/-/console-control-strings-1.1.0.tgz 0ms (cache hit)
6075 http cache are-we-there-yet@https://registry.npmjs.org/are-we-there-yet/-/are-we-there-yet-3.0.1.tgz 0ms (cache hit)
6076 http cache function-bind@https://registry.npmjs.org/function-bind/-/function-bind-1.1.2.tgz 0ms (cache hit)
6077 http cache npm-path@https://registry.npmjs.org/npm-path/-/npm-path-2.0.4.tgz 0ms (cache hit)
6078 http cache hasown@https://registry.npmjs.org/hasown/-/hasown-2.0.4.tgz 0ms (cache hit)
6079 http cache minipass-json-stream@https://registry.npmjs.org/minipass-json-stream/-/minipass-json-stream-1.0.2.tgz 0ms (cache hit)
6080 http cache jsonparse@https://registry.npmjs.org/jsonparse/-/jsonparse-1.3.1.tgz 0ms (cache hit)
6081 http cache validate-npm-package-name@https://registry.npmjs.org/validate-npm-package-name/-/validate-npm-package-name-3.0.0.tgz 0ms (cache hit)
6082 http cache abbrev@https://registry.npmjs.org/abbrev/-/abbrev-1.1.1.tgz 0ms (cache hit)
6083 http cache hosted-git-info@https://registry.npmjs.org/hosted-git-info/-/hosted-git-info-2.8.9.tgz 0ms (cache hit)
6084 http cache osenv@https://registry.npmjs.org/osenv/-/osenv-0.1.5.tgz 0ms (cache hit)
6085 http cache minizlib@https://registry.npmjs.org/minizlib/-/minizlib-2.1.2.tgz 0ms (cache hit)
6086 http cache encoding@https://registry.npmjs.org/encoding/-/encoding-0.1.13.tgz 0ms (cache hit)
6087 http cache minipass-sized@https://registry.npmjs.org/minipass-sized/-/minipass-sized-1.0.3.tgz 0ms (cache hit)
6088 http cache humanize-ms@https://registry.npmjs.org/humanize-ms/-/humanize-ms-1.2.1.tgz 0ms (cache hit)
6089 http cache @tootallnate/once@https://registry.npmjs.org/@tootallnate/once/-/once-1.1.2.tgz 0ms (cache hit)
6090 http cache agent-base@https://registry.npmjs.org/agent-base/-/agent-base-6.0.2.tgz 0ms (cache hit)
6091 http cache socks-proxy-agent@https://registry.npmjs.org/socks-proxy-agent/-/socks-proxy-agent-6.2.1.tgz 0ms (cache hit)
6092 http cache promise-retry@https://registry.npmjs.org/promise-retry/-/promise-retry-2.0.1.tgz 0ms (cache hit)
6093 http cache minipass-fetch@https://registry.npmjs.org/minipass-fetch/-/minipass-fetch-1.4.1.tgz 0ms (cache hit)
6094 http cache negotiator@https://registry.npmjs.org/negotiator/-/negotiator-0.6.4.tgz 0ms (cache hit)
6095 http cache https-proxy-agent@https://registry.npmjs.org/https-proxy-agent/-/https-proxy-agent-5.0.1.tgz 1ms (cache hit)
6096 http cache is-lambda@https://registry.npmjs.org/is-lambda/-/is-lambda-1.0.1.tgz 0ms (cache hit)
6097 http cache http-proxy-agent@https://registry.npmjs.org/http-proxy-agent/-/http-proxy-agent-4.0.1.tgz 0ms (cache hit)
6098 http cache agentkeepalive@https://registry.npmjs.org/agentkeepalive/-/agentkeepalive-4.6.0.tgz 0ms (cache hit)
6099 http cache http-cache-semantics@https://registry.npmjs.org/http-cache-semantics/-/http-cache-semantics-4.2.0.tgz 0ms (cache hit)
6100 http cache make-fetch-happen@https://registry.npmjs.org/make-fetch-happen/-/make-fetch-happen-9.1.0.tgz 0ms (cache hit)
6101 http cache @gar/promisify@https://registry.npmjs.org/@gar/promisify/-/promisify-1.1.3.tgz 0ms (cache hit)
6102 http cache unique-filename@https://registry.npmjs.org/unique-filename/-/unique-filename-2.0.1.tgz 0ms (cache hit)
6103 http cache tar@https://registry.npmjs.org/tar/-/tar-6.2.1.tgz 0ms (cache hit)
6104 http cache env-paths@https://registry.npmjs.org/env-paths/-/env-paths-2.2.1.tgz 0ms (cache hit)
6105 http cache promise-inflight@https://registry.npmjs.org/promise-inflight/-/promise-inflight-1.0.1.tgz 0ms (cache hit)
6106 http cache minipass-pipeline@https://registry.npmjs.org/minipass-pipeline/-/minipass-pipeline-1.2.4.tgz 0ms (cache hit)
6107 http cache minipass-flush@https://registry.npmjs.org/minipass-flush/-/minipass-flush-1.0.7.tgz 0ms (cache hit)
6108 http cache minipass-collect@https://registry.npmjs.org/minipass-collect/-/minipass-collect-1.0.2.tgz 0ms (cache hit)
6109 http cache fs-minipass@https://registry.npmjs.org/fs-minipass/-/fs-minipass-2.1.0.tgz 0ms (cache hit)
6110 http cache write-file-atomic@https://registry.npmjs.org/write-file-atomic/-/write-file-atomic-4.0.2.tgz 0ms (cache hit)
6111 http cache chownr@https://registry.npmjs.org/chownr/-/chownr-2.0.0.tgz 0ms (cache hit)
6112 http cache @npmcli/fs@https://registry.npmjs.org/@npmcli/fs/-/fs-2.1.2.tgz 0ms (cache hit)
6113 http cache read-cmd-shim@https://registry.npmjs.org/read-cmd-shim/-/read-cmd-shim-3.0.1.tgz 0ms (cache hit)
6114 http cache cmd-shim@https://registry.npmjs.org/cmd-shim/-/cmd-shim-5.0.0.tgz 0ms (cache hit)
6115 http cache infer-owner@https://registry.npmjs.org/infer-owner/-/infer-owner-1.0.4.tgz 0ms (cache hit)
6116 http cache npm-normalize-package-bin@https://registry.npmjs.org/npm-normalize-package-bin/-/npm-normalize-package-bin-1.0.1.tgz 0ms (cache hit)
6117 http cache node-gyp@https://registry.npmjs.org/node-gyp/-/node-gyp-8.4.1.tgz 0ms (cache hit)
6118 http cache npm-bundled@https://registry.npmjs.org/npm-bundled/-/npm-bundled-1.1.2.tgz 0ms (cache hit)
6119 http cache walk-up-path@https://registry.npmjs.org/walk-up-path/-/walk-up-path-1.0.0.tgz 0ms (cache hit)
6120 http cache @npmcli/promise-spawn@https://registry.npmjs.org/@npmcli/promise-spawn/-/promise-spawn-3.0.0.tgz 0ms (cache hit)
6121 http cache treeverse@https://registry.npmjs.org/treeverse/-/treeverse-2.0.0.tgz 0ms (cache hit)
6122 http cache ssri@https://registry.npmjs.org/ssri/-/ssri-9.0.1.tgz 0ms (cache hit)
6123 http cache readdir-scoped-modules@https://registry.npmjs.org/readdir-scoped-modules/-/readdir-scoped-modules-1.1.0.tgz 0ms (cache hit)
6124 http cache promise-call-limit@https://registry.npmjs.org/promise-call-limit/-/promise-call-limit-1.0.2.tgz 0ms (cache hit)
6125 http cache parse-conflict-json@https://registry.npmjs.org/parse-conflict-json/-/parse-conflict-json-2.0.2.tgz 0ms (cache hit)
6126 http cache read-package-json-fast@https://registry.npmjs.org/read-package-json-fast/-/read-package-json-fast-2.0.3.tgz 0ms (cache hit)
6127 http cache proc-log@https://registry.npmjs.org/proc-log/-/proc-log-2.0.1.tgz 0ms (cache hit)
6128 http cache promise-all-reject-late@https://registry.npmjs.org/promise-all-reject-late/-/promise-all-reject-late-1.0.1.tgz 0ms (cache hit)
6129 http cache npmlog@https://registry.npmjs.org/npmlog/-/npmlog-6.0.2.tgz 0ms (cache hit)
6130 http cache npm-pick-manifest@https://registry.npmjs.org/npm-pick-manifest/-/npm-pick-manifest-7.0.2.tgz 0ms (cache hit)
6131 http cache npm-install-checks@https://registry.npmjs.org/npm-install-checks/-/npm-install-checks-5.0.0.tgz 0ms (cache hit)
6132 http cache npm-registry-fetch@https://registry.npmjs.org/npm-registry-fetch/-/npm-registry-fetch-13.3.1.tgz 0ms (cache hit)
6133 http cache nopt@https://registry.npmjs.org/nopt/-/nopt-5.0.0.tgz 0ms (cache hit)
6134 http cache mkdirp-infer-owner@https://registry.npmjs.org/mkdirp-infer-owner/-/mkdirp-infer-owner-2.0.0.tgz 0ms (cache hit)
6135 http cache common-ancestor-path@https://registry.npmjs.org/common-ancestor-path/-/common-ancestor-path-1.0.1.tgz 0ms (cache hit)
6136 http cache json-stringify-nice@https://registry.npmjs.org/json-stringify-nice/-/json-stringify-nice-1.1.4.tgz 0ms (cache hit)
6137 http cache json-parse-even-better-errors@https://registry.npmjs.org/json-parse-even-better-errors/-/json-parse-even-better-errors-2.3.1.tgz 0ms (cache hit)
6138 http cache bin-links@https://registry.npmjs.org/bin-links/-/bin-links-3.0.3.tgz 0ms (cache hit)
6139 http cache cacache@https://registry.npmjs.org/cacache/-/cacache-16.1.3.tgz 0ms (cache hit)
6140 http cache @npmcli/package-json@https://registry.npmjs.org/@npmcli/package-json/-/package-json-2.0.0.tgz 0ms (cache hit)
6141 http cache @npmcli/run-script@https://registry.npmjs.org/@npmcli/run-script/-/run-script-3.0.3.tgz 0ms (cache hit)
6142 http cache @npmcli/move-file@https://registry.npmjs.org/@npmcli/move-file/-/move-file-2.0.1.tgz 0ms (cache hit)
6143 http cache @npmcli/node-gyp@https://registry.npmjs.org/@npmcli/node-gyp/-/node-gyp-2.0.0.tgz 0ms (cache hit)
6144 http cache @npmcli/name-from-folder@https://registry.npmjs.org/@npmcli/name-from-folder/-/name-from-folder-1.0.1.tgz 0ms (cache hit)
6145 http cache @npmcli/metavuln-calculator@https://registry.npmjs.org/@npmcli/metavuln-calculator/-/metavuln-calculator-3.1.1.tgz 0ms (cache hit)
6146 http cache @npmcli/installed-package-contents@https://registry.npmjs.org/@npmcli/installed-package-contents/-/installed-package-contents-1.0.7.tgz 0ms (cache hit)
6147 http cache @npmcli/map-workspaces@https://registry.npmjs.org/@npmcli/map-workspaces/-/map-workspaces-2.0.4.tgz 0ms (cache hit)
6148 http cache object-inspect@https://registry.npmjs.org/object-inspect/-/object-inspect-1.13.4.tgz 0ms (cache hit)
6149 http cache pacote@https://registry.npmjs.org/pacote/-/pacote-13.6.0.tgz 0ms (cache hit)
6150 http cache @isaacs/string-locale-compare@https://registry.npmjs.org/@isaacs/string-locale-compare/-/string-locale-compare-1.1.0.tgz 0ms (cache hit)
6151 http cache @npmcli/arborist@https://registry.npmjs.org/@npmcli/arborist/-/arborist-5.2.1.tgz 0ms (cache hit)
6152 http cache monocart-locator@https://registry.npmjs.org/monocart-locator/-/monocart-locator-1.0.3.tgz 0ms (cache hit)
6153 http cache lz-utils@https://registry.npmjs.org/lz-utils/-/lz-utils-2.1.1.tgz 0ms (cache hit)
6154 http cache acorn-walk@https://registry.npmjs.org/acorn-walk/-/acorn-walk-8.3.5.tgz 0ms (cache hit)
6155 http cache eight-colors@https://registry.npmjs.org/eight-colors/-/eight-colors-1.3.3.tgz 0ms (cache hit)
6156 http cache yargs-unparser@https://registry.npmjs.org/yargs-unparser/-/yargs-unparser-2.0.0.tgz 0ms (cache hit)
6157 http cache console-grid@https://registry.npmjs.org/console-grid/-/console-grid-2.2.4.tgz 0ms (cache hit)
6158 http cache workerpool@https://registry.npmjs.org/workerpool/-/workerpool-6.5.1.tgz 0ms (cache hit)
6159 http cache acorn-loose@https://registry.npmjs.org/acorn-loose/-/acorn-loose-8.5.2.tgz 0ms (cache hit)
6160 http cache serialize-javascript@https://registry.npmjs.org/serialize-javascript/-/serialize-javascript-6.0.2.tgz 0ms (cache hit)
6161 http cache ansi-colors@https://registry.npmjs.org/ansi-colors/-/ansi-colors-4.1.3.tgz 0ms (cache hit)
6162 http cache concat-map@https://registry.npmjs.org/concat-map/-/concat-map-0.0.1.tgz 0ms (cache hit)
6163 http cache balanced-match@https://registry.npmjs.org/balanced-match/-/balanced-match-1.0.2.tgz 0ms (cache hit)
6164 http cache brace-expansion@https://registry.npmjs.org/brace-expansion/-/brace-expansion-1.1.21.tgz 0ms (cache hit)
6165 http cache yallist@https://registry.npmjs.org/yallist/-/yallist-2.1.2.tgz 0ms (cache hit)
6166 http cache pseudomap@https://registry.npmjs.org/pseudomap/-/pseudomap-1.0.2.tgz 0ms (cache hit)
6167 http cache date-fns@https://registry.npmjs.org/date-fns/-/date-fns-1.30.1.tgz 0ms (cache hit)
6168 http cache p-locate@https://registry.npmjs.org/p-locate/-/p-locate-5.0.0.tgz 0ms (cache hit)
6169 http cache elegant-spinner@https://registry.npmjs.org/elegant-spinner/-/elegant-spinner-1.0.1.tgz 0ms (cache hit)
6170 http cache symbol-observable@https://registry.npmjs.org/symbol-observable/-/symbol-observable-0.2.4.tgz 0ms (cache hit)
6171 http cache slice-ansi@https://registry.npmjs.org/slice-ansi/-/slice-ansi-0.0.4.tgz 0ms (cache hit)
6172 http cache repeating@https://registry.npmjs.org/repeating/-/repeating-2.0.1.tgz 0ms (cache hit)
6173 http cache rxjs@https://registry.npmjs.org/rxjs/-/rxjs-5.5.12.tgz 0ms (cache hit)
6174 http cache stream-to-observable@https://registry.npmjs.org/stream-to-observable/-/stream-to-observable-0.2.0.tgz 0ms (cache hit)
6175 http cache ora@https://registry.npmjs.org/ora/-/ora-0.2.3.tgz 0ms (cache hit)
6176 http cache log-update@https://registry.npmjs.org/log-update/-/log-update-1.0.2.tgz 0ms (cache hit)
6177 http cache listr-verbose-renderer@https://registry.npmjs.org/listr-verbose-renderer/-/listr-verbose-renderer-0.4.1.tgz 0ms (cache hit)
6178 http cache listr-update-renderer@https://registry.npmjs.org/listr-update-renderer/-/listr-update-renderer-0.4.0.tgz 0ms (cache hit)
6179 http cache listr-silent-renderer@https://registry.npmjs.org/listr-silent-renderer/-/listr-silent-renderer-1.1.1.tgz 0ms (cache hit)
6180 http cache is-promise@https://registry.npmjs.org/is-promise/-/is-promise-2.2.2.tgz 0ms (cache hit)
6181 http cache is-observable@https://registry.npmjs.org/is-observable/-/is-observable-0.2.0.tgz 0ms (cache hit)
6182 http cache indent-string@https://registry.npmjs.org/indent-string/-/indent-string-2.1.0.tgz 0ms (cache hit)
6183 http cache pretty-format@https://registry.npmjs.org/pretty-format/-/pretty-format-21.2.1.tgz 0ms (cache hit)
6184 http cache cli-truncate@https://registry.npmjs.org/cli-truncate/-/cli-truncate-0.2.1.tgz 0ms (cache hit)
6185 http cache leven@https://registry.npmjs.org/leven/-/leven-2.1.0.tgz 0ms (cache hit)
6186 http cache jest-get-type@https://registry.npmjs.org/jest-get-type/-/jest-get-type-21.2.0.tgz 0ms (cache hit)
6187 http cache strip-eof@https://registry.npmjs.org/strip-eof/-/strip-eof-1.0.0.tgz 0ms (cache hit)
6188 http cache p-finally@https://registry.npmjs.org/p-finally/-/p-finally-1.0.0.tgz 0ms (cache hit)
6189 http cache is-stream@https://registry.npmjs.org/is-stream/-/is-stream-1.1.0.tgz 0ms (cache hit)
6190 http cache npm-run-path@https://registry.npmjs.org/npm-run-path/-/npm-run-path-2.0.2.tgz 0ms (cache hit)
6191 http cache require-from-string@https://registry.npmjs.org/require-from-string/-/require-from-string-2.0.2.tgz 0ms (cache hit)
6192 http cache get-stream@https://registry.npmjs.org/get-stream/-/get-stream-3.0.0.tgz 0ms (cache hit)
6193 http cache parse-json@https://registry.npmjs.org/parse-json/-/parse-json-3.0.0.tgz 0ms (cache hit)
6194 http cache stringify-object@https://registry.npmjs.org/stringify-object/-/stringify-object-3.3.0.tgz 0ms (cache hit)
6195 http cache is-directory@https://registry.npmjs.org/is-directory/-/is-directory-0.3.1.tgz 0ms (cache hit)
6196 http cache staged-git-files@https://registry.npmjs.org/staged-git-files/-/staged-git-files-0.0.4.tgz 0ms (cache hit)
6197 http cache p-map@https://registry.npmjs.org/p-map/-/p-map-1.2.0.tgz 0ms (cache hit)
6198 http cache pify@https://registry.npmjs.org/pify/-/pify-3.0.0.tgz 0ms (cache hit)
6199 http cache listr@https://registry.npmjs.org/listr/-/listr-0.13.0.tgz 0ms (cache hit)
6200 http cache log-symbols@https://registry.npmjs.org/log-symbols/-/log-symbols-2.2.0.tgz 0ms (cache hit)
6201 http cache npm-which@https://registry.npmjs.org/npm-which/-/npm-which-3.0.1.tgz 0ms (cache hit)
6202 http cache find-parent-dir@https://registry.npmjs.org/find-parent-dir/-/find-parent-dir-0.3.1.tgz 0ms (cache hit)
6203 http cache dedent@https://registry.npmjs.org/dedent/-/dedent-0.7.0.tgz 0ms (cache hit)
6204 http cache jest-validate@https://registry.npmjs.org/jest-validate/-/jest-validate-21.2.1.tgz 0ms (cache hit)
6205 http cache cosmiconfig@https://registry.npmjs.org/cosmiconfig/-/cosmiconfig-3.1.0.tgz 0ms (cache hit)
6206 http cache execa@https://registry.npmjs.org/execa/-/execa-0.8.0.tgz 0ms (cache hit)
6207 http cache app-root-path@https://registry.npmjs.org/app-root-path/-/app-root-path-2.2.1.tgz 0ms (cache hit)
6208 http cache y18n@https://registry.npmjs.org/y18n/-/y18n-4.0.3.tgz 0ms (cache hit)
6209 http cache update-notifier@https://registry.npmjs.org/update-notifier/-/update-notifier-2.5.0.tgz 0ms (cache hit)
6210 http cache safe-buffer@https://registry.npmjs.org/safe-buffer/-/safe-buffer-5.2.1.tgz 0ms (cache hit)
6211 http cache dotenv@https://registry.npmjs.org/dotenv/-/dotenv-5.0.1.tgz 0ms (cache hit)
6212 http cache wrap-ansi-cjs@https://registry.npmjs.org/wrap-ansi/-/wrap-ansi-7.0.0.tgz 0ms (cache hit)
6213 http cache strip-ansi-cjs@https://registry.npmjs.org/strip-ansi/-/strip-ansi-6.0.1.tgz 0ms (cache hit)
6214 http cache npm-package-arg@https://registry.npmjs.org/npm-package-arg/-/npm-package-arg-6.1.1.tgz 0ms (cache hit)
6215 http cache wrap-ansi@https://registry.npmjs.org/wrap-ansi/-/wrap-ansi-8.1.0.tgz 0ms (cache hit)
6216 http cache string-width-cjs@https://registry.npmjs.org/string-width/-/string-width-4.2.3.tgz 0ms (cache hit)
6217 http cache html-escaper@https://registry.npmjs.org/html-escaper/-/html-escaper-2.0.2.tgz 0ms (cache hit)
6218 http cache @isaacs/cliui@https://registry.npmjs.org/@isaacs/cliui/-/cliui-8.0.2.tgz 0ms (cache hit)
6219 http cache @pkgjs/parseargs@https://registry.npmjs.org/@pkgjs/parseargs/-/parseargs-0.11.0.tgz 0ms (cache hit)
6220 http cache make-dir@https://registry.npmjs.org/make-dir/-/make-dir-4.0.0.tgz 0ms (cache hit)
6221 http cache ci-info@https://registry.npmjs.org/ci-info/-/ci-info-1.6.0.tgz 0ms (cache hit)
6222 http cache is-extglob@https://registry.npmjs.org/is-extglob/-/is-extglob-2.1.1.tgz 0ms (cache hit)
6223 http cache iconv-lite@https://registry.npmjs.org/iconv-lite/-/iconv-lite-0.4.24.tgz 0ms (cache hit)
6224 http cache chardet@https://registry.npmjs.org/chardet/-/chardet-0.4.2.tgz 0ms (cache hit)
6225 http cache safer-buffer@https://registry.npmjs.org/safer-buffer/-/safer-buffer-2.1.2.tgz 0ms (cache hit)
6226 http cache restore-cursor@https://registry.npmjs.org/restore-cursor/-/restore-cursor-2.0.0.tgz 0ms (cache hit)
6227 http cache string-width@https://registry.npmjs.org/string-width/-/string-width-2.1.1.tgz 0ms (cache hit)
6228 http cache through@https://registry.npmjs.org/through/-/through-2.3.8.tgz 0ms (cache hit)
6229 http cache rx-lite-aggregates@https://registry.npmjs.org/rx-lite-aggregates/-/rx-lite-aggregates-4.0.8.tgz 0ms (cache hit)
6230 http cache run-async@https://registry.npmjs.org/run-async/-/run-async-2.4.1.tgz 0ms (cache hit)
6231 http cache mute-stream@https://registry.npmjs.org/mute-stream/-/mute-stream-0.0.7.tgz 0ms (cache hit)
6232 http cache rx-lite@https://registry.npmjs.org/rx-lite/-/rx-lite-4.0.8.tgz 0ms (cache hit)
6233 http cache external-editor@https://registry.npmjs.org/external-editor/-/external-editor-2.2.0.tgz 0ms (cache hit)
6234 http cache cli-width@https://registry.npmjs.org/cli-width/-/cli-width-2.2.1.tgz 0ms (cache hit)
6235 http cache ansi-escapes@https://registry.npmjs.org/ansi-escapes/-/ansi-escapes-3.2.0.tgz 0ms (cache hit)
6236 http cache figures@https://registry.npmjs.org/figures/-/figures-2.0.0.tgz 0ms (cache hit)
6237 http cache resolve-from@https://registry.npmjs.org/resolve-from/-/resolve-from-4.0.0.tgz 0ms (cache hit)
6238 http cache cli-cursor@https://registry.npmjs.org/cli-cursor/-/cli-cursor-2.1.0.tgz 0ms (cache hit)
6239 http cache wrappy@https://registry.npmjs.org/wrappy/-/wrappy-1.0.2.tgz 0ms (cache hit)
6240 http cache parent-module@https://registry.npmjs.org/parent-module/-/parent-module-1.0.1.tgz 0ms (cache hit)
6241 http cache strip-indent@https://registry.npmjs.org/strip-indent/-/strip-indent-2.0.0.tgz 0ms (cache hit)
6242 http cache normalize-path@https://registry.npmjs.org/normalize-path/-/normalize-path-1.0.0.tgz 0ms (cache hit)
6243 http cache import-from@https://registry.npmjs.org/import-from/-/import-from-3.0.0.tgz 0ms (cache hit)
6244 http cache is-ci@https://registry.npmjs.org/is-ci/-/is-ci-1.2.1.tgz 0ms (cache hit)
6245 http cache wordwrap@https://registry.npmjs.org/wordwrap/-/wordwrap-1.0.0.tgz 0ms (cache hit)
6246 http cache minimist@https://registry.npmjs.org/minimist/-/minimist-1.2.8.tgz 0ms (cache hit)
6247 http cache uglify-js@https://registry.npmjs.org/uglify-js/-/uglify-js-3.19.3.tgz 0ms (cache hit)
6248 http cache path-scurry@https://registry.npmjs.org/path-scurry/-/path-scurry-1.11.1.tgz 0ms (cache hit)
6249 http cache neo-async@https://registry.npmjs.org/neo-async/-/neo-async-2.6.2.tgz 0ms (cache hit)
6250 http cache package-json-from-dist@https://registry.npmjs.org/package-json-from-dist/-/package-json-from-dist-1.0.1.tgz 0ms (cache hit)
6251 http cache jackspeak@https://registry.npmjs.org/jackspeak/-/jackspeak-3.4.3.tgz 0ms (cache hit)
6252 http cache minipass@https://registry.npmjs.org/minipass/-/minipass-7.1.3.tgz 0ms (cache hit)
6253 http cache signal-exit@https://registry.npmjs.org/signal-exit/-/signal-exit-4.1.0.tgz 0ms (cache hit)
6254 http cache graceful-fs@https://registry.npmjs.org/graceful-fs/-/graceful-fs-4.2.11.tgz 0ms (cache hit)
6255 http cache write@https://registry.npmjs.org/write/-/write-0.2.1.tgz 0ms (cache hit)
6256 http cache locate-path@https://registry.npmjs.org/locate-path/-/locate-path-6.0.0.tgz 0ms (cache hit)
6257 http cache path-exists@https://registry.npmjs.org/path-exists/-/path-exists-4.0.0.tgz 0ms (cache hit)
6258 http cache circular-json@https://registry.npmjs.org/circular-json/-/circular-json-0.3.3.tgz 0ms (cache hit)
6259 http cache strnum@https://registry.npmjs.org/strnum/-/strnum-1.1.2.tgz 0ms (cache hit)
6260 http cache plur@https://registry.npmjs.org/plur/-/plur-4.0.0.tgz 0ms (cache hit)
6261 http cache @humanfs/types@https://registry.npmjs.org/@humanfs/types/-/types-0.15.0.tgz 0ms (cache hit)
6262 http cache @humanfs/core@https://registry.npmjs.org/@humanfs/core/-/core-0.19.2.tgz 0ms (cache hit)
6263 http cache @eslint/object-schema@https://registry.npmjs.org/@eslint/object-schema/-/object-schema-2.1.7.tgz 0ms (cache hit)
6264 http cache @types/json-schema@https://registry.npmjs.org/@types/json-schema/-/json-schema-7.0.15.tgz 0ms (cache hit)
6265 http cache @humanwhocodes/module-importer@https://registry.npmjs.org/@humanwhocodes/module-importer/-/module-importer-1.0.1.tgz 0ms (cache hit)
6266 http cache @types/estree@https://registry.npmjs.org/@types/estree/-/estree-1.0.9.tgz 0ms (cache hit)
6267 http cache @eslint/plugin-kit@https://registry.npmjs.org/@eslint/plugin-kit/-/plugin-kit-0.4.1.tgz 0ms (cache hit)
6268 http cache @humanwhocodes/retry@https://registry.npmjs.org/@humanwhocodes/retry/-/retry-0.4.3.tgz 0ms (cache hit)
6269 http cache @humanfs/node@https://registry.npmjs.org/@humanfs/node/-/node-0.16.8.tgz 0ms (cache hit)
6270 http cache @eslint/config-helpers@https://registry.npmjs.org/@eslint/config-helpers/-/config-helpers-0.4.2.tgz 0ms (cache hit)
6271 http cache @eslint/core@https://registry.npmjs.org/@eslint/core/-/core-0.17.0.tgz 0ms (cache hit)
6272 http cache @eslint/config-array@https://registry.npmjs.org/@eslint/config-array/-/config-array-0.21.2.tgz 0ms (cache hit)
6273 http cache @eslint-community/regexpp@https://registry.npmjs.org/@eslint-community/regexpp/-/regexpp-4.12.2.tgz 0ms (cache hit)
6274 http cache @eslint-community/eslint-utils@https://registry.npmjs.org/@eslint-community/eslint-utils/-/eslint-utils-4.10.1.tgz 0ms (cache hit)
6275 http cache @dprint/linux-x64-glibc@https://registry.npmjs.org/@dprint/linux-x64-glibc/-/linux-x64-glibc-0.49.1.tgz 0ms (cache hit)
6276 http cache ms@https://registry.npmjs.org/ms/-/ms-2.1.3.tgz 0ms (cache hit)
6277 http cache path-key@https://registry.npmjs.org/path-key/-/path-key-3.1.1.tgz 0ms (cache hit)
6278 http cache typedarray@https://registry.npmjs.org/typedarray/-/typedarray-0.0.6.tgz 0ms (cache hit)
6279 http cache readable-stream@https://registry.npmjs.org/readable-stream/-/readable-stream-2.3.8.tgz 0ms (cache hit)
6280 http cache buffer-from@https://registry.npmjs.org/buffer-from/-/buffer-from-1.1.2.tgz 0ms (cache hit)
6281 http cache color-name@https://registry.npmjs.org/color-name/-/color-name-1.1.3.tgz 0ms (cache hit)
6282 http cache readdirp@https://registry.npmjs.org/readdirp/-/readdirp-4.1.2.tgz 0ms (cache hit)
6283 http cache type-detect@https://registry.npmjs.org/type-detect/-/type-detect-4.1.0.tgz 0ms (cache hit)
6284 http cache pathval@https://registry.npmjs.org/pathval/-/pathval-1.1.1.tgz 0ms (cache hit)
6285 http cache get-func-name@https://registry.npmjs.org/get-func-name/-/get-func-name-2.0.2.tgz 0ms (cache hit)
6286 http cache loupe@https://registry.npmjs.org/loupe/-/loupe-2.3.7.tgz 0ms (cache hit)
6287 http cache deep-eql@https://registry.npmjs.org/deep-eql/-/deep-eql-4.1.4.tgz 0ms (cache hit)
6288 http cache check-error@https://registry.npmjs.org/check-error/-/check-error-1.0.3.tgz 0ms (cache hit)
6289 http cache assertion-error@https://registry.npmjs.org/assertion-error/-/assertion-error-1.1.0.tgz 0ms (cache hit)
6290 http cache v8-to-istanbul@https://registry.npmjs.org/v8-to-istanbul/-/v8-to-istanbul-9.3.0.tgz 0ms (cache hit)
6291 http cache yargs@https://registry.npmjs.org/yargs/-/yargs-17.7.3.tgz 0ms (cache hit)
6292 http cache yargs-parser@https://registry.npmjs.org/yargs-parser/-/yargs-parser-21.1.1.tgz 0ms (cache hit)
6293 http cache istanbul-reports@https://registry.npmjs.org/istanbul-reports/-/istanbul-reports-3.2.0.tgz 0ms (cache hit)
6294 http cache test-exclude@https://registry.npmjs.org/test-exclude/-/test-exclude-7.0.2.tgz 0ms (cache hit)
6295 http cache istanbul-lib-coverage@https://registry.npmjs.org/istanbul-lib-coverage/-/istanbul-lib-coverage-3.2.2.tgz 0ms (cache hit)
6296 http cache istanbul-lib-report@https://registry.npmjs.org/istanbul-lib-report/-/istanbul-lib-report-3.0.1.tgz 0ms (cache hit)
6297 http cache foreground-child@https://registry.npmjs.org/foreground-child/-/foreground-child-3.3.1.tgz 0ms (cache hit)
6298 http cache find-up@https://registry.npmjs.org/find-up/-/find-up-5.0.0.tgz 0ms (cache hit)
6299 http cache @istanbuljs/schema@https://registry.npmjs.org/@istanbuljs/schema/-/schema-0.1.6.tgz 0ms (cache hit)
6300 http cache @bcoe/v8-coverage@https://registry.npmjs.org/@bcoe/v8-coverage/-/v8-coverage-1.0.2.tgz 0ms (cache hit)
6301 http cache js-tokens@https://registry.npmjs.org/js-tokens/-/js-tokens-3.0.2.tgz 0ms (cache hit)
6302 http cache typed-rest-client@https://registry.npmjs.org/typed-rest-client/-/typed-rest-client-2.1.0.tgz 0ms (cache hit)
6303 http cache tunnel@https://registry.npmjs.org/tunnel/-/tunnel-0.0.6.tgz 0ms (cache hit)
6304 http cache parse-github-url@https://registry.npmjs.org/parse-github-url/-/parse-github-url-1.0.4.tgz 0ms (cache hit)
6305 http cache import-cwd@https://registry.npmjs.org/import-cwd/-/import-cwd-3.0.0.tgz 0ms (cache hit)
6306 http cache tmp@https://registry.npmjs.org/tmp/-/tmp-0.2.1.tgz 0ms (cache hit)
6307 http cache rimraf@https://registry.npmjs.org/rimraf/-/rimraf-3.0.2.tgz 0ms (cache hit)
6308 http cache handlebars@https://registry.npmjs.org/handlebars/-/handlebars-4.7.9.tgz 0ms (cache hit)
6309 http cache npm-lockfile@https://registry.npmjs.org/npm-lockfile/-/npm-lockfile-3.0.7.tgz 0ms (cache hit)
6310 http cache libnpx@https://registry.npmjs.org/libnpx/-/libnpx-10.2.4.tgz 0ms (cache hit)
6311 http cache colors@https://registry.npmjs.org/colors/-/colors-1.4.0.tgz 0ms (cache hit)
6312 http cache find-package-json@https://registry.npmjs.org/find-package-json/-/find-package-json-1.2.0.tgz 0ms (cache hit)
6313 http cache node-cleanup@https://registry.npmjs.org/node-cleanup/-/node-cleanup-2.1.2.tgz 0ms (cache hit)
6314 http cache sprintf-js@https://registry.npmjs.org/sprintf-js/-/sprintf-js-1.0.3.tgz 0ms (cache hit)
6315 http cache color-convert@https://registry.npmjs.org/color-convert/-/color-convert-1.9.3.tgz 0ms (cache hit)
6316 http cache source-map@https://registry.npmjs.org/source-map/-/source-map-0.6.1.tgz 0ms (cache hit)
6317 http cache uri-js@https://registry.npmjs.org/uri-js/-/uri-js-4.4.1.tgz 0ms (cache hit)
6318 http cache @octokit/openapi-types@https://registry.npmjs.org/@octokit/openapi-types/-/openapi-types-25.1.0.tgz 0ms (cache hit)
6319 http cache undici-types@https://registry.npmjs.org/undici-types/-/undici-types-8.9.0.tgz 0ms (cache hit)
6320 http cache @octokit/endpoint@https://registry.npmjs.org/@octokit/endpoint/-/endpoint-10.1.4.tgz 0ms (cache hit)
6321 http cache fast-content-type-parse@https://registry.npmjs.org/fast-content-type-parse/-/fast-content-type-parse-2.0.1.tgz 0ms (cache hit)
6322 http cache @octokit/types@https://registry.npmjs.org/@octokit/types/-/types-14.1.0.tgz 0ms (cache hit)
6323 http cache before-after-hook@https://registry.npmjs.org/before-after-hook/-/before-after-hook-3.0.2.tgz 0ms (cache hit)
6324 http cache universal-user-agent@https://registry.npmjs.org/universal-user-agent/-/universal-user-agent-7.0.3.tgz 1ms (cache hit)
6325 http cache @octokit/request@https://registry.npmjs.org/@octokit/request/-/request-9.2.4.tgz 0ms (cache hit)
6326 http cache @octokit/request-error@https://registry.npmjs.org/@octokit/request-error/-/request-error-6.1.8.tgz 0ms (cache hit)
6327 http cache @octokit/graphql@https://registry.npmjs.org/@octokit/graphql/-/graphql-8.2.2.tgz 0ms (cache hit)
6328 http cache @octokit/auth-token@https://registry.npmjs.org/@octokit/auth-token/-/auth-token-5.1.2.tgz 0ms (cache hit)
6329 http cache @octokit/plugin-rest-endpoint-methods@https://registry.npmjs.org/@octokit/plugin-rest-endpoint-methods/-/plugin-rest-endpoint-methods-13.5.0.tgz 0ms (cache hit)
6330 http cache @octokit/plugin-request-log@https://registry.npmjs.org/@octokit/plugin-request-log/-/plugin-request-log-5.3.1.tgz 0ms (cache hit)
6331 http cache @octokit/plugin-paginate-rest@https://registry.npmjs.org/@octokit/plugin-paginate-rest/-/plugin-paginate-rest-11.6.0.tgz 0ms (cache hit)
6332 http cache tslib@https://registry.npmjs.org/tslib/-/tslib-2.8.1.tgz 0ms (cache hit)
6333 http cache @octokit/core@https://registry.npmjs.org/@octokit/core/-/core-6.1.6.tgz 0ms (cache hit)
6334 http cache @humanwhocodes/object-schema@https://registry.npmjs.org/@humanwhocodes/object-schema/-/object-schema-1.2.1.tgz 0ms (cache hit)
6335 http cache @esfx/disposable@https://registry.npmjs.org/@esfx/disposable/-/disposable-1.0.0.tgz 0ms (cache hit)
6336 http cache @esfx/cancelable@https://registry.npmjs.org/@esfx/cancelable/-/cancelable-1.0.0.tgz 0ms (cache hit)
6337 http cache @esbuild/linux-x64@https://registry.npmjs.org/@esbuild/linux-x64/-/linux-x64-0.25.12.tgz 0ms (cache hit)
6338 http cache isexe@https://registry.npmjs.org/isexe/-/isexe-2.0.0.tgz 0ms (cache hit)
6339 http cache ansi-regex@https://registry.npmjs.org/ansi-regex/-/ansi-regex-3.0.1.tgz 0ms (cache hit)
6340 http cache word-wrap@https://registry.npmjs.org/word-wrap/-/word-wrap-1.2.5.tgz 0ms (cache hit)
6341 http cache deep-is@https://registry.npmjs.org/deep-is/-/deep-is-0.1.4.tgz 0ms (cache hit)
6342 http cache fast-levenshtein@https://registry.npmjs.org/fast-levenshtein/-/fast-levenshtein-2.0.6.tgz 0ms (cache hit)
6343 http cache he@https://registry.npmjs.org/he/-/he-1.1.1.tgz 0ms (cache hit)
6344 http cache browser-stdout@https://registry.npmjs.org/browser-stdout/-/browser-stdout-1.3.0.tgz 0ms (cache hit)
6345 http cache growl@https://registry.npmjs.org/growl/-/growl-1.10.3.tgz 0ms (cache hit)
6346 http cache commander@https://registry.npmjs.org/commander/-/commander-2.11.0.tgz 0ms (cache hit)
6347 http cache type-check@https://registry.npmjs.org/type-check/-/type-check-0.3.2.tgz 0ms (cache hit)
6348 http cache prelude-ls@https://registry.npmjs.org/prelude-ls/-/prelude-ls-1.1.2.tgz 0ms (cache hit)
6349 http cache argparse@https://registry.npmjs.org/argparse/-/argparse-1.0.10.tgz 0ms (cache hit)
6350 http cache esprima@https://registry.npmjs.org/esprima/-/esprima-4.0.1.tgz 0ms (cache hit)
6351 http cache path-is-absolute@https://registry.npmjs.org/path-is-absolute/-/path-is-absolute-1.0.1.tgz 0ms (cache hit)
6352 http cache inherits@https://registry.npmjs.org/inherits/-/inherits-2.0.4.tgz 0ms (cache hit)
6353 http cache once@https://registry.npmjs.org/once/-/once-1.4.0.tgz 0ms (cache hit)
6354 http cache inflight@https://registry.npmjs.org/inflight/-/inflight-1.0.6.tgz 0ms (cache hit)
6355 http cache fs.realpath@https://registry.npmjs.org/fs.realpath/-/fs.realpath-1.0.0.tgz 0ms (cache hit)
6356 http cache object-assign@https://registry.npmjs.org/object-assign/-/object-assign-4.1.1.tgz 0ms (cache hit)
6357 http cache flat-cache@https://registry.npmjs.org/flat-cache/-/flat-cache-1.3.4.tgz 0ms (cache hit)
6358 http cache estraverse@https://registry.npmjs.org/estraverse/-/estraverse-4.3.0.tgz 0ms (cache hit)
6359 http cache acorn-jsx@https://registry.npmjs.org/acorn-jsx/-/acorn-jsx-3.0.1.tgz 0ms (cache hit)
6360 http cache acorn@https://registry.npmjs.org/acorn/-/acorn-5.7.4.tgz 0ms (cache hit)
6361 http cache shebang-command@https://registry.npmjs.org/shebang-command/-/shebang-command-1.2.0.tgz 0ms (cache hit)
6362 http cache esrecurse@https://registry.npmjs.org/esrecurse/-/esrecurse-4.3.0.tgz 0ms (cache hit)
6363 http cache lru-cache@https://registry.npmjs.org/lru-cache/-/lru-cache-4.1.5.tgz 0ms (cache hit)
6364 http cache ansi-styles@https://registry.npmjs.org/ansi-styles/-/ansi-styles-3.2.1.tgz 0ms (cache hit)
6365 http cache supports-color@https://registry.npmjs.org/supports-color/-/supports-color-5.5.0.tgz 0ms (cache hit)
6366 http cache json-schema-traverse@https://registry.npmjs.org/json-schema-traverse/-/json-schema-traverse-0.3.1.tgz 0ms (cache hit)
6367 http cache co@https://registry.npmjs.org/co/-/co-4.6.0.tgz 0ms (cache hit)
6368 http cache fast-json-stable-stringify@https://registry.npmjs.org/fast-json-stable-stringify/-/fast-json-stable-stringify-2.1.0.tgz 0ms (cache hit)
6369 http cache semver@https://registry.npmjs.org/semver/-/semver-5.7.2.tgz 0ms (cache hit)
6370 http cache table@https://registry.npmjs.org/table/-/table-4.0.2.tgz 0ms (cache hit)
6371 http cache progress@https://registry.npmjs.org/progress/-/progress-2.0.3.tgz 0ms (cache hit)
6372 http cache pluralize@https://registry.npmjs.org/pluralize/-/pluralize-7.0.0.tgz 0ms (cache hit)
6373 http cache require-uncached@https://registry.npmjs.org/require-uncached/-/require-uncached-1.0.3.tgz 0ms (cache hit)
6374 http cache path-is-inside@https://registry.npmjs.org/path-is-inside/-/path-is-inside-1.0.2.tgz 0ms (cache hit)
6375 http cache lodash@https://registry.npmjs.org/lodash/-/lodash-4.18.1.tgz 0ms (cache hit)
6376 http cache mkdirp@https://registry.npmjs.org/mkdirp/-/mkdirp-0.5.6.tgz 0ms (cache hit)
6377 http cache is-resolvable@https://registry.npmjs.org/is-resolvable/-/is-resolvable-1.1.0.tgz 0ms (cache hit)
6378 http cache concat-stream@https://registry.npmjs.org/concat-stream/-/concat-stream-1.6.2.tgz 0ms (cache hit)
6379 http cache inquirer@https://registry.npmjs.org/inquirer/-/inquirer-3.3.0.tgz 0ms (cache hit)
6380 http cache type-fest@https://registry.npmjs.org/type-fest/-/type-fest-0.20.2.tgz 0ms (cache hit)
6381 http cache v8-compile-cache@https://registry.npmjs.org/v8-compile-cache/-/v8-compile-cache-2.4.0.tgz 0ms (cache hit)
6382 http cache babel-code-frame@https://registry.npmjs.org/babel-code-frame/-/babel-code-frame-6.26.0.tgz 0ms (cache hit)
6383 http cache text-table@https://registry.npmjs.org/text-table/-/text-table-0.2.0.tgz 0ms (cache hit)
6384 http cache strip-ansi@https://registry.npmjs.org/strip-ansi/-/strip-ansi-6.0.1.tgz 0ms (cache hit)
6385 http cache strip-json-comments@https://registry.npmjs.org/strip-json-comments/-/strip-json-comments-3.1.1.tgz 0ms (cache hit)
6386 http cache regexpp@https://registry.npmjs.org/regexpp/-/regexpp-3.2.0.tgz 0ms (cache hit)
6387 http cache optionator@https://registry.npmjs.org/optionator/-/optionator-0.9.4.tgz 0ms (cache hit)
6388 http cache natural-compare@https://registry.npmjs.org/natural-compare/-/natural-compare-1.4.0.tgz 0ms (cache hit)
6389 http cache minimatch@https://registry.npmjs.org/minimatch/-/minimatch-3.1.5.tgz 0ms (cache hit)
6390 http cache lodash.merge@https://registry.npmjs.org/lodash.merge/-/lodash.merge-4.6.2.tgz 0ms (cache hit)
6391 http cache levn@https://registry.npmjs.org/levn/-/levn-0.4.1.tgz 0ms (cache hit)
6392 http cache json-stable-stringify-without-jsonify@https://registry.npmjs.org/json-stable-stringify-without-jsonify/-/json-stable-stringify-without-jsonify-1.0.1.tgz 0ms (cache hit)
6393 http cache js-yaml@https://registry.npmjs.org/js-yaml/-/js-yaml-4.3.2.tgz 0ms (cache hit)
6394 http cache is-glob@https://registry.npmjs.org/is-glob/-/is-glob-4.0.3.tgz 0ms (cache hit)
6395 http cache imurmurhash@https://registry.npmjs.org/imurmurhash/-/imurmurhash-0.1.4.tgz 0ms (cache hit)
6396 http cache import-fresh@https://registry.npmjs.org/import-fresh/-/import-fresh-3.3.1.tgz 0ms (cache hit)
6397 http cache ignore@https://registry.npmjs.org/ignore/-/ignore-5.3.2.tgz 0ms (cache hit)
6398 http cache glob-parent@https://registry.npmjs.org/glob-parent/-/glob-parent-6.0.2.tgz 0ms (cache hit)
6399 http cache file-entry-cache@https://registry.npmjs.org/file-entry-cache/-/file-entry-cache-6.0.1.tgz 0ms (cache hit)
6400 http cache functional-red-black-tree@https://registry.npmjs.org/functional-red-black-tree/-/functional-red-black-tree-1.0.1.tgz 0ms (cache hit)
6401 http cache fast-deep-equal@https://registry.npmjs.org/fast-deep-equal/-/fast-deep-equal-3.1.3.tgz 0ms (cache hit)
6402 http cache esutils@https://registry.npmjs.org/esutils/-/esutils-2.0.3.tgz 0ms (cache hit)
6403 http cache espree@https://registry.npmjs.org/espree/-/espree-9.6.1.tgz 0ms (cache hit)
6404 http cache esquery@https://registry.npmjs.org/esquery/-/esquery-1.7.0.tgz 0ms (cache hit)
6405 http cache eslint-visitor-keys@https://registry.npmjs.org/eslint-visitor-keys/-/eslint-visitor-keys-3.4.3.tgz 0ms (cache hit)
6406 http cache eslint-scope@https://registry.npmjs.org/eslint-scope/-/eslint-scope-7.2.2.tgz 0ms (cache hit)
6407 http cache escape-string-regexp@https://registry.npmjs.org/escape-string-regexp/-/escape-string-regexp-4.0.0.tgz 0ms (cache hit)
6408 http cache debug@https://registry.npmjs.org/debug/-/debug-4.4.3.tgz 0ms (cache hit)
6409 http cache cross-spawn@https://registry.npmjs.org/cross-spawn/-/cross-spawn-7.0.6.tgz 0ms (cache hit)
6410 http cache doctrine@https://registry.npmjs.org/doctrine/-/doctrine-3.0.0.tgz 0ms (cache hit)
6411 http cache ajv@https://registry.npmjs.org/ajv/-/ajv-6.15.0.tgz 0ms (cache hit)
6412 http cache chalk@https://registry.npmjs.org/chalk/-/chalk-4.1.2.tgz 0ms (cache hit)
6413 http cache @humanwhocodes/config-array@https://registry.npmjs.org/@humanwhocodes/config-array/-/config-array-0.9.5.tgz 0ms (cache hit)
6414 http cache @eslint/eslintrc@https://registry.npmjs.org/@eslint/eslintrc/-/eslintrc-2.1.4.tgz 0ms (cache hit)
6415 http cache expect.js@https://registry.npmjs.org/expect.js/-/expect.js-0.3.1.tgz 0ms (cache hit)
6416 http cache lint-staged@https://registry.npmjs.org/lint-staged/-/lint-staged-5.0.0.tgz 0ms (cache hit)
6417 http cache husky@https://registry.npmjs.org/husky/-/husky-0.14.3.tgz 0ms (cache hit)
6418 http cache prettier@https://registry.npmjs.org/prettier/-/prettier-2.0.5.tgz 0ms (cache hit)
6419 http cache tape@https://registry.npmjs.org/tape/-/tape-5.10.2.tgz 0ms (cache hit)
6420 http cache in-publish@https://registry.npmjs.org/in-publish/-/in-publish-2.0.1.tgz 0ms (cache hit)
6421 http cache npmignore@https://registry.npmjs.org/npmignore/-/npmignore-0.3.5.tgz 0ms (cache hit)
6422 http cache safe-publish-latest@https://registry.npmjs.org/safe-publish-latest/-/safe-publish-latest-2.0.0.tgz 0ms (cache hit)
6423 http cache auto-changelog@https://registry.npmjs.org/auto-changelog/-/auto-changelog-2.7.0.tgz 0ms (cache hit)
6424 http cache aud@https://registry.npmjs.org/aud/-/aud-2.0.5.tgz 0ms (cache hit)
6425 http cache which@https://registry.npmjs.org/which/-/which-3.0.1.tgz 0ms (cache hit)
6426 http cache source-map-support@https://registry.npmjs.org/source-map-support/-/source-map-support-0.5.21.tgz 0ms (cache hit)
6427 http cache playwright@https://registry.npmjs.org/playwright/-/playwright-1.63.0.tgz 0ms (cache hit)
6428 http cache monocart-coverage-reports@https://registry.npmjs.org/monocart-coverage-reports/-/monocart-coverage-reports-2.13.0.tgz 0ms (cache hit)
6429 http cache mocha-fivemat-progress-reporter@https://registry.npmjs.org/mocha-fivemat-progress-reporter/-/mocha-fivemat-progress-reporter-0.1.0.tgz 0ms (cache hit)
6430 http cache mocha@https://registry.npmjs.org/mocha/-/mocha-10.8.2.tgz 0ms (cache hit)
6431 http cache hereby@https://registry.npmjs.org/hereby/-/hereby-1.15.2.tgz 0ms (cache hit)
6432 http cache glob@https://registry.npmjs.org/glob/-/glob-10.5.0.tgz 0ms (cache hit)
6433 http cache globals@https://registry.npmjs.org/globals/-/globals-15.15.0.tgz 0ms (cache hit)
6434 http cache fast-xml-parser@https://registry.npmjs.org/fast-xml-parser/-/fast-xml-parser-4.5.7.tgz 0ms (cache hit)
6435 http cache eslint-formatter-autolinkable-stylish@https://registry.npmjs.org/eslint-formatter-autolinkable-stylish/-/eslint-formatter-autolinkable-stylish-1.4.0.tgz 0ms (cache hit)
6436 http cache eslint@https://registry.npmjs.org/eslint/-/eslint-9.39.5.tgz 0ms (cache hit)
6437 http cache diff@https://registry.npmjs.org/diff/-/diff-7.0.0.tgz 0ms (cache hit)
6438 http cache jsonc-parser@https://registry.npmjs.org/jsonc-parser/-/jsonc-parser-3.3.1.tgz 0ms (cache hit)
6439 http cache dprint@https://registry.npmjs.org/dprint/-/dprint-0.49.1.tgz 0ms (cache hit)
6440 http cache chai@https://registry.npmjs.org/chai/-/chai-4.5.0.tgz 0ms (cache hit)
6441 http cache chokidar@https://registry.npmjs.org/chokidar/-/chokidar-4.0.3.tgz 0ms (cache hit)
6442 http cache c8@https://registry.npmjs.org/c8/-/c8-10.1.3.tgz 0ms (cache hit)
6443 http cache @types/which@https://registry.npmjs.org/@types/which/-/which-3.0.4.tgz 0ms (cache hit)
6444 http cache azure-devops-node-api@https://registry.npmjs.org/azure-devops-node-api/-/azure-devops-node-api-14.1.0.tgz 0ms (cache hit)
6445 http cache @types/source-map-support@https://registry.npmjs.org/@types/source-map-support/-/source-map-support-0.5.10.tgz 0ms (cache hit)
6446 http cache @types/ms@https://registry.npmjs.org/@types/ms/-/ms-0.7.34.tgz 0ms (cache hit)
6447 http cache @types/node@https://registry.npmjs.org/@types/node/-/node-26.6.4.tgz 0ms (cache hit)
6448 http cache @types/mocha@https://registry.npmjs.org/@types/mocha/-/mocha-10.0.10.tgz 0ms (cache hit)
6449 http cache @types/diff@https://registry.npmjs.org/@types/diff/-/diff-7.0.2.tgz 0ms (cache hit)
6450 http cache @types/minimist@https://registry.npmjs.org/@types/minimist/-/minimist-1.2.5.tgz 0ms (cache hit)
6451 http cache @types/chai@https://registry.npmjs.org/@types/chai/-/chai-4.3.20.tgz 0ms (cache hit)
6452 http cache @octokit/rest@https://registry.npmjs.org/@octokit/rest/-/rest-21.1.1.tgz 0ms (cache hit)
6453 http cache @eslint/js@https://registry.npmjs.org/@eslint/js/-/js-9.39.5.tgz 0ms (cache hit)
6454 http cache @esfx/canceltoken@https://registry.npmjs.org/@esfx/canceltoken/-/canceltoken-1.0.0.tgz 0ms (cache hit)
6455 http cache playwright-core@https://registry.npmjs.org/playwright-core/-/playwright-core-1.63.0.tgz 0ms (cache hit)
6456 http cache @dprint/typescript@https://registry.npmjs.org/@dprint/typescript/-/typescript-0.93.4.tgz 0ms (cache hit)
6457 http cache @dprint/formatter@https://registry.npmjs.org/@dprint/formatter/-/formatter-0.4.1.tgz 0ms (cache hit)
6458 http cache normalize-path@https://registry.npmjs.org/normalize-path/-/normalize-path-3.0.0.tgz 0ms (cache hit)
6459 http cache picomatch@https://registry.npmjs.org/picomatch/-/picomatch-2.3.2.tgz 0ms (cache hit)
6460 http cache indent-string@https://registry.npmjs.org/indent-string/-/indent-string-4.0.0.tgz 0ms (cache hit)
6461 http cache walk-up-path@https://registry.npmjs.org/walk-up-path/-/walk-up-path-4.0.0.tgz 0ms (cache hit)
6462 http cache ansi-regex@https://registry.npmjs.org/ansi-regex/-/ansi-regex-2.1.1.tgz 0ms (cache hit)
6463 http cache color-convert@https://registry.npmjs.org/color-convert/-/color-convert-2.0.1.tgz 0ms (cache hit)
6464 http cache glob-parent@https://registry.npmjs.org/glob-parent/-/glob-parent-5.1.2.tgz 0ms (cache hit)
6465 http cache picomatch@https://registry.npmjs.org/picomatch/-/picomatch-2.3.2.tgz 0ms (cache hit)
6466 http cache eslint-visitor-keys@https://registry.npmjs.org/eslint-visitor-keys/-/eslint-visitor-keys-5.0.1.tgz 0ms (cache hit)
6467 http cache color-name@https://registry.npmjs.org/color-name/-/color-name-1.1.4.tgz 0ms (cache hit)
6468 http cache is-fullwidth-code-point@https://registry.npmjs.org/is-fullwidth-code-point/-/is-fullwidth-code-point-3.0.0.tgz 0ms (cache hit)
6469 http cache ansi-styles@https://registry.npmjs.org/ansi-styles/-/ansi-styles-4.3.0.tgz 0ms (cache hit)
6470 http cache strip-json-comments@https://registry.npmjs.org/strip-json-comments/-/strip-json-comments-2.0.1.tgz 0ms (cache hit)
6471 http cache wrap-ansi@https://registry.npmjs.org/wrap-ansi/-/wrap-ansi-7.0.0.tgz 0ms (cache hit)
6472 http cache string-width@https://registry.npmjs.org/string-width/-/string-width-4.2.3.tgz 0ms (cache hit)
6473 http cache which@https://registry.npmjs.org/which/-/which-1.3.1.tgz 0ms (cache hit)
6474 http cache signal-exit@https://registry.npmjs.org/signal-exit/-/signal-exit-3.0.7.tgz 0ms (cache hit)
6475 http cache cross-spawn@https://registry.npmjs.org/cross-spawn/-/cross-spawn-5.1.0.tgz 0ms (cache hit)
6476 http cache execa@https://registry.npmjs.org/execa/-/execa-0.7.0.tgz 0ms (cache hit)
6477 http cache signal-exit@https://registry.npmjs.org/signal-exit/-/signal-exit-3.0.7.tgz 0ms (cache hit)
6478 http cache make-dir@https://registry.npmjs.org/make-dir/-/make-dir-1.3.0.tgz 0ms (cache hit)
6479 http cache write-file-atomic@https://registry.npmjs.org/write-file-atomic/-/write-file-atomic-2.4.3.tgz 0ms (cache hit)
6480 http cache chalk@https://registry.npmjs.org/chalk/-/chalk-2.4.2.tgz 0ms (cache hit)
6481 http cache isarray@https://registry.npmjs.org/isarray/-/isarray-2.0.5.tgz 0ms (cache hit)
6482 http cache escape-string-regexp@https://registry.npmjs.org/escape-string-regexp/-/escape-string-regexp-1.0.5.tgz 0ms (cache hit)
6483 http cache isarray@https://registry.npmjs.org/isarray/-/isarray-2.0.5.tgz 0ms (cache hit)
6484 http cache semver@https://registry.npmjs.org/semver/-/semver-6.3.1.tgz 0ms (cache hit)
6485 http cache isarray@https://registry.npmjs.org/isarray/-/isarray-2.0.5.tgz 0ms (cache hit)
6486 http cache isarray@https://registry.npmjs.org/isarray/-/isarray-2.0.5.tgz 0ms (cache hit)
6487 http cache isarray@https://registry.npmjs.org/isarray/-/isarray-2.0.5.tgz 0ms (cache hit)
6488 http cache callsites@https://registry.npmjs.org/callsites/-/callsites-0.2.0.tgz 0ms (cache hit)
6489 http cache isarray@https://registry.npmjs.org/isarray/-/isarray-2.0.5.tgz 0ms (cache hit)
6490 http cache lru-cache@https://registry.npmjs.org/lru-cache/-/lru-cache-7.18.3.tgz 0ms (cache hit)
6491 http cache semver@https://registry.npmjs.org/semver/-/semver-7.8.5.tgz 0ms (cache hit)
6492 http cache safe-buffer@https://registry.npmjs.org/safe-buffer/-/safe-buffer-5.1.2.tgz 0ms (cache hit)
6493 http cache hosted-git-info@https://registry.npmjs.org/hosted-git-info/-/hosted-git-info-5.2.1.tgz 0ms (cache hit)
6494 http cache brace-expansion@https://registry.npmjs.org/brace-expansion/-/brace-expansion-2.1.7.tgz 0ms (cache hit)
6495 http cache minimatch@https://registry.npmjs.org/minimatch/-/minimatch-5.1.9.tgz 0ms (cache hit)
6496 http cache brace-expansion@https://registry.npmjs.org/brace-expansion/-/brace-expansion-2.1.7.tgz 0ms (cache hit)
6497 http cache npm-normalize-package-bin@https://registry.npmjs.org/npm-normalize-package-bin/-/npm-normalize-package-bin-2.0.0.tgz 0ms (cache hit)
6498 http cache minimatch@https://registry.npmjs.org/minimatch/-/minimatch-5.1.9.tgz 0ms (cache hit)
6499 http cache brace-expansion@https://registry.npmjs.org/brace-expansion/-/brace-expansion-2.1.7.tgz 0ms (cache hit)
6500 http cache minimatch@https://registry.npmjs.org/minimatch/-/minimatch-5.1.9.tgz 0ms (cache hit)
6501 http cache npm-bundled@https://registry.npmjs.org/npm-bundled/-/npm-bundled-2.0.1.tgz 0ms (cache hit)
6502 http cache glob@https://registry.npmjs.org/glob/-/glob-8.1.0.tgz 0ms (cache hit)
6503 http cache npm-normalize-package-bin@https://registry.npmjs.org/npm-normalize-package-bin/-/npm-normalize-package-bin-2.0.0.tgz 0ms (cache hit)
6504 http cache glob@https://registry.npmjs.org/glob/-/glob-8.1.0.tgz 0ms (cache hit)
6505 http cache semver@https://registry.npmjs.org/semver/-/semver-7.8.5.tgz 0ms (cache hit)
6506 http cache lru-cache@https://registry.npmjs.org/lru-cache/-/lru-cache-7.18.3.tgz 0ms (cache hit)
6507 http cache mkdirp@https://registry.npmjs.org/mkdirp/-/mkdirp-1.0.4.tgz 0ms (cache hit)
6508 http cache which@https://registry.npmjs.org/which/-/which-2.0.2.tgz 0ms (cache hit)
6509 http cache string-width@https://registry.npmjs.org/string-width/-/string-width-4.2.3.tgz 0ms (cache hit)
6510 http cache is-fullwidth-code-point@https://registry.npmjs.org/is-fullwidth-code-point/-/is-fullwidth-code-point-3.0.0.tgz 0ms (cache hit)
6511 http cache which@https://registry.npmjs.org/which/-/which-1.3.1.tgz 0ms (cache hit)
6512 http cache readable-stream@https://registry.npmjs.org/readable-stream/-/readable-stream-3.6.2.tgz 0ms (cache hit)
6513 http cache signal-exit@https://registry.npmjs.org/signal-exit/-/signal-exit-3.0.7.tgz 0ms (cache hit)
6514 http cache yallist@https://registry.npmjs.org/yallist/-/yallist-4.0.0.tgz 0ms (cache hit)
6515 http cache yallist@https://registry.npmjs.org/yallist/-/yallist-4.0.0.tgz 0ms (cache hit)
6516 http cache minipass@https://registry.npmjs.org/minipass/-/minipass-3.3.6.tgz 0ms (cache hit)
6517 http cache minipass@https://registry.npmjs.org/minipass/-/minipass-3.3.6.tgz 0ms (cache hit)
6518 http cache yallist@https://registry.npmjs.org/yallist/-/yallist-4.0.0.tgz 0ms (cache hit)
6519 http cache iconv-lite@https://registry.npmjs.org/iconv-lite/-/iconv-lite-0.6.3.tgz 0ms (cache hit)
6520 http cache minipass@https://registry.npmjs.org/minipass/-/minipass-3.3.6.tgz 0ms (cache hit)
6521 http cache minipass@https://registry.npmjs.org/minipass/-/minipass-3.3.6.tgz 0ms (cache hit)
6522 http cache yallist@https://registry.npmjs.org/yallist/-/yallist-4.0.0.tgz 0ms (cache hit)
6523 http cache yallist@https://registry.npmjs.org/yallist/-/yallist-4.0.0.tgz 0ms (cache hit)
6524 http cache unique-slug@https://registry.npmjs.org/unique-slug/-/unique-slug-2.0.2.tgz 0ms (cache hit)
6525 http cache semver@https://registry.npmjs.org/semver/-/semver-7.8.5.tgz 0ms (cache hit)
6526 http cache unique-filename@https://registry.npmjs.org/unique-filename/-/unique-filename-1.1.1.tgz 1ms (cache hit)
6527 http cache p-map@https://registry.npmjs.org/p-map/-/p-map-4.0.0.tgz 0ms (cache hit)
6528 http cache mkdirp@https://registry.npmjs.org/mkdirp/-/mkdirp-1.0.4.tgz 0ms (cache hit)
6529 http cache glob@https://registry.npmjs.org/glob/-/glob-7.2.3.tgz 0ms (cache hit)
6530 http cache @npmcli/move-file@https://registry.npmjs.org/@npmcli/move-file/-/move-file-1.1.2.tgz 0ms (cache hit)
6531 http cache @npmcli/fs@https://registry.npmjs.org/@npmcli/fs/-/fs-1.1.1.tgz 0ms (cache hit)
6532 http cache minipass@https://registry.npmjs.org/minipass/-/minipass-3.3.6.tgz 0ms (cache hit)
6533 http cache cacache@https://registry.npmjs.org/cacache/-/cacache-15.3.0.tgz 0ms (cache hit)
6534 http cache ssri@https://registry.npmjs.org/ssri/-/ssri-8.0.1.tgz 0ms (cache hit)
6535 http cache mkdirp@https://registry.npmjs.org/mkdirp/-/mkdirp-1.0.4.tgz 0ms (cache hit)
6536 http cache yallist@https://registry.npmjs.org/yallist/-/yallist-4.0.0.tgz 0ms (cache hit)
6537 http cache lru-cache@https://registry.npmjs.org/lru-cache/-/lru-cache-6.0.0.tgz 0ms (cache hit)
6538 http cache minipass@https://registry.npmjs.org/minipass/-/minipass-5.0.0.tgz 0ms (cache hit)
6539 http cache minipass@https://registry.npmjs.org/minipass/-/minipass-3.3.6.tgz 0ms (cache hit)
6540 http cache yallist@https://registry.npmjs.org/yallist/-/yallist-4.0.0.tgz 0ms (cache hit)
6541 http cache minipass@https://registry.npmjs.org/minipass/-/minipass-3.3.6.tgz 0ms (cache hit)
6542 http cache yallist@https://registry.npmjs.org/yallist/-/yallist-4.0.0.tgz 0ms (cache hit)
6543 http cache yallist@https://registry.npmjs.org/yallist/-/yallist-4.0.0.tgz 0ms (cache hit)
6544 http cache minipass@https://registry.npmjs.org/minipass/-/minipass-3.3.6.tgz 0ms (cache hit)
6545 http cache signal-exit@https://registry.npmjs.org/signal-exit/-/signal-exit-3.0.7.tgz 0ms (cache hit)
6546 http cache yallist@https://registry.npmjs.org/yallist/-/yallist-4.0.0.tgz 0ms (cache hit)
6547 http cache minipass@https://registry.npmjs.org/minipass/-/minipass-3.3.6.tgz 0ms (cache hit)
6548 http cache semver@https://registry.npmjs.org/semver/-/semver-7.8.5.tgz 0ms (cache hit)
6549 http cache which@https://registry.npmjs.org/which/-/which-2.0.2.tgz 0ms (cache hit)
6550 http cache semver@https://registry.npmjs.org/semver/-/semver-7.8.5.tgz 0ms (cache hit)
6551 http cache minipass@https://registry.npmjs.org/minipass/-/minipass-3.3.6.tgz 0ms (cache hit)
6552 http cache glob@https://registry.npmjs.org/glob/-/glob-7.2.3.tgz 0ms (cache hit)
6553 http cache yallist@https://registry.npmjs.org/yallist/-/yallist-4.0.0.tgz 0ms (cache hit)
6554 http cache validate-npm-package-name@https://registry.npmjs.org/validate-npm-package-name/-/validate-npm-package-name-4.0.0.tgz 0ms (cache hit)
6555 http cache builtins@https://registry.npmjs.org/builtins/-/builtins-5.1.0.tgz 0ms (cache hit)
6556 http cache semver@https://registry.npmjs.org/semver/-/semver-7.8.5.tgz 0ms (cache hit)
6557 http cache yallist@https://registry.npmjs.org/yallist/-/yallist-4.0.0.tgz 0ms (cache hit)
6558 http cache hosted-git-info@https://registry.npmjs.org/hosted-git-info/-/hosted-git-info-5.2.1.tgz 0ms (cache hit)
6559 http cache socks-proxy-agent@https://registry.npmjs.org/socks-proxy-agent/-/socks-proxy-agent-7.0.0.tgz 0ms (cache hit)
6560 http cache @tootallnate/once@https://registry.npmjs.org/@tootallnate/once/-/once-2.0.1.tgz 0ms (cache hit)
6561 http cache lru-cache@https://registry.npmjs.org/lru-cache/-/lru-cache-7.18.3.tgz 0ms (cache hit)
6562 http cache http-proxy-agent@https://registry.npmjs.org/http-proxy-agent/-/http-proxy-agent-5.0.0.tgz 0ms (cache hit)
6563 http cache minipass@https://registry.npmjs.org/minipass/-/minipass-3.3.6.tgz 0ms (cache hit)
6564 http cache npm-package-arg@https://registry.npmjs.org/npm-package-arg/-/npm-package-arg-9.1.2.tgz 0ms (cache hit)
6565 http cache minipass-fetch@https://registry.npmjs.org/minipass-fetch/-/minipass-fetch-2.1.2.tgz 0ms (cache hit)
6566 http cache builtins@https://registry.npmjs.org/builtins/-/builtins-5.1.0.tgz 0ms (cache hit)
6567 http cache make-fetch-happen@https://registry.npmjs.org/make-fetch-happen/-/make-fetch-happen-10.2.1.tgz 0ms (cache hit)
6568 http cache lru-cache@https://registry.npmjs.org/lru-cache/-/lru-cache-7.18.3.tgz 0ms (cache hit)
6569 http cache validate-npm-package-name@https://registry.npmjs.org/validate-npm-package-name/-/validate-npm-package-name-4.0.0.tgz 0ms (cache hit)
6570 http cache hosted-git-info@https://registry.npmjs.org/hosted-git-info/-/hosted-git-info-5.2.1.tgz 0ms (cache hit)
6571 http cache npm-package-arg@https://registry.npmjs.org/npm-package-arg/-/npm-package-arg-9.1.2.tgz 0ms (cache hit)
6572 http cache semver@https://registry.npmjs.org/semver/-/semver-7.8.5.tgz 0ms (cache hit)
6573 http cache semver@https://registry.npmjs.org/semver/-/semver-7.8.5.tgz 0ms (cache hit)
6574 http cache npm-normalize-package-bin@https://registry.npmjs.org/npm-normalize-package-bin/-/npm-normalize-package-bin-2.0.0.tgz 0ms (cache hit)
6575 http cache brace-expansion@https://registry.npmjs.org/brace-expansion/-/brace-expansion-2.1.7.tgz 0ms (cache hit)
6576 http cache mkdirp@https://registry.npmjs.org/mkdirp/-/mkdirp-1.0.4.tgz 0ms (cache hit)
6577 http cache yallist@https://registry.npmjs.org/yallist/-/yallist-4.0.0.tgz 0ms (cache hit)
6578 http cache p-map@https://registry.npmjs.org/p-map/-/p-map-4.0.0.tgz 0ms (cache hit)
6579 http cache mkdirp@https://registry.npmjs.org/mkdirp/-/mkdirp-1.0.4.tgz 0ms (cache hit)
6580 http cache minipass@https://registry.npmjs.org/minipass/-/minipass-3.3.6.tgz 0ms (cache hit)
6581 http cache minimatch@https://registry.npmjs.org/minimatch/-/minimatch-5.1.9.tgz 0ms (cache hit)
6582 http cache lru-cache@https://registry.npmjs.org/lru-cache/-/lru-cache-7.18.3.tgz 0ms (cache hit)
6583 http cache npm-normalize-package-bin@https://registry.npmjs.org/npm-normalize-package-bin/-/npm-normalize-package-bin-2.0.0.tgz 0ms (cache hit)
6584 http cache glob@https://registry.npmjs.org/glob/-/glob-8.1.0.tgz 0ms (cache hit)
6585 http cache mkdirp@https://registry.npmjs.org/mkdirp/-/mkdirp-1.0.4.tgz 0ms (cache hit)
6586 http cache brace-expansion@https://registry.npmjs.org/brace-expansion/-/brace-expansion-2.1.7.tgz 0ms (cache hit)
6587 http cache semver@https://registry.npmjs.org/semver/-/semver-7.8.5.tgz 0ms (cache hit)
6588 http cache glob@https://registry.npmjs.org/glob/-/glob-8.1.0.tgz 0ms (cache hit)
6589 http cache builtins@https://registry.npmjs.org/builtins/-/builtins-5.1.0.tgz 0ms (cache hit)
6590 http cache minimatch@https://registry.npmjs.org/minimatch/-/minimatch-5.1.9.tgz 0ms (cache hit)
6591 http cache lru-cache@https://registry.npmjs.org/lru-cache/-/lru-cache-7.18.3.tgz 0ms (cache hit)
6592 http cache validate-npm-package-name@https://registry.npmjs.org/validate-npm-package-name/-/validate-npm-package-name-4.0.0.tgz 0ms (cache hit)
6593 http cache semver@https://registry.npmjs.org/semver/-/semver-7.8.5.tgz 0ms (cache hit)
6594 http cache hosted-git-info@https://registry.npmjs.org/hosted-git-info/-/hosted-git-info-5.2.1.tgz 0ms (cache hit)
6595 http cache yallist@https://registry.npmjs.org/yallist/-/yallist-4.0.0.tgz 0ms (cache hit)
6596 http cache mkdirp@https://registry.npmjs.org/mkdirp/-/mkdirp-1.0.4.tgz 0ms (cache hit)
6597 http cache minipass@https://registry.npmjs.org/minipass/-/minipass-3.3.6.tgz 0ms (cache hit)
6598 http cache npm-package-arg@https://registry.npmjs.org/npm-package-arg/-/npm-package-arg-9.1.2.tgz 0ms (cache hit)
6599 http cache lru-cache@https://registry.npmjs.org/lru-cache/-/lru-cache-7.18.3.tgz 0ms (cache hit)
6600 http cache builtins@https://registry.npmjs.org/builtins/-/builtins-5.1.0.tgz 0ms (cache hit)
6601 http cache semver@https://registry.npmjs.org/semver/-/semver-7.8.5.tgz 0ms (cache hit)
6602 http cache hosted-git-info@https://registry.npmjs.org/hosted-git-info/-/hosted-git-info-5.2.1.tgz 0ms (cache hit)
6603 http cache validate-npm-package-name@https://registry.npmjs.org/validate-npm-package-name/-/validate-npm-package-name-4.0.0.tgz 0ms (cache hit)
6604 http cache npm-package-arg@https://registry.npmjs.org/npm-package-arg/-/npm-package-arg-9.1.2.tgz 0ms (cache hit)
6605 http cache mkdirp@https://registry.npmjs.org/mkdirp/-/mkdirp-1.0.4.tgz 0ms (cache hit)
6606 http cache acorn@https://registry.npmjs.org/acorn/-/acorn-8.18.0.tgz 0ms (cache hit)
6607 http cache acorn@https://registry.npmjs.org/acorn/-/acorn-8.18.0.tgz 0ms (cache hit)
6608 http cache camelcase@https://registry.npmjs.org/camelcase/-/camelcase-6.3.0.tgz 1ms (cache hit)
6609 http cache symbol-observable@https://registry.npmjs.org/symbol-observable/-/symbol-observable-1.0.1.tgz 0ms (cache hit)
6610 http cache ansi-regex@https://registry.npmjs.org/ansi-regex/-/ansi-regex-2.1.1.tgz 0ms (cache hit)
6611 http cache onetime@https://registry.npmjs.org/onetime/-/onetime-1.1.0.tgz 0ms (cache hit)
6612 http cache supports-color@https://registry.npmjs.org/supports-color/-/supports-color-2.0.0.tgz 0ms (cache hit)
6613 http cache restore-cursor@https://registry.npmjs.org/restore-cursor/-/restore-cursor-1.0.1.tgz 0ms (cache hit)
6614 http cache strip-ansi@https://registry.npmjs.org/strip-ansi/-/strip-ansi-3.0.1.tgz 0ms (cache hit)
6615 http cache ansi-styles@https://registry.npmjs.org/ansi-styles/-/ansi-styles-2.2.1.tgz 0ms (cache hit)
6616 http cache escape-string-regexp@https://registry.npmjs.org/escape-string-regexp/-/escape-string-regexp-1.0.5.tgz 0ms (cache hit)
6617 http cache cli-cursor@https://registry.npmjs.org/cli-cursor/-/cli-cursor-1.0.2.tgz 0ms (cache hit)
6618 http cache onetime@https://registry.npmjs.org/onetime/-/onetime-1.1.0.tgz 0ms (cache hit)
6619 http cache chalk@https://registry.npmjs.org/chalk/-/chalk-1.1.3.tgz 0ms (cache hit)
6620 http cache restore-cursor@https://registry.npmjs.org/restore-cursor/-/restore-cursor-1.0.1.tgz 0ms (cache hit)
6621 http cache cli-cursor@https://registry.npmjs.org/cli-cursor/-/cli-cursor-1.0.2.tgz 0ms (cache hit)
6622 http cache ansi-escapes@https://registry.npmjs.org/ansi-escapes/-/ansi-escapes-1.4.0.tgz 0ms (cache hit)
6623 http cache ansi-regex@https://registry.npmjs.org/ansi-regex/-/ansi-regex-2.1.1.tgz 0ms (cache hit)
6624 http cache onetime@https://registry.npmjs.org/onetime/-/onetime-1.1.0.tgz 0ms (cache hit)
6625 http cache strip-ansi@https://registry.npmjs.org/strip-ansi/-/strip-ansi-3.0.1.tgz 0ms (cache hit)
6626 http cache restore-cursor@https://registry.npmjs.org/restore-cursor/-/restore-cursor-1.0.1.tgz 0ms (cache hit)
6627 http cache supports-color@https://registry.npmjs.org/supports-color/-/supports-color-2.0.0.tgz 0ms (cache hit)
6628 http cache escape-string-regexp@https://registry.npmjs.org/escape-string-regexp/-/escape-string-regexp-1.0.5.tgz 0ms (cache hit)
6629 http cache ansi-styles@https://registry.npmjs.org/ansi-styles/-/ansi-styles-2.2.1.tgz 0ms (cache hit)
6630 http cache figures@https://registry.npmjs.org/figures/-/figures-1.7.0.tgz 0ms (cache hit)
6631 http cache cli-cursor@https://registry.npmjs.org/cli-cursor/-/cli-cursor-1.0.2.tgz 0ms (cache hit)
6632 http cache ansi-regex@https://registry.npmjs.org/ansi-regex/-/ansi-regex-2.1.1.tgz 0ms (cache hit)
6633 http cache chalk@https://registry.npmjs.org/chalk/-/chalk-1.1.3.tgz 0ms (cache hit)
6634 http cache supports-color@https://registry.npmjs.org/supports-color/-/supports-color-2.0.0.tgz 0ms (cache hit)
6635 http cache ansi-styles@https://registry.npmjs.org/ansi-styles/-/ansi-styles-2.2.1.tgz 0ms (cache hit)
6636 http cache escape-string-regexp@https://registry.npmjs.org/escape-string-regexp/-/escape-string-regexp-1.0.5.tgz 0ms (cache hit)
6637 http cache strip-ansi@https://registry.npmjs.org/strip-ansi/-/strip-ansi-3.0.1.tgz 0ms (cache hit)
6638 http cache indent-string@https://registry.npmjs.org/indent-string/-/indent-string-3.2.0.tgz 0ms (cache hit)
6639 http cache log-symbols@https://registry.npmjs.org/log-symbols/-/log-symbols-1.0.2.tgz 0ms (cache hit)
6640 http cache figures@https://registry.npmjs.org/figures/-/figures-1.7.0.tgz 0ms (cache hit)
6641 http cache ansi-regex@https://registry.npmjs.org/ansi-regex/-/ansi-regex-2.1.1.tgz 0ms (cache hit)
6642 http cache chalk@https://registry.npmjs.org/chalk/-/chalk-1.1.3.tgz 0ms (cache hit)
6643 http cache strip-ansi@https://registry.npmjs.org/strip-ansi/-/strip-ansi-3.0.1.tgz 0ms (cache hit)
6644 http cache string-width@https://registry.npmjs.org/string-width/-/string-width-1.0.2.tgz 0ms (cache hit)
6645 http cache is-fullwidth-code-point@https://registry.npmjs.org/is-fullwidth-code-point/-/is-fullwidth-code-point-1.0.0.tgz 0ms (cache hit)
6646 http cache escape-string-regexp@https://registry.npmjs.org/escape-string-regexp/-/escape-string-regexp-1.0.5.tgz 0ms (cache hit)
6647 http cache path-key@https://registry.npmjs.org/path-key/-/path-key-2.0.1.tgz 0ms (cache hit)
6648 http cache ansi-regex@https://registry.npmjs.org/ansi-regex/-/ansi-regex-2.1.1.tgz 0ms (cache hit)
6649 http cache which@https://registry.npmjs.org/which/-/which-1.3.1.tgz 0ms (cache hit)
6650 http cache supports-color@https://registry.npmjs.org/supports-color/-/supports-color-2.0.0.tgz 0ms (cache hit)
6651 http cache chalk@https://registry.npmjs.org/chalk/-/chalk-2.4.2.tgz 0ms (cache hit)
6652 http cache escape-string-regexp@https://registry.npmjs.org/escape-string-regexp/-/escape-string-regexp-1.0.5.tgz 0ms (cache hit)
6653 http cache ansi-styles@https://registry.npmjs.org/ansi-styles/-/ansi-styles-2.2.1.tgz 0ms (cache hit)
6654 http cache log-symbols@https://registry.npmjs.org/log-symbols/-/log-symbols-1.0.2.tgz 0ms (cache hit)
6655 http cache strip-ansi@https://registry.npmjs.org/strip-ansi/-/strip-ansi-3.0.1.tgz 0ms (cache hit)
6656 http cache escape-string-regexp@https://registry.npmjs.org/escape-string-regexp/-/escape-string-regexp-1.0.5.tgz 0ms (cache hit)
6657 http cache chalk@https://registry.npmjs.org/chalk/-/chalk-1.1.3.tgz 0ms (cache hit)
6658 http cache figures@https://registry.npmjs.org/figures/-/figures-1.7.0.tgz 0ms (cache hit)
6659 http cache which@https://registry.npmjs.org/which/-/which-1.3.1.tgz 0ms (cache hit)
6660 http cache chalk@https://registry.npmjs.org/chalk/-/chalk-2.4.2.tgz 0ms (cache hit)
6661 http cache signal-exit@https://registry.npmjs.org/signal-exit/-/signal-exit-3.0.7.tgz 0ms (cache hit)
6662 http cache js-yaml@https://registry.npmjs.org/js-yaml/-/js-yaml-3.15.2.tgz 0ms (cache hit)
6663 http cache cross-spawn@https://registry.npmjs.org/cross-spawn/-/cross-spawn-5.1.0.tgz 0ms (cache hit)
6664 http cache escape-string-regexp@https://registry.npmjs.org/escape-string-regexp/-/escape-string-regexp-1.0.5.tgz 0ms (cache hit)
6665 http cache is-fullwidth-code-point@https://registry.npmjs.org/is-fullwidth-code-point/-/is-fullwidth-code-point-3.0.0.tgz 0ms (cache hit)
6666 http cache color-name@https://registry.npmjs.org/color-name/-/color-name-1.1.4.tgz 0ms (cache hit)
6667 http cache chalk@https://registry.npmjs.org/chalk/-/chalk-2.4.2.tgz 0ms (cache hit)
6668 http cache color-convert@https://registry.npmjs.org/color-convert/-/color-convert-2.0.1.tgz 0ms (cache hit)
6669 http cache ansi-styles@https://registry.npmjs.org/ansi-styles/-/ansi-styles-4.3.0.tgz 0ms (cache hit)
6670 http cache string-width@https://registry.npmjs.org/string-width/-/string-width-4.2.3.tgz 0ms (cache hit)
6671 http cache ansi-regex@https://registry.npmjs.org/ansi-regex/-/ansi-regex-6.4.0.tgz 0ms (cache hit)
6672 http cache emoji-regex@https://registry.npmjs.org/emoji-regex/-/emoji-regex-9.2.2.tgz 0ms (cache hit)
6673 http cache strip-ansi@https://registry.npmjs.org/strip-ansi/-/strip-ansi-7.2.0.tgz 0ms (cache hit)
6674 http cache ansi-regex@https://registry.npmjs.org/ansi-regex/-/ansi-regex-5.0.1.tgz 0ms (cache hit)
6675 http cache string-width@https://registry.npmjs.org/string-width/-/string-width-5.1.2.tgz 0ms (cache hit)
6676 http cache ansi-styles@https://registry.npmjs.org/ansi-styles/-/ansi-styles-6.2.3.tgz 0ms (cache hit)
6677 http cache ansi-regex@https://registry.npmjs.org/ansi-regex/-/ansi-regex-6.4.0.tgz 0ms (cache hit)
6678 http cache is-fullwidth-code-point@https://registry.npmjs.org/is-fullwidth-code-point/-/is-fullwidth-code-point-3.0.0.tgz 0ms (cache hit)
6679 http cache strip-ansi@https://registry.npmjs.org/strip-ansi/-/strip-ansi-7.2.0.tgz 0ms (cache hit)
6680 http cache emoji-regex@https://registry.npmjs.org/emoji-regex/-/emoji-regex-9.2.2.tgz 0ms (cache hit)
6681 http cache string-width@https://registry.npmjs.org/string-width/-/string-width-5.1.2.tgz 0ms (cache hit)
6682 http cache semver@https://registry.npmjs.org/semver/-/semver-7.8.5.tgz 0ms (cache hit)
6683 http cache signal-exit@https://registry.npmjs.org/signal-exit/-/signal-exit-3.0.7.tgz 0ms (cache hit)
6684 http cache strip-ansi@https://registry.npmjs.org/strip-ansi/-/strip-ansi-4.0.0.tgz 0ms (cache hit)
6685 http cache escape-string-regexp@https://registry.npmjs.org/escape-string-regexp/-/escape-string-regexp-1.0.5.tgz 0ms (cache hit)
6686 http cache tmp@https://registry.npmjs.org/tmp/-/tmp-0.0.33.tgz 0ms (cache hit)
6687 http cache resolve-from@https://registry.npmjs.org/resolve-from/-/resolve-from-5.0.0.tgz 0ms (cache hit)
6688 http cache lru-cache@https://registry.npmjs.org/lru-cache/-/lru-cache-10.4.3.tgz 0ms (cache hit)
6689 http cache is-fullwidth-code-point@https://registry.npmjs.org/is-fullwidth-code-point/-/is-fullwidth-code-point-3.0.0.tgz 0ms (cache hit)
6690 http cache safe-buffer@https://registry.npmjs.org/safe-buffer/-/safe-buffer-5.1.2.tgz 0ms (cache hit)
6691 http cache y18n@https://registry.npmjs.org/y18n/-/y18n-5.0.8.tgz 0ms (cache hit)
6692 http cache string-width@https://registry.npmjs.org/string-width/-/string-width-4.2.3.tgz 0ms (cache hit)
6693 http cache balanced-match@https://registry.npmjs.org/balanced-match/-/balanced-match-4.0.4.tgz 0ms (cache hit)
6694 http cache minimatch@https://registry.npmjs.org/minimatch/-/minimatch-10.2.6.tgz 0ms (cache hit)
6695 http cache has-flag@https://registry.npmjs.org/has-flag/-/has-flag-4.0.0.tgz 0ms (cache hit)
6696 http cache brace-expansion@https://registry.npmjs.org/brace-expansion/-/brace-expansion-5.0.12.tgz 0ms (cache hit)
6697 http cache glob@https://registry.npmjs.org/glob/-/glob-7.2.3.tgz 0ms (cache hit)
6698 http cache supports-color@https://registry.npmjs.org/supports-color/-/supports-color-7.2.0.tgz 0ms (cache hit)
6699 http cache camelcase@https://registry.npmjs.org/camelcase/-/camelcase-5.3.1.tgz 0ms (cache hit)
6700 http cache ansi-regex@https://registry.npmjs.org/ansi-regex/-/ansi-regex-4.1.1.tgz 0ms (cache hit)
6701 http cache qs@https://registry.npmjs.org/qs/-/qs-6.16.0.tgz 0ms (cache hit)
6702 http cache emoji-regex@https://registry.npmjs.org/emoji-regex/-/emoji-regex-7.0.3.tgz 0ms (cache hit)
6703 http cache path-exists@https://registry.npmjs.org/path-exists/-/path-exists-3.0.0.tgz 0ms (cache hit)
6704 http cache p-locate@https://registry.npmjs.org/p-locate/-/p-locate-3.0.0.tgz 0ms (cache hit)
6705 http cache p-limit@https://registry.npmjs.org/p-limit/-/p-limit-2.3.0.tgz 0ms (cache hit)
6706 http cache wrap-ansi@https://registry.npmjs.org/wrap-ansi/-/wrap-ansi-5.1.0.tgz 0ms (cache hit)
6707 http cache locate-path@https://registry.npmjs.org/locate-path/-/locate-path-3.0.0.tgz 0ms (cache hit)
6708 http cache yargs-parser@https://registry.npmjs.org/yargs-parser/-/yargs-parser-15.0.3.tgz 0ms (cache hit)
6709 http cache strip-ansi@https://registry.npmjs.org/strip-ansi/-/strip-ansi-5.2.0.tgz 0ms (cache hit)
6710 http cache decamelize@https://registry.npmjs.org/decamelize/-/decamelize-1.2.0.tgz 0ms (cache hit)
6711 http cache find-up@https://registry.npmjs.org/find-up/-/find-up-3.0.0.tgz 0ms (cache hit)
6712 http cache string-width@https://registry.npmjs.org/string-width/-/string-width-3.1.0.tgz 0ms (cache hit)
6713 http cache cliui@https://registry.npmjs.org/cliui/-/cliui-5.0.0.tgz 0ms (cache hit)
6714 http cache yargs@https://registry.npmjs.org/yargs/-/yargs-14.2.3.tgz 0ms (cache hit)
6715 http cache glob@https://registry.npmjs.org/glob/-/glob-7.2.3.tgz 0ms (cache hit)
6716 http cache which@https://registry.npmjs.org/which/-/which-1.3.1.tgz 0ms (cache hit)
6717 http cache rimraf@https://registry.npmjs.org/rimraf/-/rimraf-2.7.1.tgz 0ms (cache hit)
6718 http cache punycode@https://registry.npmjs.org/punycode/-/punycode-2.3.1.tgz 0ms (cache hit)
6719 http cache @octokit/openapi-types@https://registry.npmjs.org/@octokit/openapi-types/-/openapi-types-24.2.0.tgz 0ms (cache hit)
6720 http cache @octokit/types@https://registry.npmjs.org/@octokit/types/-/types-13.10.0.tgz 0ms (cache hit)
6721 http cache @octokit/openapi-types@https://registry.npmjs.org/@octokit/openapi-types/-/openapi-types-24.2.0.tgz 0ms (cache hit)
6722 http cache @octokit/types@https://registry.npmjs.org/@octokit/types/-/types-13.10.0.tgz 0ms (cache hit)
6723 http cache glob@https://registry.npmjs.org/glob/-/glob-7.2.3.tgz 0ms (cache hit)
6724 http cache acorn@https://registry.npmjs.org/acorn/-/acorn-3.3.0.tgz 0ms (cache hit)
6725 http cache escape-string-regexp@https://registry.npmjs.org/escape-string-regexp/-/escape-string-regexp-1.0.5.tgz 0ms (cache hit)
6726 http cache fast-deep-equal@https://registry.npmjs.org/fast-deep-equal/-/fast-deep-equal-1.1.0.tgz 0ms (cache hit)
6727 http cache rimraf@https://registry.npmjs.org/rimraf/-/rimraf-2.6.3.tgz 0ms (cache hit)
6728 http cache slice-ansi@https://registry.npmjs.org/slice-ansi/-/slice-ansi-1.0.0.tgz 0ms (cache hit)
6729 http cache estraverse@https://registry.npmjs.org/estraverse/-/estraverse-5.3.0.tgz 0ms (cache hit)
6730 http cache ajv-keywords@https://registry.npmjs.org/ajv-keywords/-/ajv-keywords-2.1.1.tgz 0ms (cache hit)
6731 http cache chalk@https://registry.npmjs.org/chalk/-/chalk-2.4.2.tgz 0ms (cache hit)
6732 http cache resolve-from@https://registry.npmjs.org/resolve-from/-/resolve-from-1.0.1.tgz 0ms (cache hit)
6733 http cache ajv@https://registry.npmjs.org/ajv/-/ajv-5.5.2.tgz 0ms (cache hit)
6734 http cache escape-string-regexp@https://registry.npmjs.org/escape-string-regexp/-/escape-string-regexp-1.0.5.tgz 0ms (cache hit)
6735 http cache strip-ansi@https://registry.npmjs.org/strip-ansi/-/strip-ansi-4.0.0.tgz 0ms (cache hit)
6736 http cache chalk@https://registry.npmjs.org/chalk/-/chalk-2.4.2.tgz 0ms (cache hit)
6737 http cache strip-ansi@https://registry.npmjs.org/strip-ansi/-/strip-ansi-3.0.1.tgz 0ms (cache hit)
6738 http cache ansi-regex@https://registry.npmjs.org/ansi-regex/-/ansi-regex-2.1.1.tgz 0ms (cache hit)
6739 http cache supports-color@https://registry.npmjs.org/supports-color/-/supports-color-2.0.0.tgz 0ms (cache hit)
6740 http cache ansi-styles@https://registry.npmjs.org/ansi-styles/-/ansi-styles-2.2.1.tgz 0ms (cache hit)
6741 http cache escape-string-regexp@https://registry.npmjs.org/escape-string-regexp/-/escape-string-regexp-1.0.5.tgz 0ms (cache hit)
6742 http cache chalk@https://registry.npmjs.org/chalk/-/chalk-1.1.3.tgz 0ms (cache hit)
6743 http cache type-check@https://registry.npmjs.org/type-check/-/type-check-0.4.0.tgz 0ms (cache hit)
6744 http cache ansi-regex@https://registry.npmjs.org/ansi-regex/-/ansi-regex-5.0.1.tgz 0ms (cache hit)
6745 http cache prelude-ls@https://registry.npmjs.org/prelude-ls/-/prelude-ls-1.2.1.tgz 0ms (cache hit)
6746 http cache prelude-ls@https://registry.npmjs.org/prelude-ls/-/prelude-ls-1.2.1.tgz 0ms (cache hit)
6747 http cache estraverse@https://registry.npmjs.org/estraverse/-/estraverse-5.3.0.tgz 0ms (cache hit)
6748 http cache type-check@https://registry.npmjs.org/type-check/-/type-check-0.4.0.tgz 0ms (cache hit)
6749 http cache flat-cache@https://registry.npmjs.org/flat-cache/-/flat-cache-3.2.0.tgz 0ms (cache hit)
6750 http cache argparse@https://registry.npmjs.org/argparse/-/argparse-2.0.1.tgz 0ms (cache hit)
6751 http cache acorn-jsx@https://registry.npmjs.org/acorn-jsx/-/acorn-jsx-5.3.2.tgz 0ms (cache hit)
6752 http cache estraverse@https://registry.npmjs.org/estraverse/-/estraverse-5.3.0.tgz 0ms (cache hit)
6753 http cache acorn@https://registry.npmjs.org/acorn/-/acorn-8.18.0.tgz 0ms (cache hit)
6754 http cache shebang-regex@https://registry.npmjs.org/shebang-regex/-/shebang-regex-3.0.0.tgz 0ms (cache hit)
6755 http cache which@https://registry.npmjs.org/which/-/which-2.0.2.tgz 0ms (cache hit)
6756 http cache shebang-command@https://registry.npmjs.org/shebang-command/-/shebang-command-2.0.0.tgz 0ms (cache hit)
6757 http cache color-name@https://registry.npmjs.org/color-name/-/color-name-1.1.4.tgz 0ms (cache hit)
6758 http cache has-flag@https://registry.npmjs.org/has-flag/-/has-flag-4.0.0.tgz 0ms (cache hit)
6759 http cache color-convert@https://registry.npmjs.org/color-convert/-/color-convert-2.0.1.tgz 0ms (cache hit)
6760 http cache supports-color@https://registry.npmjs.org/supports-color/-/supports-color-7.2.0.tgz 0ms (cache hit)
6761 http cache ansi-styles@https://registry.npmjs.org/ansi-styles/-/ansi-styles-4.3.0.tgz 0ms (cache hit)
6762 http cache globals@https://registry.npmjs.org/globals/-/globals-13.24.0.tgz 0ms (cache hit)
6763 http cache escape-string-regexp@https://registry.npmjs.org/escape-string-regexp/-/escape-string-regexp-1.0.5.tgz 0ms (cache hit)
6764 http cache chalk@https://registry.npmjs.org/chalk/-/chalk-2.4.2.tgz 0ms (cache hit)
6765 http cache json-schema-traverse@https://registry.npmjs.org/json-schema-traverse/-/json-schema-traverse-0.4.1.tgz 0ms (cache hit)
6766 http cache glob@https://registry.npmjs.org/glob/-/glob-7.2.3.tgz 0ms (cache hit)
6767 http cache semver@https://registry.npmjs.org/semver/-/semver-7.8.5.tgz 0ms (cache hit)
6768 http cache semver@https://registry.npmjs.org/semver/-/semver-7.8.5.tgz 0ms (cache hit)
6769 http cache commander@https://registry.npmjs.org/commander/-/commander-14.0.3.tgz 0ms (cache hit)
6770 http cache commander@https://registry.npmjs.org/commander/-/commander-7.2.0.tgz 0ms (cache hit)
6771 http cache semver@https://registry.npmjs.org/semver/-/semver-7.8.5.tgz 0ms (cache hit)
6772 http cache foreground-child@https://registry.npmjs.org/foreground-child/-/foreground-child-4.0.3.tgz 0ms (cache hit)
6773 http cache acorn@https://registry.npmjs.org/acorn/-/acorn-8.18.0.tgz 0ms (cache hit)
6774 http cache color-convert@https://registry.npmjs.org/color-convert/-/color-convert-2.0.1.tgz 0ms (cache hit)
6775 http cache color-name@https://registry.npmjs.org/color-name/-/color-name-1.1.4.tgz 0ms (cache hit)
6776 http cache is-fullwidth-code-point@https://registry.npmjs.org/is-fullwidth-code-point/-/is-fullwidth-code-point-3.0.0.tgz 0ms (cache hit)
6777 http cache ansi-styles@https://registry.npmjs.org/ansi-styles/-/ansi-styles-4.3.0.tgz 0ms (cache hit)
6778 http cache wrap-ansi@https://registry.npmjs.org/wrap-ansi/-/wrap-ansi-7.0.0.tgz 0ms (cache hit)
6779 http cache y18n@https://registry.npmjs.org/y18n/-/y18n-5.0.8.tgz 0ms (cache hit)
6780 http cache has-flag@https://registry.npmjs.org/has-flag/-/has-flag-4.0.0.tgz 0ms (cache hit)
6781 http cache string-width@https://registry.npmjs.org/string-width/-/string-width-4.2.3.tgz 0ms (cache hit)
6782 http cache cliui@https://registry.npmjs.org/cliui/-/cliui-7.0.4.tgz 0ms (cache hit)
6783 http cache brace-expansion@https://registry.npmjs.org/brace-expansion/-/brace-expansion-2.1.7.tgz 0ms (cache hit)
6784 http cache picomatch@https://registry.npmjs.org/picomatch/-/picomatch-2.3.2.tgz 0ms (cache hit)
6785 http cache glob-parent@https://registry.npmjs.org/glob-parent/-/glob-parent-5.1.2.tgz 0ms (cache hit)
6786 http cache normalize-path@https://registry.npmjs.org/normalize-path/-/normalize-path-3.0.0.tgz 0ms (cache hit)
6787 http cache readdirp@https://registry.npmjs.org/readdirp/-/readdirp-3.6.0.tgz 0ms (cache hit)
6788 http cache yargs-parser@https://registry.npmjs.org/yargs-parser/-/yargs-parser-20.2.9.tgz 0ms (cache hit)
6789 http cache yargs@https://registry.npmjs.org/yargs/-/yargs-16.2.2.tgz 0ms (cache hit)
6790 http cache supports-color@https://registry.npmjs.org/supports-color/-/supports-color-8.1.1.tgz 0ms (cache hit)
6791 http cache minimatch@https://registry.npmjs.org/minimatch/-/minimatch-5.1.9.tgz 0ms (cache hit)
6792 http cache he@https://registry.npmjs.org/he/-/he-1.2.0.tgz 0ms (cache hit)
6793 http cache log-symbols@https://registry.npmjs.org/log-symbols/-/log-symbols-4.1.0.tgz 0ms (cache hit)
6794 http cache glob@https://registry.npmjs.org/glob/-/glob-8.1.0.tgz 0ms (cache hit)
6795 http cache chokidar@https://registry.npmjs.org/chokidar/-/chokidar-3.6.0.tgz 0ms (cache hit)
6796 http cache diff@https://registry.npmjs.org/diff/-/diff-5.2.2.tgz 0ms (cache hit)
6797 http cache browser-stdout@https://registry.npmjs.org/browser-stdout/-/browser-stdout-1.3.1.tgz 0ms (cache hit)
6798 http cache brace-expansion@https://registry.npmjs.org/brace-expansion/-/brace-expansion-2.1.7.tgz 0ms (cache hit)
6799 http cache minimatch@https://registry.npmjs.org/minimatch/-/minimatch-9.0.9.tgz 0ms (cache hit)
6800 http cache flat-cache@https://registry.npmjs.org/flat-cache/-/flat-cache-4.0.1.tgz 0ms (cache hit)
6801 http cache estraverse@https://registry.npmjs.org/estraverse/-/estraverse-5.3.0.tgz 0ms (cache hit)
6802 http cache acorn@https://registry.npmjs.org/acorn/-/acorn-8.18.0.tgz 0ms (cache hit)
6803 http cache acorn-jsx@https://registry.npmjs.org/acorn-jsx/-/acorn-jsx-5.3.2.tgz 0ms (cache hit)
6804 http cache file-entry-cache@https://registry.npmjs.org/file-entry-cache/-/file-entry-cache-8.0.0.tgz 0ms (cache hit)
6805 http cache globals@https://registry.npmjs.org/globals/-/globals-14.0.0.tgz 0ms (cache hit)
6806 http cache eslint-visitor-keys@https://registry.npmjs.org/eslint-visitor-keys/-/eslint-visitor-keys-4.2.1.tgz 0ms (cache hit)
6807 http cache espree@https://registry.npmjs.org/espree/-/espree-10.4.0.tgz 0ms (cache hit)
6808 http cache eslint-scope@https://registry.npmjs.org/eslint-scope/-/eslint-scope-8.4.0.tgz 0ms (cache hit)
6809 http cache diff@https://registry.npmjs.org/diff/-/diff-3.3.1.tgz 0ms (cache hit)
6810 http cache @eslint/eslintrc@https://registry.npmjs.org/@eslint/eslintrc/-/eslintrc-3.3.7.tgz 0ms (cache hit)
6811 http cache which@https://registry.npmjs.org/which/-/which-1.3.1.tgz 0ms (cache hit)
6812 http cache fast-deep-equal@https://registry.npmjs.org/fast-deep-equal/-/fast-deep-equal-1.1.0.tgz 0ms (cache hit)
6813 http cache strip-json-comments@https://registry.npmjs.org/strip-json-comments/-/strip-json-comments-2.0.1.tgz 0ms (cache hit)
6814 http cache escape-string-regexp@https://registry.npmjs.org/escape-string-regexp/-/escape-string-regexp-1.0.5.tgz 0ms (cache hit)
6815 http cache strip-ansi@https://registry.npmjs.org/strip-ansi/-/strip-ansi-4.0.0.tgz 0ms (cache hit)
6816 http cache levn@https://registry.npmjs.org/levn/-/levn-0.3.0.tgz 0ms (cache hit)
6817 http cache optionator@https://registry.npmjs.org/optionator/-/optionator-0.8.3.tgz 0ms (cache hit)
6818 http cache js-yaml@https://registry.npmjs.org/js-yaml/-/js-yaml-3.15.2.tgz 0ms (cache hit)
6819 http cache globals@https://registry.npmjs.org/globals/-/globals-11.12.0.tgz 0ms (cache hit)
6820 http cache ignore@https://registry.npmjs.org/ignore/-/ignore-3.3.10.tgz 0ms (cache hit)
6821 http cache glob@https://registry.npmjs.org/glob/-/glob-7.2.3.tgz 0ms (cache hit)
6822 http cache espree@https://registry.npmjs.org/espree/-/espree-3.5.4.tgz 0ms (cache hit)
6823 http cache file-entry-cache@https://registry.npmjs.org/file-entry-cache/-/file-entry-cache-2.0.0.tgz 0ms (cache hit)
6824 http cache doctrine@https://registry.npmjs.org/doctrine/-/doctrine-2.1.0.tgz 0ms (cache hit)
6825 http cache eslint-visitor-keys@https://registry.npmjs.org/eslint-visitor-keys/-/eslint-visitor-keys-1.3.0.tgz 0ms (cache hit)
6826 http cache eslint-scope@https://registry.npmjs.org/eslint-scope/-/eslint-scope-3.7.3.tgz 0ms (cache hit)
6827 http cache debug@https://registry.npmjs.org/debug/-/debug-3.2.7.tgz 0ms (cache hit)
6828 http cache cross-spawn@https://registry.npmjs.org/cross-spawn/-/cross-spawn-5.1.0.tgz 0ms (cache hit)
6829 http cache chalk@https://registry.npmjs.org/chalk/-/chalk-2.4.2.tgz 0ms (cache hit)
6830 http cache ajv@https://registry.npmjs.org/ajv/-/ajv-5.5.2.tgz 0ms (cache hit)
6831 http cache mocha@https://registry.npmjs.org/mocha/-/mocha-4.0.1.tgz 0ms (cache hit)
6832 http cache ms@https://registry.npmjs.org/ms/-/ms-2.0.0.tgz 0ms (cache hit)
6833 http cache supports-color@https://registry.npmjs.org/supports-color/-/supports-color-4.4.0.tgz 0ms (cache hit)
6834 http cache glob@https://registry.npmjs.org/glob/-/glob-7.1.2.tgz 0ms (cache hit)
6835 http cache eslint@https://registry.npmjs.org/eslint/-/eslint-4.18.2.tgz 0ms (cache hit)
6836 http cache debug@https://registry.npmjs.org/debug/-/debug-3.1.0.tgz 0ms (cache hit)
6837 http cache eslint-utils@https://registry.npmjs.org/eslint-utils/-/eslint-utils-3.0.0.tgz 0ms (cache hit)
6838 http cache globals@https://registry.npmjs.org/globals/-/globals-13.24.0.tgz 0ms (cache hit)
6839 http cache eslint-visitor-keys@https://registry.npmjs.org/eslint-visitor-keys/-/eslint-visitor-keys-2.1.0.tgz 0ms (cache hit)
6840 http cache @eslint/eslintrc@https://registry.npmjs.org/@eslint/eslintrc/-/eslintrc-1.4.1.tgz 0ms (cache hit)
6841 http cache eslint@https://registry.npmjs.org/eslint/-/eslint-8.8.0.tgz 0ms (cache hit)
6842 http cache @ljharb/eslint-config@https://registry.npmjs.org/@ljharb/eslint-config/-/eslint-config-21.4.0.tgz 0ms (cache hit)
6843 http cache minimatch@https://registry.npmjs.org/minimatch/-/minimatch-10.2.6.tgz 0ms (cache hit)
6844 http cache ignore@https://registry.npmjs.org/ignore/-/ignore-7.0.12.tgz 0ms (cache hit)
6845 http cache strip-json-comments@https://registry.npmjs.org/strip-json-comments/-/strip-json-comments-5.0.3.tgz 0ms (cache hit)
6846 http cache semver@https://registry.npmjs.org/semver/-/semver-7.8.5.tgz 0ms (cache hit)
6847 http cache esbuild@https://registry.npmjs.org/esbuild/-/esbuild-0.25.12.tgz 0ms (cache hit)
6848 http cache typescript-eslint@https://registry.npmjs.org/typescript-eslint/-/typescript-eslint-8.71.0.tgz 0ms (cache hit)
6849 http cache ts-api-utils@https://registry.npmjs.org/ts-api-utils/-/ts-api-utils-2.5.0.tgz 0ms (cache hit)
6850 http cache @typescript-eslint/typescript-estree@https://registry.npmjs.org/@typescript-eslint/typescript-estree/-/typescript-estree-8.71.0.tgz 0ms (cache hit)
6851 http cache @typescript-eslint/project-service@https://registry.npmjs.org/@typescript-eslint/project-service/-/project-service-8.71.0.tgz 0ms (cache hit)
6852 http cache @typescript-eslint/tsconfig-utils@https://registry.npmjs.org/@typescript-eslint/tsconfig-utils/-/tsconfig-utils-8.71.0.tgz 0ms (cache hit)
6853 http cache @typescript-eslint/eslint-plugin@https://registry.npmjs.org/@typescript-eslint/eslint-plugin/-/eslint-plugin-8.71.0.tgz 0ms (cache hit)
6854 http cache @typescript-eslint/parser@https://registry.npmjs.org/@typescript-eslint/parser/-/parser-8.71.0.tgz 0ms (cache hit)
6855 http cache knip@https://registry.npmjs.org/knip/-/knip-5.88.1.tgz 0ms (cache hit)
6856 http cache eslint-plugin-regexp@https://registry.npmjs.org/eslint-plugin-regexp/-/eslint-plugin-regexp-2.10.0.tgz 0ms (cache hit)
6857 http cache ts-api-utils@https://registry.npmjs.org/ts-api-utils/-/ts-api-utils-2.5.0.tgz 0ms (cache hit)
6858 http cache @typescript-eslint/utils@https://registry.npmjs.org/@typescript-eslint/utils/-/utils-8.71.0.tgz 0ms (cache hit)
6859 http cache @typescript-eslint/typescript-estree@https://registry.npmjs.org/@typescript-eslint/typescript-estree/-/typescript-estree-8.71.0.tgz 0ms (cache hit)
6860 http cache ts-api-utils@https://registry.npmjs.org/ts-api-utils/-/ts-api-utils-2.5.0.tgz 0ms (cache hit)
6861 http cache @typescript-eslint/tsconfig-utils@https://registry.npmjs.org/@typescript-eslint/tsconfig-utils/-/tsconfig-utils-8.71.0.tgz 0ms (cache hit)
6862 http cache @typescript-eslint/type-utils@https://registry.npmjs.org/@typescript-eslint/type-utils/-/type-utils-8.71.0.tgz 0ms (cache hit)
6863 http cache ts-api-utils@https://registry.npmjs.org/ts-api-utils/-/ts-api-utils-2.5.0.tgz 0ms (cache hit)
6864 http cache @typescript-eslint/project-service@https://registry.npmjs.org/@typescript-eslint/project-service/-/project-service-8.71.0.tgz 0ms (cache hit)
6865 http cache @typescript-eslint/typescript-estree@https://registry.npmjs.org/@typescript-eslint/typescript-estree/-/typescript-estree-8.71.0.tgz 0ms (cache hit)
6866 http cache @typescript-eslint/rule-tester@https://registry.npmjs.org/@typescript-eslint/rule-tester/-/rule-tester-8.71.0.tgz 0ms (cache hit)
6867 http cache @typescript-eslint/tsconfig-utils@https://registry.npmjs.org/@typescript-eslint/tsconfig-utils/-/tsconfig-utils-8.71.0.tgz 0ms (cache hit)
6868 http cache @typescript-eslint/project-service@https://registry.npmjs.org/@typescript-eslint/project-service/-/project-service-8.71.0.tgz 0ms (cache hit)
6869 http cache @typescript-eslint/typescript-estree@https://registry.npmjs.org/@typescript-eslint/typescript-estree/-/typescript-estree-8.71.0.tgz 0ms (cache hit)
6870 http cache ts-api-utils@https://registry.npmjs.org/ts-api-utils/-/ts-api-utils-2.5.0.tgz 0ms (cache hit)
6871 http cache @typescript-eslint/tsconfig-utils@https://registry.npmjs.org/@typescript-eslint/tsconfig-utils/-/tsconfig-utils-8.71.0.tgz 0ms (cache hit)
6872 http cache balanced-match@https://registry.npmjs.org/balanced-match/-/balanced-match-4.0.4.tgz 0ms (cache hit)
6873 http cache @typescript-eslint/project-service@https://registry.npmjs.org/@typescript-eslint/project-service/-/project-service-8.71.0.tgz 0ms (cache hit)
6874 http cache @typescript-eslint/parser@https://registry.npmjs.org/@typescript-eslint/parser/-/parser-8.71.0.tgz 0ms (cache hit)
6875 http cache brace-expansion@https://registry.npmjs.org/brace-expansion/-/brace-expansion-5.0.12.tgz 0ms (cache hit)
6876 http cache has-flag@https://registry.npmjs.org/has-flag/-/has-flag-2.0.0.tgz 0ms (cache hit)
6877 http cache mkdirp@https://registry.npmjs.org/mkdirp/-/mkdirp-0.5.1.tgz 0ms (cache hit)
6878 http cache minimist@https://registry.npmjs.org/minimist/-/minimist-0.0.8.tgz 0ms (cache hit)
6879 silly tarball no local data for fdir@https://registry.npmjs.org/fdir/-/fdir-6.5.0.tgz. Extracting by manifest.
6880 silly tarball no local data for tinyglobby@https://registry.npmjs.org/tinyglobby/-/tinyglobby-0.2.17.tgz. Extracting by manifest.
6881 silly tarball no local data for is-unicode-supported@https://registry.npmjs.org/is-unicode-supported/-/is-unicode-supported-0.1.0.tgz. Extracting by manifest.
6882 silly tarball no local data for binary-extensions@https://registry.npmjs.org/binary-extensions/-/binary-extensions-2.3.0.tgz. Extracting by manifest.
6883 silly tarball no local data for is-binary-path@https://registry.npmjs.org/is-binary-path/-/is-binary-path-2.1.0.tgz. Extracting by manifest.
6884 silly tarball no local data for anymatch@https://registry.npmjs.org/anymatch/-/anymatch-3.1.3.tgz. Extracting by manifest.
6885 silly tarball no local data for exit-hook@https://registry.npmjs.org/exit-hook/-/exit-hook-1.1.1.tgz. Extracting by manifest.
6886 silly tarball no local data for p-try@https://registry.npmjs.org/p-try/-/p-try-2.2.0.tgz. Extracting by manifest.
6887 silly tarball no local data for require-main-filename@https://registry.npmjs.org/require-main-filename/-/require-main-filename-2.0.0.tgz. Extracting by manifest.
6888 silly tarball no local data for which-module@https://registry.npmjs.org/which-module/-/which-module-2.0.1.tgz. Extracting by manifest.
6889 silly tarball no local data for json-buffer@https://registry.npmjs.org/json-buffer/-/json-buffer-3.0.1.tgz. Extracting by manifest.
6890 silly tarball no local data for keyv@https://registry.npmjs.org/keyv/-/keyv-4.5.4.tgz. Extracting by manifest.
6891 silly tarball no local data for flatted@https://registry.npmjs.org/flatted/-/flatted-3.4.4.tgz. Extracting by manifest.
6892 silly tarball no local data for clean-stack@https://registry.npmjs.org/clean-stack/-/clean-stack-2.2.0.tgz. Extracting by manifest.
6893 silly tarball no local data for number-is-nan@https://registry.npmjs.org/number-is-nan/-/number-is-nan-1.0.1.tgz. Extracting by manifest.
6894 silly tarball no local data for code-point-at@https://registry.npmjs.org/code-point-at/-/code-point-at-1.1.0.tgz. Extracting by manifest.
6895 silly tarball no local data for aggregate-error@https://registry.npmjs.org/aggregate-error/-/aggregate-error-3.1.0.tgz. Extracting by manifest.
6896 silly tarball no local data for has-ansi@https://registry.npmjs.org/has-ansi/-/has-ansi-2.0.0.tgz. Extracting by manifest.
6897 silly tarball no local data for eastasianwidth@https://registry.npmjs.org/eastasianwidth/-/eastasianwidth-0.2.0.tgz. Extracting by manifest.
6898 silly tarball no local data for is-number@https://registry.npmjs.org/is-number/-/is-number-7.0.0.tgz. Extracting by manifest.
6899 silly tarball no local data for queue-microtask@https://registry.npmjs.org/queue-microtask/-/queue-microtask-1.2.3.tgz. Extracting by manifest.
6900 silly tarball no local data for to-regex-range@https://registry.npmjs.org/to-regex-range/-/to-regex-range-5.0.1.tgz. Extracting by manifest.
6901 silly tarball no local data for @oxc-resolver/binding-linux-x64-gnu@https://registry.npmjs.org/@oxc-resolver/binding-linux-x64-gnu/-/binding-linux-x64-gnu-11.24.2.tgz. Extracting by manifest.
6902 silly tarball no local data for fill-range@https://registry.npmjs.org/fill-range/-/fill-range-7.1.1.tgz. Extracting by manifest.
6903 silly tarball no local data for braces@https://registry.npmjs.org/braces/-/braces-3.0.3.tgz. Extracting by manifest.
6904 silly tarball no local data for fd-package-json@https://registry.npmjs.org/fd-package-json/-/fd-package-json-2.0.0.tgz. Extracting by manifest.
6905 silly tarball no local data for micromatch@https://registry.npmjs.org/micromatch/-/micromatch-4.0.8.tgz. Extracting by manifest.
6906 silly tarball no local data for reusify@https://registry.npmjs.org/reusify/-/reusify-1.1.0.tgz. Extracting by manifest.
6907 silly tarball no local data for merge2@https://registry.npmjs.org/merge2/-/merge2-1.4.1.tgz. Extracting by manifest.
6908 silly tarball no local data for run-parallel@https://registry.npmjs.org/run-parallel/-/run-parallel-1.2.0.tgz. Extracting by manifest.
6909 silly tarball no local data for @nodelib/fs.stat@https://registry.npmjs.org/@nodelib/fs.stat/-/fs.stat-2.0.5.tgz. Extracting by manifest.
6910 silly tarball no local data for fastq@https://registry.npmjs.org/fastq/-/fastq-1.20.3.tgz. Extracting by manifest.
6911 silly tarball no local data for @nodelib/fs.scandir@https://registry.npmjs.org/@nodelib/fs.scandir/-/fs.scandir-2.1.5.tgz. Extracting by manifest.
6912 silly tarball no local data for zod@https://registry.npmjs.org/zod/-/zod-4.6.5.tgz. Extracting by manifest.
6913 silly tarball no local data for yaml@https://registry.npmjs.org/yaml/-/yaml-2.9.1.tgz. Extracting by manifest.
6914 silly tarball no local data for smol-toml@https://registry.npmjs.org/smol-toml/-/smol-toml-1.9.0.tgz. Extracting by manifest.
6915 silly tarball no local data for unbash@https://registry.npmjs.org/unbash/-/unbash-2.2.0.tgz. Extracting by manifest.
6916 silly tarball no local data for oxc-resolver@https://registry.npmjs.org/oxc-resolver/-/oxc-resolver-11.24.2.tgz. Extracting by manifest.
6917 silly tarball no local data for picomatch@https://registry.npmjs.org/picomatch/-/picomatch-4.0.7.tgz. Extracting by manifest.
6918 silly tarball no local data for formatly@https://registry.npmjs.org/formatly/-/formatly-0.3.0.tgz. Extracting by manifest.
6919 silly tarball no local data for fast-glob@https://registry.npmjs.org/fast-glob/-/fast-glob-3.3.3.tgz. Extracting by manifest.
6920 silly tarball no local data for jiti@https://registry.npmjs.org/jiti/-/jiti-2.7.0.tgz. Extracting by manifest.
6921 silly tarball no local data for @nodelib/fs.walk@https://registry.npmjs.org/@nodelib/fs.walk/-/fs.walk-1.2.8.tgz. Extracting by manifest.
6922 silly tarball no local data for scslre@https://registry.npmjs.org/scslre/-/scslre-0.3.0.tgz. Extracting by manifest.
6923 silly tarball no local data for regexp-ast-analysis@https://registry.npmjs.org/regexp-ast-analysis/-/regexp-ast-analysis-0.7.1.tgz. Extracting by manifest.
6924 silly tarball no local data for refa@https://registry.npmjs.org/refa/-/refa-0.12.1.tgz. Extracting by manifest.
6925 silly tarball no local data for jsdoc-type-pratt-parser@https://registry.npmjs.org/jsdoc-type-pratt-parser/-/jsdoc-type-pratt-parser-4.8.0.tgz. Extracting by manifest.
6926 silly tarball no local data for comment-parser@https://registry.npmjs.org/comment-parser/-/comment-parser-1.4.9.tgz. Extracting by manifest.
6927 silly tarball no local data for @typescript-eslint/visitor-keys@https://registry.npmjs.org/@typescript-eslint/visitor-keys/-/visitor-keys-8.71.0.tgz. Extracting by manifest.
6928 silly tarball no local data for @typescript-eslint/scope-manager@https://registry.npmjs.org/@typescript-eslint/scope-manager/-/scope-manager-8.71.0.tgz. Extracting by manifest.
6929 silly tarball no local data for flat@https://registry.npmjs.org/flat/-/flat-5.0.2.tgz. Extracting by manifest.
6930 silly tarball no local data for is-plain-obj@https://registry.npmjs.org/is-plain-obj/-/is-plain-obj-2.1.0.tgz. Extracting by manifest.
6931 silly tarball no local data for @typescript-eslint/types@https://registry.npmjs.org/@typescript-eslint/types/-/types-8.71.0.tgz. Extracting by manifest.
6932 silly tarball no local data for decamelize@https://registry.npmjs.org/decamelize/-/decamelize-4.0.0.tgz. Extracting by manifest.
6933 silly tarball no local data for require-directory@https://registry.npmjs.org/require-directory/-/require-directory-2.1.1.tgz. Extracting by manifest.
6934 silly tarball no local data for escalade@https://registry.npmjs.org/escalade/-/escalade-3.2.0.tgz. Extracting by manifest.
6935 silly tarball no local data for get-caller-file@https://registry.npmjs.org/get-caller-file/-/get-caller-file-2.0.5.tgz. Extracting by manifest.
6936 silly tarball no local data for cliui@https://registry.npmjs.org/cliui/-/cliui-8.0.1.tgz. Extracting by manifest.
6937 silly tarball no local data for is-weakmap@https://registry.npmjs.org/is-weakmap/-/is-weakmap-2.0.2.tgz. Extracting by manifest.
6938 silly tarball no local data for async-function@https://registry.npmjs.org/async-function/-/async-function-1.0.0.tgz. Extracting by manifest.
6939 silly tarball no local data for is-weakset@https://registry.npmjs.org/is-weakset/-/is-weakset-2.0.4.tgz. Extracting by manifest.
6940 silly tarball no local data for is-generator-function@https://registry.npmjs.org/is-generator-function/-/is-generator-function-1.1.2.tgz. Extracting by manifest.
6941 silly tarball no local data for generator-function@https://registry.npmjs.org/generator-function/-/generator-function-2.0.1.tgz. Extracting by manifest.
6942 silly tarball no local data for is-async-function@https://registry.npmjs.org/is-async-function/-/is-async-function-2.1.1.tgz. Extracting by manifest.
6943 silly tarball no local data for is-finalizationregistry@https://registry.npmjs.org/is-finalizationregistry/-/is-finalizationregistry-1.1.1.tgz. Extracting by manifest.
6944 silly tarball no local data for is-number-object@https://registry.npmjs.org/is-number-object/-/is-number-object-1.1.1.tgz. Extracting by manifest.
6945 silly tarball no local data for is-boolean-object@https://registry.npmjs.org/is-boolean-object/-/is-boolean-object-1.2.2.tgz. Extracting by manifest.
6946 silly tarball no local data for is-bigint@https://registry.npmjs.org/is-bigint/-/is-bigint-1.1.0.tgz. Extracting by manifest.
6947 silly tarball no local data for builtins@https://registry.npmjs.org/builtins/-/builtins-1.0.3.tgz. Extracting by manifest.
6948 silly tarball no local data for spdx-expression-parse@https://registry.npmjs.org/spdx-expression-parse/-/spdx-expression-parse-3.0.1.tgz. Extracting by manifest.
6949 silly tarball no local data for spdx-license-ids@https://registry.npmjs.org/spdx-license-ids/-/spdx-license-ids-3.0.24.tgz. Extracting by manifest.
6950 silly tarball no local data for spdx-exceptions@https://registry.npmjs.org/spdx-exceptions/-/spdx-exceptions-2.5.0.tgz. Extracting by manifest.
6951 silly tarball no local data for @jridgewell/sourcemap-codec@https://registry.npmjs.org/@jridgewell/sourcemap-codec/-/sourcemap-codec-1.6.0.tgz. Extracting by manifest.
6952 silly tarball no local data for spdx-correct@https://registry.npmjs.org/spdx-correct/-/spdx-correct-3.2.0.tgz. Extracting by manifest.
6953 silly tarball no local data for @jridgewell/resolve-uri@https://registry.npmjs.org/@jridgewell/resolve-uri/-/resolve-uri-3.1.2.tgz. Extracting by manifest.
6954 silly tarball no local data for convert-source-map@https://registry.npmjs.org/convert-source-map/-/convert-source-map-2.0.0.tgz. Extracting by manifest.
6955 silly tarball no local data for @types/istanbul-lib-coverage@https://registry.npmjs.org/@types/istanbul-lib-coverage/-/istanbul-lib-coverage-2.0.6.tgz. Extracting by manifest.
6956 silly tarball no local data for crypto-random-string@https://registry.npmjs.org/crypto-random-string/-/crypto-random-string-1.0.0.tgz. Extracting by manifest.
6957 silly tarball no local data for @jridgewell/trace-mapping@https://registry.npmjs.org/@jridgewell/trace-mapping/-/trace-mapping-0.3.31.tgz. Extracting by manifest.
6958 silly tarball no local data for prepend-http@https://registry.npmjs.org/prepend-http/-/prepend-http-1.0.4.tgz. Extracting by manifest.
6959 silly tarball no local data for deep-extend@https://registry.npmjs.org/deep-extend/-/deep-extend-0.6.0.tgz. Extracting by manifest.
6960 silly tarball no local data for rc@https://registry.npmjs.org/rc/-/rc-1.2.8.tgz. Extracting by manifest.
6961 silly tarball no local data for capture-stack-trace@https://registry.npmjs.org/capture-stack-trace/-/capture-stack-trace-1.0.2.tgz. Extracting by manifest.
6962 silly tarball no local data for url-parse-lax@https://registry.npmjs.org/url-parse-lax/-/url-parse-lax-1.0.0.tgz. Extracting by manifest.
6963 silly tarball no local data for timed-out@https://registry.npmjs.org/timed-out/-/timed-out-4.0.1.tgz. Extracting by manifest.
6964 silly tarball no local data for unzip-response@https://registry.npmjs.org/unzip-response/-/unzip-response-2.0.1.tgz. Extracting by manifest.
6965 silly tarball no local data for lowercase-keys@https://registry.npmjs.org/lowercase-keys/-/lowercase-keys-1.0.1.tgz. Extracting by manifest.
6966 silly tarball no local data for is-retry-allowed@https://registry.npmjs.org/is-retry-allowed/-/is-retry-allowed-1.2.0.tgz. Extracting by manifest.
6967 silly tarball no local data for is-redirect@https://registry.npmjs.org/is-redirect/-/is-redirect-1.0.0.tgz. Extracting by manifest.
6968 silly tarball no local data for create-error-class@https://registry.npmjs.org/create-error-class/-/create-error-class-3.0.2.tgz. Extracting by manifest.
6969 silly tarball no local data for duplexer3@https://registry.npmjs.org/duplexer3/-/duplexer3-0.1.5.tgz. Extracting by manifest.
6970 silly tarball no local data for got@https://registry.npmjs.org/got/-/got-6.7.1.tgz. Extracting by manifest.
6971 silly tarball no local data for registry-auth-token@https://registry.npmjs.org/registry-auth-token/-/registry-auth-token-3.4.0.tgz. Extracting by manifest.
6972 silly tarball no local data for registry-url@https://registry.npmjs.org/registry-url/-/registry-url-3.1.0.tgz. Extracting by manifest.
6973 silly tarball no local data for ini@https://registry.npmjs.org/ini/-/ini-1.3.8.tgz. Extracting by manifest.
6974 silly tarball no local data for package-json@https://registry.npmjs.org/package-json/-/package-json-4.0.1.tgz. Extracting by manifest.
6975 silly tarball no local data for is-path-inside@https://registry.npmjs.org/is-path-inside/-/is-path-inside-1.0.1.tgz. Extracting by manifest.
6976 silly tarball no local data for global-dirs@https://registry.npmjs.org/global-dirs/-/global-dirs-0.1.1.tgz. Extracting by manifest.
6977 silly tarball no local data for unique-string@https://registry.npmjs.org/unique-string/-/unique-string-1.0.0.tgz. Extracting by manifest.
6978 silly tarball no local data for dot-prop@https://registry.npmjs.org/dot-prop/-/dot-prop-4.2.1.tgz. Extracting by manifest.
6979 silly tarball no local data for widest-line@https://registry.npmjs.org/widest-line/-/widest-line-2.0.1.tgz. Extracting by manifest.
6980 silly tarball no local data for term-size@https://registry.npmjs.org/term-size/-/term-size-1.2.0.tgz. Extracting by manifest.
6981 silly tarball no local data for cli-boxes@https://registry.npmjs.org/cli-boxes/-/cli-boxes-1.0.0.tgz. Extracting by manifest.
6982 silly tarball no local data for camelcase@https://registry.npmjs.org/camelcase/-/camelcase-4.1.0.tgz. Extracting by manifest.
6983 silly tarball no local data for ansi-align@https://registry.npmjs.org/ansi-align/-/ansi-align-2.0.0.tgz. Extracting by manifest.
6984 silly tarball no local data for xdg-basedir@https://registry.npmjs.org/xdg-basedir/-/xdg-basedir-3.0.0.tgz. Extracting by manifest.
6985 silly tarball no local data for latest-version@https://registry.npmjs.org/latest-version/-/latest-version-3.1.0.tgz. Extracting by manifest.
6986 silly tarball no local data for semver-diff@https://registry.npmjs.org/semver-diff/-/semver-diff-2.1.0.tgz. Extracting by manifest.
6987 silly tarball no local data for is-installed-globally@https://registry.npmjs.org/is-installed-globally/-/is-installed-globally-0.1.0.tgz. Extracting by manifest.
6988 silly tarball no local data for import-lazy@https://registry.npmjs.org/import-lazy/-/import-lazy-2.1.0.tgz. Extracting by manifest.
6989 silly tarball no local data for is-npm@https://registry.npmjs.org/is-npm/-/is-npm-1.0.0.tgz. Extracting by manifest.
6990 silly tarball no local data for configstore@https://registry.npmjs.org/configstore/-/configstore-3.1.5.tgz. Extracting by manifest.
6991 silly tarball no local data for unique-slug@https://registry.npmjs.org/unique-slug/-/unique-slug-3.0.0.tgz. Extracting by manifest.
6992 silly tarball no local data for boxen@https://registry.npmjs.org/boxen/-/boxen-1.3.0.tgz. Extracting by manifest.
6993 silly tarball no local data for minimalistic-assert@https://registry.npmjs.org/minimalistic-assert/-/minimalistic-assert-1.0.1.tgz. Extracting by manifest.
6994 silly tarball no local data for underscore@https://registry.npmjs.org/underscore/-/underscore-1.13.8.tgz. Extracting by manifest.
6995 silly tarball no local data for has-bigints@https://registry.npmjs.org/has-bigints/-/has-bigints-1.1.0.tgz. Extracting by manifest.
6996 silly tarball no local data for des.js@https://registry.npmjs.org/des.js/-/des.js-1.1.0.tgz. Extracting by manifest.
6997 silly tarball no local data for js-md4@https://registry.npmjs.org/js-md4/-/js-md4-0.3.2.tgz. Extracting by manifest.
6998 silly tarball no local data for which-builtin-type@https://registry.npmjs.org/which-builtin-type/-/which-builtin-type-1.2.1.tgz. Extracting by manifest.
6999 silly tarball no local data for side-channel-weakmap@https://registry.npmjs.org/side-channel-weakmap/-/side-channel-weakmap-1.0.2.tgz. Extracting by manifest.
7000 silly tarball no local data for side-channel-map@https://registry.npmjs.org/side-channel-map/-/side-channel-map-1.0.1.tgz. Extracting by manifest.
7001 silly tarball no local data for es-shim-unscopables@https://registry.npmjs.org/es-shim-unscopables/-/es-shim-unscopables-1.1.0.tgz. Extracting by manifest.
7002 silly tarball no local data for side-channel-list@https://registry.npmjs.org/side-channel-list/-/side-channel-list-1.0.1.tgz. Extracting by manifest.
7003 silly tarball no local data for reflect.getprototypeof@https://registry.npmjs.org/reflect.getprototypeof/-/reflect.getprototypeof-1.0.10.tgz. Extracting by manifest.
7004 silly tarball no local data for object.entries@https://registry.npmjs.org/object.entries/-/object.entries-1.1.9.tgz. Extracting by manifest.
7005 silly tarball no local data for array.prototype.flatmap@https://registry.npmjs.org/array.prototype.flatmap/-/array.prototype.flatmap-1.3.3.tgz. Extracting by manifest.
7006 silly tarball no local data for path-parse@https://registry.npmjs.org/path-parse/-/path-parse-1.0.7.tgz. Extracting by manifest.
7007 silly tarball no local data for supports-preserve-symlinks-flag@https://registry.npmjs.org/supports-preserve-symlinks-flag/-/supports-preserve-symlinks-flag-1.0.0.tgz. Extracting by manifest.
7008 silly tarball no local data for node-exports-info@https://registry.npmjs.org/node-exports-info/-/node-exports-info-1.6.2.tgz. Extracting by manifest.
7009 silly tarball no local data for dunder-proto@https://registry.npmjs.org/dunder-proto/-/dunder-proto-1.0.1.tgz. Extracting by manifest.
7010 silly tarball no local data for set-function-name@https://registry.npmjs.org/set-function-name/-/set-function-name-2.0.2.tgz. Extracting by manifest.
7011 silly tarball no local data for is-document.all@https://registry.npmjs.org/is-document.all/-/is-document.all-1.0.0.tgz. Extracting by manifest.
7012 silly tarball no local data for is-symbol@https://registry.npmjs.org/is-symbol/-/is-symbol-1.1.1.tgz. Extracting by manifest.
7013 silly tarball no local data for functions-have-names@https://registry.npmjs.org/functions-have-names/-/functions-have-names-1.2.3.tgz. Extracting by manifest.
7014 silly tarball no local data for es-abstract-get@https://registry.npmjs.org/es-abstract-get/-/es-abstract-get-1.0.0.tgz. Extracting by manifest.
7015 silly tarball no local data for is-map@https://registry.npmjs.org/is-map/-/is-map-2.0.3.tgz. Extracting by manifest.
7016 silly tarball no local data for has-tostringtag@https://registry.npmjs.org/has-tostringtag/-/has-tostringtag-1.0.2.tgz. Extracting by manifest.
7017 silly tarball no local data for possible-typed-array-names@https://registry.npmjs.org/possible-typed-array-names/-/possible-typed-array-names-1.1.0.tgz. Extracting by manifest.
7018 silly tarball no local data for typed-array-byte-offset@https://registry.npmjs.org/typed-array-byte-offset/-/typed-array-byte-offset-1.0.5.tgz. Extracting by manifest.
7019 silly tarball no local data for unbox-primitive@https://registry.npmjs.org/unbox-primitive/-/unbox-primitive-1.1.0.tgz. Extracting by manifest.
7020 silly tarball no local data for typed-array-buffer@https://registry.npmjs.org/typed-array-buffer/-/typed-array-buffer-1.0.3.tgz. Extracting by manifest.
7021 silly tarball no local data for typed-array-length@https://registry.npmjs.org/typed-array-length/-/typed-array-length-1.0.8.tgz. Extracting by manifest.
7022 silly tarball no local data for string.prototype.trimstart@https://registry.npmjs.org/string.prototype.trimstart/-/string.prototype.trimstart-1.0.8.tgz. Extracting by manifest.
7023 silly tarball no local data for typed-array-byte-length@https://registry.npmjs.org/typed-array-byte-length/-/typed-array-byte-length-1.0.3.tgz. Extracting by manifest.
7024 silly tarball no local data for string.prototype.trimend@https://registry.npmjs.org/string.prototype.trimend/-/string.prototype.trimend-1.0.10.tgz. Extracting by manifest.
7025 silly tarball no local data for safe-regex-test@https://registry.npmjs.org/safe-regex-test/-/safe-regex-test-1.1.0.tgz. Extracting by manifest.
7026 silly tarball no local data for stop-iteration-iterator@https://registry.npmjs.org/stop-iteration-iterator/-/stop-iteration-iterator-1.1.0.tgz. Extracting by manifest.
7027 silly tarball no local data for set-proto@https://registry.npmjs.org/set-proto/-/set-proto-1.0.0.tgz. Extracting by manifest.
7028 silly tarball no local data for safe-push-apply@https://registry.npmjs.org/safe-push-apply/-/safe-push-apply-1.0.0.tgz. Extracting by manifest.
7029 silly tarball no local data for own-keys@https://registry.npmjs.org/own-keys/-/own-keys-1.0.2.tgz. Extracting by manifest.
7030 silly tarball no local data for safe-array-concat@https://registry.npmjs.org/safe-array-concat/-/safe-array-concat-1.1.4.tgz. Extracting by manifest.
7031 silly tarball no local data for math-intrinsics@https://registry.npmjs.org/math-intrinsics/-/math-intrinsics-1.1.0.tgz. Extracting by manifest.
7032 silly tarball no local data for is-weakref@https://registry.npmjs.org/is-weakref/-/is-weakref-1.1.1.tgz. Extracting by manifest.
7033 silly tarball no local data for is-set@https://registry.npmjs.org/is-set/-/is-set-2.0.3.tgz. Extracting by manifest.
7034 silly tarball no local data for is-typed-array@https://registry.npmjs.org/is-typed-array/-/is-typed-array-1.1.15.tgz. Extracting by manifest.
7035 silly tarball no local data for is-negative-zero@https://registry.npmjs.org/is-negative-zero/-/is-negative-zero-2.0.3.tgz. Extracting by manifest.
7036 silly tarball no local data for is-data-view@https://registry.npmjs.org/is-data-view/-/is-data-view-1.0.2.tgz. Extracting by manifest.
7037 silly tarball no local data for is-callable@https://registry.npmjs.org/is-callable/-/is-callable-1.2.7.tgz. Extracting by manifest.
7038 silly tarball no local data for internal-slot@https://registry.npmjs.org/internal-slot/-/internal-slot-1.1.0.tgz. Extracting by manifest.
7039 silly tarball no local data for has-symbols@https://registry.npmjs.org/has-symbols/-/has-symbols-1.1.0.tgz. Extracting by manifest.
7040 silly tarball no local data for globalthis@https://registry.npmjs.org/globalthis/-/globalthis-1.0.4.tgz. Extracting by manifest.
7041 silly tarball no local data for get-symbol-description@https://registry.npmjs.org/get-symbol-description/-/get-symbol-description-1.1.0.tgz. Extracting by manifest.
7042 silly tarball no local data for has-proto@https://registry.npmjs.org/has-proto/-/has-proto-1.2.0.tgz. Extracting by manifest.
7043 silly tarball no local data for get-proto@https://registry.npmjs.org/get-proto/-/get-proto-1.0.1.tgz. Extracting by manifest.
7044 silly tarball no local data for function.prototype.name@https://registry.npmjs.org/function.prototype.name/-/function.prototype.name-1.2.0.tgz. Extracting by manifest.
7045 silly tarball no local data for es-to-primitive@https://registry.npmjs.org/es-to-primitive/-/es-to-primitive-1.3.4.tgz. Extracting by manifest.
7046 silly tarball no local data for es-set-tostringtag@https://registry.npmjs.org/es-set-tostringtag/-/es-set-tostringtag-2.1.0.tgz. Extracting by manifest.
7047 silly tarball no local data for data-view-byte-offset@https://registry.npmjs.org/data-view-byte-offset/-/data-view-byte-offset-1.0.1.tgz. Extracting by manifest.
7048 silly tarball no local data for data-view-byte-length@https://registry.npmjs.org/data-view-byte-length/-/data-view-byte-length-1.0.2.tgz. Extracting by manifest.
7049 silly tarball no local data for data-view-buffer@https://registry.npmjs.org/data-view-buffer/-/data-view-buffer-1.0.2.tgz. Extracting by manifest.
7050 silly tarball no local data for arraybuffer.prototype.slice@https://registry.npmjs.org/arraybuffer.prototype.slice/-/arraybuffer.prototype.slice-1.0.4.tgz. Extracting by manifest.
7051 silly tarball no local data for available-typed-arrays@https://registry.npmjs.org/available-typed-arrays/-/available-typed-arrays-1.0.7.tgz. Extracting by manifest.
7052 silly tarball no local data for gopd@https://registry.npmjs.org/gopd/-/gopd-1.2.0.tgz. Extracting by manifest.
7053 silly tarball no local data for has-property-descriptors@https://registry.npmjs.org/has-property-descriptors/-/has-property-descriptors-1.0.2.tgz. Extracting by manifest.
7054 silly tarball no local data for which-typed-array@https://registry.npmjs.org/which-typed-array/-/which-typed-array-1.1.24.tgz. Extracting by manifest.
7055 silly tarball no local data for which-collection@https://registry.npmjs.org/which-collection/-/which-collection-1.0.2.tgz. Extracting by manifest.
7056 silly tarball no local data for define-data-property@https://registry.npmjs.org/define-data-property/-/define-data-property-1.1.4.tgz. Extracting by manifest.
7057 silly tarball no local data for which-boxed-primitive@https://registry.npmjs.org/which-boxed-primitive/-/which-boxed-primitive-1.1.1.tgz. Extracting by manifest.
7058 silly tarball no local data for side-channel@https://registry.npmjs.org/side-channel/-/side-channel-1.1.1.tgz. Extracting by manifest.
7059 silly tarball no local data for is-shared-array-buffer@https://registry.npmjs.org/is-shared-array-buffer/-/is-shared-array-buffer-1.0.4.tgz. Extracting by manifest.
7060 silly tarball no local data for regexp.prototype.flags@https://registry.npmjs.org/regexp.prototype.flags/-/regexp.prototype.flags-1.5.4.tgz. Extracting by manifest.
7061 silly tarball no local data for is-date-object@https://registry.npmjs.org/is-date-object/-/is-date-object-1.1.0.tgz. Extracting by manifest.
7062 silly tarball no local data for is-arguments@https://registry.npmjs.org/is-arguments/-/is-arguments-1.2.0.tgz. Extracting by manifest.
7063 silly tarball no local data for is-array-buffer@https://registry.npmjs.org/is-array-buffer/-/is-array-buffer-3.0.5.tgz. Extracting by manifest.
7064 silly tarball no local data for es-get-iterator@https://registry.npmjs.org/es-get-iterator/-/es-get-iterator-1.1.3.tgz. Extracting by manifest.
7065 silly tarball no local data for es-errors@https://registry.npmjs.org/es-errors/-/es-errors-1.3.0.tgz. Extracting by manifest.
7066 silly tarball no local data for array-buffer-byte-length@https://registry.npmjs.org/array-buffer-byte-length/-/array-buffer-byte-length-1.0.2.tgz. Extracting by manifest.
7067 silly tarball no local data for set-function-length@https://registry.npmjs.org/set-function-length/-/set-function-length-1.2.2.tgz. Extracting by manifest.
7068 silly tarball no local data for is-string@https://registry.npmjs.org/is-string/-/is-string-1.1.1.tgz. Extracting by manifest.
7069 silly tarball no local data for es-define-property@https://registry.npmjs.org/es-define-property/-/es-define-property-1.0.1.tgz. Extracting by manifest.
7070 silly tarball no local data for define-properties@https://registry.npmjs.org/define-properties/-/define-properties-1.2.1.tgz. Extracting by manifest.
7071 silly tarball no local data for es-abstract@https://registry.npmjs.org/es-abstract/-/es-abstract-1.24.2.tgz. Extracting by manifest.
7072 silly tarball no local data for call-bind-apply-helpers@https://registry.npmjs.org/call-bind-apply-helpers/-/call-bind-apply-helpers-1.0.2.tgz. Extracting by manifest.
7073 silly tarball no local data for get-intrinsic@https://registry.npmjs.org/get-intrinsic/-/get-intrinsic-1.3.0.tgz. Extracting by manifest.
7074 silly tarball no local data for string.prototype.trim@https://registry.npmjs.org/string.prototype.trim/-/string.prototype.trim-1.2.11.tgz. Extracting by manifest.
7075 silly tarball no local data for object.assign@https://registry.npmjs.org/object.assign/-/object.assign-4.1.7.tgz. Extracting by manifest.
7076 silly tarball no local data for resolve@https://registry.npmjs.org/resolve/-/resolve-2.0.0-next.7.tgz. Extracting by manifest.
7077 silly tarball no local data for mock-property@https://registry.npmjs.org/mock-property/-/mock-property-1.1.2.tgz. Extracting by manifest.
7078 silly tarball no local data for object-is@https://registry.npmjs.org/object-is/-/object-is-1.1.6.tgz. Extracting by manifest.
7079 silly tarball no local data for object-keys@https://registry.npmjs.org/object-keys/-/object-keys-1.1.1.tgz. Extracting by manifest.
7080 silly tarball no local data for is-regex@https://registry.npmjs.org/is-regex/-/is-regex-1.2.1.tgz. Extracting by manifest.
7081 silly tarball no local data for has-dynamic-import@https://registry.npmjs.org/has-dynamic-import/-/has-dynamic-import-2.1.1.tgz. Extracting by manifest.
7082 silly tarball no local data for for-each@https://registry.npmjs.org/for-each/-/for-each-0.3.5.tgz. Extracting by manifest.
7083 silly tarball no local data for dotignore@https://registry.npmjs.org/dotignore/-/dotignore-0.1.2.tgz. Extracting by manifest.
7084 silly tarball no local data for get-package-type@https://registry.npmjs.org/get-package-type/-/get-package-type-0.1.0.tgz. Extracting by manifest.
7085 silly tarball no local data for es-object-atoms@https://registry.npmjs.org/es-object-atoms/-/es-object-atoms-1.1.2.tgz. Extracting by manifest.
7086 silly tarball no local data for deep-equal@https://registry.npmjs.org/deep-equal/-/deep-equal-2.2.3.tgz. Extracting by manifest.
7087 silly tarball no local data for defined@https://registry.npmjs.org/defined/-/defined-1.0.1.tgz. Extracting by manifest.
7088 silly tarball no local data for call-bound@https://registry.npmjs.org/call-bound/-/call-bound-1.0.4.tgz. Extracting by manifest.
7089 silly tarball no local data for call-bind@https://registry.npmjs.org/call-bind/-/call-bind-1.0.9.tgz. Extracting by manifest.
7090 silly tarball no local data for @ljharb/through@https://registry.npmjs.org/@ljharb/through/-/through-2.3.14.tgz. Extracting by manifest.
7091 silly tarball no local data for array.prototype.every@https://registry.npmjs.org/array.prototype.every/-/array.prototype.every-1.1.7.tgz. Extracting by manifest.
7092 silly tarball no local data for @ljharb/resumer@https://registry.npmjs.org/@ljharb/resumer/-/resumer-0.1.3.tgz. Extracting by manifest.
7093 silly tarball no local data for is-obj@https://registry.npmjs.org/is-obj/-/is-obj-1.0.1.tgz. Extracting by manifest.
7094 silly tarball no local data for has-flag@https://registry.npmjs.org/has-flag/-/has-flag-3.0.0.tgz. Extracting by manifest.
7095 silly tarball no local data for get-own-enumerable-property-symbols@https://registry.npmjs.org/get-own-enumerable-property-symbols/-/get-own-enumerable-property-symbols-3.0.2.tgz. Extracting by manifest.
7096 silly tarball no local data for is-regexp@https://registry.npmjs.org/is-regexp/-/is-regexp-1.0.0.tgz. Extracting by manifest.
7097 silly tarball no local data for @ljharb/now@https://registry.npmjs.org/@ljharb/now/-/now-1.0.1.tgz. Extracting by manifest.
7098 silly tarball no local data for emoji-regex@https://registry.npmjs.org/emoji-regex/-/emoji-regex-8.0.0.tgz. Extracting by manifest.
7099 silly tarball no local data for any-observable@https://registry.npmjs.org/any-observable/-/any-observable-0.2.0.tgz. Extracting by manifest.
7100 silly tarball no local data for smart-buffer@https://registry.npmjs.org/smart-buffer/-/smart-buffer-4.2.0.tgz. Extracting by manifest.
7101 silly tarball no local data for is-fullwidth-code-point@https://registry.npmjs.org/is-fullwidth-code-point/-/is-fullwidth-code-point-2.0.0.tgz. Extracting by manifest.
7102 silly tarball no local data for ip-address@https://registry.npmjs.org/ip-address/-/ip-address-10.7.3.tgz. Extracting by manifest.
7103 silly tarball no local data for socks@https://registry.npmjs.org/socks/-/socks-2.8.10.tgz. Extracting by manifest.
7104 silly tarball no local data for mimic-fn@https://registry.npmjs.org/mimic-fn/-/mimic-fn-1.2.0.tgz. Extracting by manifest.
7105 silly tarball no local data for shebang-regex@https://registry.npmjs.org/shebang-regex/-/shebang-regex-1.0.0.tgz. Extracting by manifest.
7106 silly tarball no local data for caller-path@https://registry.npmjs.org/caller-path/-/caller-path-0.1.0.tgz. Extracting by manifest.
7107 silly tarball no local data for randombytes@https://registry.npmjs.org/randombytes/-/randombytes-2.1.0.tgz. Extracting by manifest.
7108 silly tarball no local data for onetime@https://registry.npmjs.org/onetime/-/onetime-2.0.1.tgz. Extracting by manifest.
7109 silly tarball no local data for is-finite@https://registry.npmjs.org/is-finite/-/is-finite-1.1.0.tgz. Extracting by manifest.
7110 silly tarball no local data for asap@https://registry.npmjs.org/asap/-/asap-2.0.6.tgz. Extracting by manifest.
7111 silly tarball no local data for dezalgo@https://registry.npmjs.org/dezalgo/-/dezalgo-1.0.4.tgz. Extracting by manifest.
7112 silly tarball no local data for util-deprecate@https://registry.npmjs.org/util-deprecate/-/util-deprecate-1.0.2.tgz. Extracting by manifest.
7113 silly tarball no local data for string_decoder@https://registry.npmjs.org/string_decoder/-/string_decoder-1.1.1.tgz. Extracting by manifest.
7114 silly tarball no local data for debuglog@https://registry.npmjs.org/debuglog/-/debuglog-1.0.1.tgz. Extracting by manifest.
7115 silly tarball no local data for process-nextick-args@https://registry.npmjs.org/process-nextick-args/-/process-nextick-args-2.0.1.tgz. Extracting by manifest.
7116 silly tarball no local data for core-util-is@https://registry.npmjs.org/core-util-is/-/core-util-is-1.0.3.tgz. Extracting by manifest.
7117 silly tarball no local data for isarray@https://registry.npmjs.org/isarray/-/isarray-1.0.0.tgz. Extracting by manifest.
7118 silly tarball no local data for validate-npm-package-license@https://registry.npmjs.org/validate-npm-package-license/-/validate-npm-package-license-3.0.4.tgz. Extracting by manifest.
7119 silly tarball no local data for is-core-module@https://registry.npmjs.org/is-core-module/-/is-core-module-2.17.0.tgz. Extracting by manifest.
7120 silly tarball no local data for normalize-package-data@https://registry.npmjs.org/normalize-package-data/-/normalize-package-data-4.0.1.tgz. Extracting by manifest.
7121 silly tarball no local data for retry@https://registry.npmjs.org/retry/-/retry-0.12.0.tgz. Extracting by manifest.
7122 silly tarball no local data for err-code@https://registry.npmjs.org/err-code/-/err-code-2.0.3.tgz. Extracting by manifest.
7123 silly tarball no local data for is-arrayish@https://registry.npmjs.org/is-arrayish/-/is-arrayish-0.2.1.tgz. Extracting by manifest.
7124 silly tarball no local data for irregular-plurals@https://registry.npmjs.org/irregular-plurals/-/irregular-plurals-3.5.0.tgz. Extracting by manifest.
7125 silly tarball no local data for error-ex@https://registry.npmjs.org/error-ex/-/error-ex-1.3.4.tgz. Extracting by manifest.
7126 silly tarball no local data for just-diff@https://registry.npmjs.org/just-diff/-/just-diff-5.2.0.tgz. Extracting by manifest.
7127 silly tarball no local data for just-diff-apply@https://registry.npmjs.org/just-diff-apply/-/just-diff-apply-5.5.0.tgz. Extracting by manifest.
7128 silly tarball no local data for callsites@https://registry.npmjs.org/callsites/-/callsites-3.1.0.tgz. Extracting by manifest.
7129 silly tarball no local data for read-package-json@https://registry.npmjs.org/read-package-json/-/read-package-json-5.0.2.tgz. Extracting by manifest.
7130 silly tarball no local data for ignore-walk@https://registry.npmjs.org/ignore-walk/-/ignore-walk-5.0.1.tgz. Extracting by manifest.
7131 silly tarball no local data for npm-packlist@https://registry.npmjs.org/npm-packlist/-/npm-packlist-5.1.3.tgz. Extracting by manifest.
7132 silly tarball no local data for yocto-queue@https://registry.npmjs.org/yocto-queue/-/yocto-queue-0.1.0.tgz. Extracting by manifest.
7133 silly tarball no local data for @npmcli/git@https://registry.npmjs.org/@npmcli/git/-/git-3.0.2.tgz. Extracting by manifest.
7134 silly tarball no local data for p-limit@https://registry.npmjs.org/p-limit/-/p-limit-3.1.0.tgz. Extracting by manifest.
7135 silly tarball no local data for os-homedir@https://registry.npmjs.org/os-homedir/-/os-homedir-1.0.2.tgz. Extracting by manifest.
7136 silly tarball no local data for cli-spinners@https://registry.npmjs.org/cli-spinners/-/cli-spinners-0.1.2.tgz. Extracting by manifest.
7137 silly tarball no local data for os-tmpdir@https://registry.npmjs.org/os-tmpdir/-/os-tmpdir-1.0.2.tgz. Extracting by manifest.
7138 silly tarball no local data for wide-align@https://registry.npmjs.org/wide-align/-/wide-align-1.1.5.tgz. Extracting by manifest.
7139 silly tarball no local data for has-unicode@https://registry.npmjs.org/has-unicode/-/has-unicode-2.0.1.tgz. Extracting by manifest.
7140 silly tarball no local data for color-support@https://registry.npmjs.org/color-support/-/color-support-1.1.3.tgz. Extracting by manifest.
7141 silly tarball no local data for aproba@https://registry.npmjs.org/aproba/-/aproba-2.1.0.tgz. Extracting by manifest.
7142 silly tarball no local data for delegates@https://registry.npmjs.org/delegates/-/delegates-1.0.0.tgz. Extracting by manifest.
7143 silly tarball no local data for set-blocking@https://registry.npmjs.org/set-blocking/-/set-blocking-2.0.0.tgz. Extracting by manifest.
7144 silly tarball no local data for gauge@https://registry.npmjs.org/gauge/-/gauge-4.0.4.tgz. Extracting by manifest.
7145 silly tarball no local data for console-control-strings@https://registry.npmjs.org/console-control-strings/-/console-control-strings-1.1.0.tgz. Extracting by manifest.
7146 silly tarball no local data for are-we-there-yet@https://registry.npmjs.org/are-we-there-yet/-/are-we-there-yet-3.0.1.tgz. Extracting by manifest.
7147 silly tarball no local data for function-bind@https://registry.npmjs.org/function-bind/-/function-bind-1.1.2.tgz. Extracting by manifest.
7148 silly tarball no local data for npm-path@https://registry.npmjs.org/npm-path/-/npm-path-2.0.4.tgz. Extracting by manifest.
7149 silly tarball no local data for hasown@https://registry.npmjs.org/hasown/-/hasown-2.0.4.tgz. Extracting by manifest.
7150 silly tarball no local data for minipass-json-stream@https://registry.npmjs.org/minipass-json-stream/-/minipass-json-stream-1.0.2.tgz. Extracting by manifest.
7151 silly tarball no local data for jsonparse@https://registry.npmjs.org/jsonparse/-/jsonparse-1.3.1.tgz. Extracting by manifest.
7152 silly tarball no local data for validate-npm-package-name@https://registry.npmjs.org/validate-npm-package-name/-/validate-npm-package-name-3.0.0.tgz. Extracting by manifest.
7153 silly tarball no local data for abbrev@https://registry.npmjs.org/abbrev/-/abbrev-1.1.1.tgz. Extracting by manifest.
7154 silly tarball no local data for hosted-git-info@https://registry.npmjs.org/hosted-git-info/-/hosted-git-info-2.8.9.tgz. Extracting by manifest.
7155 silly tarball no local data for osenv@https://registry.npmjs.org/osenv/-/osenv-0.1.5.tgz. Extracting by manifest.
7156 silly tarball no local data for minizlib@https://registry.npmjs.org/minizlib/-/minizlib-2.1.2.tgz. Extracting by manifest.
7157 silly tarball no local data for encoding@https://registry.npmjs.org/encoding/-/encoding-0.1.13.tgz. Extracting by manifest.
7158 silly tarball no local data for minipass-sized@https://registry.npmjs.org/minipass-sized/-/minipass-sized-1.0.3.tgz. Extracting by manifest.
7159 silly tarball no local data for humanize-ms@https://registry.npmjs.org/humanize-ms/-/humanize-ms-1.2.1.tgz. Extracting by manifest.
7160 silly tarball no local data for @tootallnate/once@https://registry.npmjs.org/@tootallnate/once/-/once-1.1.2.tgz. Extracting by manifest.
7161 silly tarball no local data for agent-base@https://registry.npmjs.org/agent-base/-/agent-base-6.0.2.tgz. Extracting by manifest.
7162 silly tarball no local data for socks-proxy-agent@https://registry.npmjs.org/socks-proxy-agent/-/socks-proxy-agent-6.2.1.tgz. Extracting by manifest.
7163 silly tarball no local data for promise-retry@https://registry.npmjs.org/promise-retry/-/promise-retry-2.0.1.tgz. Extracting by manifest.
7164 silly tarball no local data for minipass-fetch@https://registry.npmjs.org/minipass-fetch/-/minipass-fetch-1.4.1.tgz. Extracting by manifest.
7165 silly tarball no local data for negotiator@https://registry.npmjs.org/negotiator/-/negotiator-0.6.4.tgz. Extracting by manifest.
7166 silly tarball no local data for https-proxy-agent@https://registry.npmjs.org/https-proxy-agent/-/https-proxy-agent-5.0.1.tgz. Extracting by manifest.
7167 silly tarball no local data for is-lambda@https://registry.npmjs.org/is-lambda/-/is-lambda-1.0.1.tgz. Extracting by manifest.
7168 silly tarball no local data for http-proxy-agent@https://registry.npmjs.org/http-proxy-agent/-/http-proxy-agent-4.0.1.tgz. Extracting by manifest.
7169 silly tarball no local data for agentkeepalive@https://registry.npmjs.org/agentkeepalive/-/agentkeepalive-4.6.0.tgz. Extracting by manifest.
7170 silly tarball no local data for http-cache-semantics@https://registry.npmjs.org/http-cache-semantics/-/http-cache-semantics-4.2.0.tgz. Extracting by manifest.
7171 silly tarball no local data for make-fetch-happen@https://registry.npmjs.org/make-fetch-happen/-/make-fetch-happen-9.1.0.tgz. Extracting by manifest.
7172 silly tarball no local data for @gar/promisify@https://registry.npmjs.org/@gar/promisify/-/promisify-1.1.3.tgz. Extracting by manifest.
7173 silly tarball no local data for unique-filename@https://registry.npmjs.org/unique-filename/-/unique-filename-2.0.1.tgz. Extracting by manifest.
7174 silly tarball no local data for tar@https://registry.npmjs.org/tar/-/tar-6.2.1.tgz. Extracting by manifest.
7175 silly tarball no local data for env-paths@https://registry.npmjs.org/env-paths/-/env-paths-2.2.1.tgz. Extracting by manifest.
7176 silly tarball no local data for promise-inflight@https://registry.npmjs.org/promise-inflight/-/promise-inflight-1.0.1.tgz. Extracting by manifest.
7177 silly tarball no local data for minipass-pipeline@https://registry.npmjs.org/minipass-pipeline/-/minipass-pipeline-1.2.4.tgz. Extracting by manifest.
7178 silly tarball no local data for minipass-flush@https://registry.npmjs.org/minipass-flush/-/minipass-flush-1.0.7.tgz. Extracting by manifest.
7179 silly tarball no local data for minipass-collect@https://registry.npmjs.org/minipass-collect/-/minipass-collect-1.0.2.tgz. Extracting by manifest.
7180 silly tarball no local data for fs-minipass@https://registry.npmjs.org/fs-minipass/-/fs-minipass-2.1.0.tgz. Extracting by manifest.
7181 silly tarball no local data for write-file-atomic@https://registry.npmjs.org/write-file-atomic/-/write-file-atomic-4.0.2.tgz. Extracting by manifest.
7182 silly tarball no local data for chownr@https://registry.npmjs.org/chownr/-/chownr-2.0.0.tgz. Extracting by manifest.
7183 silly tarball no local data for @npmcli/fs@https://registry.npmjs.org/@npmcli/fs/-/fs-2.1.2.tgz. Extracting by manifest.
7184 silly tarball no local data for read-cmd-shim@https://registry.npmjs.org/read-cmd-shim/-/read-cmd-shim-3.0.1.tgz. Extracting by manifest.
7185 silly tarball no local data for cmd-shim@https://registry.npmjs.org/cmd-shim/-/cmd-shim-5.0.0.tgz. Extracting by manifest.
7186 silly tarball no local data for infer-owner@https://registry.npmjs.org/infer-owner/-/infer-owner-1.0.4.tgz. Extracting by manifest.
7187 silly tarball no local data for npm-normalize-package-bin@https://registry.npmjs.org/npm-normalize-package-bin/-/npm-normalize-package-bin-1.0.1.tgz. Extracting by manifest.
7188 silly tarball no local data for node-gyp@https://registry.npmjs.org/node-gyp/-/node-gyp-8.4.1.tgz. Extracting by manifest.
7189 silly tarball no local data for npm-bundled@https://registry.npmjs.org/npm-bundled/-/npm-bundled-1.1.2.tgz. Extracting by manifest.
7190 silly tarball no local data for walk-up-path@https://registry.npmjs.org/walk-up-path/-/walk-up-path-1.0.0.tgz. Extracting by manifest.
7191 silly tarball no local data for @npmcli/promise-spawn@https://registry.npmjs.org/@npmcli/promise-spawn/-/promise-spawn-3.0.0.tgz. Extracting by manifest.
7192 silly tarball no local data for treeverse@https://registry.npmjs.org/treeverse/-/treeverse-2.0.0.tgz. Extracting by manifest.
7193 silly tarball no local data for ssri@https://registry.npmjs.org/ssri/-/ssri-9.0.1.tgz. Extracting by manifest.
7194 silly tarball no local data for readdir-scoped-modules@https://registry.npmjs.org/readdir-scoped-modules/-/readdir-scoped-modules-1.1.0.tgz. Extracting by manifest.
7195 silly tarball no local data for promise-call-limit@https://registry.npmjs.org/promise-call-limit/-/promise-call-limit-1.0.2.tgz. Extracting by manifest.
7196 silly tarball no local data for parse-conflict-json@https://registry.npmjs.org/parse-conflict-json/-/parse-conflict-json-2.0.2.tgz. Extracting by manifest.
7197 silly tarball no local data for read-package-json-fast@https://registry.npmjs.org/read-package-json-fast/-/read-package-json-fast-2.0.3.tgz. Extracting by manifest.
7198 silly tarball no local data for proc-log@https://registry.npmjs.org/proc-log/-/proc-log-2.0.1.tgz. Extracting by manifest.
7199 silly tarball no local data for promise-all-reject-late@https://registry.npmjs.org/promise-all-reject-late/-/promise-all-reject-late-1.0.1.tgz. Extracting by manifest.
7200 silly tarball no local data for npmlog@https://registry.npmjs.org/npmlog/-/npmlog-6.0.2.tgz. Extracting by manifest.
7201 silly tarball no local data for npm-pick-manifest@https://registry.npmjs.org/npm-pick-manifest/-/npm-pick-manifest-7.0.2.tgz. Extracting by manifest.
7202 silly tarball no local data for npm-install-checks@https://registry.npmjs.org/npm-install-checks/-/npm-install-checks-5.0.0.tgz. Extracting by manifest.
7203 silly tarball no local data for npm-registry-fetch@https://registry.npmjs.org/npm-registry-fetch/-/npm-registry-fetch-13.3.1.tgz. Extracting by manifest.
7204 silly tarball no local data for nopt@https://registry.npmjs.org/nopt/-/nopt-5.0.0.tgz. Extracting by manifest.
7205 silly tarball no local data for mkdirp-infer-owner@https://registry.npmjs.org/mkdirp-infer-owner/-/mkdirp-infer-owner-2.0.0.tgz. Extracting by manifest.
7206 silly tarball no local data for common-ancestor-path@https://registry.npmjs.org/common-ancestor-path/-/common-ancestor-path-1.0.1.tgz. Extracting by manifest.
7207 silly tarball no local data for json-stringify-nice@https://registry.npmjs.org/json-stringify-nice/-/json-stringify-nice-1.1.4.tgz. Extracting by manifest.
7208 silly tarball no local data for json-parse-even-better-errors@https://registry.npmjs.org/json-parse-even-better-errors/-/json-parse-even-better-errors-2.3.1.tgz. Extracting by manifest.
7209 silly tarball no local data for bin-links@https://registry.npmjs.org/bin-links/-/bin-links-3.0.3.tgz. Extracting by manifest.
7210 silly tarball no local data for cacache@https://registry.npmjs.org/cacache/-/cacache-16.1.3.tgz. Extracting by manifest.
7211 silly tarball no local data for @npmcli/package-json@https://registry.npmjs.org/@npmcli/package-json/-/package-json-2.0.0.tgz. Extracting by manifest.
7212 silly tarball no local data for @npmcli/run-script@https://registry.npmjs.org/@npmcli/run-script/-/run-script-3.0.3.tgz. Extracting by manifest.
7213 silly tarball no local data for @npmcli/move-file@https://registry.npmjs.org/@npmcli/move-file/-/move-file-2.0.1.tgz. Extracting by manifest.
7214 silly tarball no local data for @npmcli/node-gyp@https://registry.npmjs.org/@npmcli/node-gyp/-/node-gyp-2.0.0.tgz. Extracting by manifest.
7215 silly tarball no local data for @npmcli/name-from-folder@https://registry.npmjs.org/@npmcli/name-from-folder/-/name-from-folder-1.0.1.tgz. Extracting by manifest.
7216 silly tarball no local data for @npmcli/metavuln-calculator@https://registry.npmjs.org/@npmcli/metavuln-calculator/-/metavuln-calculator-3.1.1.tgz. Extracting by manifest.
7217 silly tarball no local data for @npmcli/installed-package-contents@https://registry.npmjs.org/@npmcli/installed-package-contents/-/installed-package-contents-1.0.7.tgz. Extracting by manifest.
7218 silly tarball no local data for @npmcli/map-workspaces@https://registry.npmjs.org/@npmcli/map-workspaces/-/map-workspaces-2.0.4.tgz. Extracting by manifest.
7219 silly tarball no local data for object-inspect@https://registry.npmjs.org/object-inspect/-/object-inspect-1.13.4.tgz. Extracting by manifest.
7220 silly tarball no local data for pacote@https://registry.npmjs.org/pacote/-/pacote-13.6.0.tgz. Extracting by manifest.
7221 silly tarball no local data for @isaacs/string-locale-compare@https://registry.npmjs.org/@isaacs/string-locale-compare/-/string-locale-compare-1.1.0.tgz. Extracting by manifest.
7222 silly tarball no local data for @npmcli/arborist@https://registry.npmjs.org/@npmcli/arborist/-/arborist-5.2.1.tgz. Extracting by manifest.
7223 silly tarball no local data for monocart-locator@https://registry.npmjs.org/monocart-locator/-/monocart-locator-1.0.3.tgz. Extracting by manifest.
7224 silly tarball no local data for lz-utils@https://registry.npmjs.org/lz-utils/-/lz-utils-2.1.1.tgz. Extracting by manifest.
7225 silly tarball no local data for acorn-walk@https://registry.npmjs.org/acorn-walk/-/acorn-walk-8.3.5.tgz. Extracting by manifest.
7226 silly tarball no local data for eight-colors@https://registry.npmjs.org/eight-colors/-/eight-colors-1.3.3.tgz. Extracting by manifest.
7227 silly tarball no local data for yargs-unparser@https://registry.npmjs.org/yargs-unparser/-/yargs-unparser-2.0.0.tgz. Extracting by manifest.
7228 silly tarball no local data for console-grid@https://registry.npmjs.org/console-grid/-/console-grid-2.2.4.tgz. Extracting by manifest.
7229 silly tarball no local data for workerpool@https://registry.npmjs.org/workerpool/-/workerpool-6.5.1.tgz. Extracting by manifest.
7230 silly tarball no local data for acorn-loose@https://registry.npmjs.org/acorn-loose/-/acorn-loose-8.5.2.tgz. Extracting by manifest.
7231 silly tarball no local data for serialize-javascript@https://registry.npmjs.org/serialize-javascript/-/serialize-javascript-6.0.2.tgz. Extracting by manifest.
7232 silly tarball no local data for ansi-colors@https://registry.npmjs.org/ansi-colors/-/ansi-colors-4.1.3.tgz. Extracting by manifest.
7233 silly tarball no local data for concat-map@https://registry.npmjs.org/concat-map/-/concat-map-0.0.1.tgz. Extracting by manifest.
7234 silly tarball no local data for balanced-match@https://registry.npmjs.org/balanced-match/-/balanced-match-1.0.2.tgz. Extracting by manifest.
7235 silly tarball no local data for brace-expansion@https://registry.npmjs.org/brace-expansion/-/brace-expansion-1.1.21.tgz. Extracting by manifest.
7236 silly tarball no local data for yallist@https://registry.npmjs.org/yallist/-/yallist-2.1.2.tgz. Extracting by manifest.
7237 silly tarball no local data for pseudomap@https://registry.npmjs.org/pseudomap/-/pseudomap-1.0.2.tgz. Extracting by manifest.
7238 silly tarball no local data for date-fns@https://registry.npmjs.org/date-fns/-/date-fns-1.30.1.tgz. Extracting by manifest.
7239 silly tarball no local data for p-locate@https://registry.npmjs.org/p-locate/-/p-locate-5.0.0.tgz. Extracting by manifest.
7240 silly tarball no local data for elegant-spinner@https://registry.npmjs.org/elegant-spinner/-/elegant-spinner-1.0.1.tgz. Extracting by manifest.
7241 silly tarball no local data for symbol-observable@https://registry.npmjs.org/symbol-observable/-/symbol-observable-0.2.4.tgz. Extracting by manifest.
7242 silly tarball no local data for slice-ansi@https://registry.npmjs.org/slice-ansi/-/slice-ansi-0.0.4.tgz. Extracting by manifest.
7243 silly tarball no local data for repeating@https://registry.npmjs.org/repeating/-/repeating-2.0.1.tgz. Extracting by manifest.
7244 silly tarball no local data for rxjs@https://registry.npmjs.org/rxjs/-/rxjs-5.5.12.tgz. Extracting by manifest.
7245 silly tarball no local data for stream-to-observable@https://registry.npmjs.org/stream-to-observable/-/stream-to-observable-0.2.0.tgz. Extracting by manifest.
7246 silly tarball no local data for ora@https://registry.npmjs.org/ora/-/ora-0.2.3.tgz. Extracting by manifest.
7247 silly tarball no local data for log-update@https://registry.npmjs.org/log-update/-/log-update-1.0.2.tgz. Extracting by manifest.
7248 silly tarball no local data for listr-verbose-renderer@https://registry.npmjs.org/listr-verbose-renderer/-/listr-verbose-renderer-0.4.1.tgz. Extracting by manifest.
7249 silly tarball no local data for listr-update-renderer@https://registry.npmjs.org/listr-update-renderer/-/listr-update-renderer-0.4.0.tgz. Extracting by manifest.
7250 silly tarball no local data for listr-silent-renderer@https://registry.npmjs.org/listr-silent-renderer/-/listr-silent-renderer-1.1.1.tgz. Extracting by manifest.
7251 silly tarball no local data for is-promise@https://registry.npmjs.org/is-promise/-/is-promise-2.2.2.tgz. Extracting by manifest.
7252 silly tarball no local data for is-observable@https://registry.npmjs.org/is-observable/-/is-observable-0.2.0.tgz. Extracting by manifest.
7253 silly tarball no local data for indent-string@https://registry.npmjs.org/indent-string/-/indent-string-2.1.0.tgz. Extracting by manifest.
7254 silly tarball no local data for pretty-format@https://registry.npmjs.org/pretty-format/-/pretty-format-21.2.1.tgz. Extracting by manifest.
7255 silly tarball no local data for cli-truncate@https://registry.npmjs.org/cli-truncate/-/cli-truncate-0.2.1.tgz. Extracting by manifest.
7256 silly tarball no local data for leven@https://registry.npmjs.org/leven/-/leven-2.1.0.tgz. Extracting by manifest.
7257 silly tarball no local data for jest-get-type@https://registry.npmjs.org/jest-get-type/-/jest-get-type-21.2.0.tgz. Extracting by manifest.
7258 silly tarball no local data for strip-eof@https://registry.npmjs.org/strip-eof/-/strip-eof-1.0.0.tgz. Extracting by manifest.
7259 silly tarball no local data for p-finally@https://registry.npmjs.org/p-finally/-/p-finally-1.0.0.tgz. Extracting by manifest.
7260 silly tarball no local data for is-stream@https://registry.npmjs.org/is-stream/-/is-stream-1.1.0.tgz. Extracting by manifest.
7261 silly tarball no local data for npm-run-path@https://registry.npmjs.org/npm-run-path/-/npm-run-path-2.0.2.tgz. Extracting by manifest.
7262 silly tarball no local data for require-from-string@https://registry.npmjs.org/require-from-string/-/require-from-string-2.0.2.tgz. Extracting by manifest.
7263 silly tarball no local data for get-stream@https://registry.npmjs.org/get-stream/-/get-stream-3.0.0.tgz. Extracting by manifest.
7264 silly tarball no local data for parse-json@https://registry.npmjs.org/parse-json/-/parse-json-3.0.0.tgz. Extracting by manifest.
7265 silly tarball no local data for stringify-object@https://registry.npmjs.org/stringify-object/-/stringify-object-3.3.0.tgz. Extracting by manifest.
7266 silly tarball no local data for is-directory@https://registry.npmjs.org/is-directory/-/is-directory-0.3.1.tgz. Extracting by manifest.
7267 silly tarball no local data for staged-git-files@https://registry.npmjs.org/staged-git-files/-/staged-git-files-0.0.4.tgz. Extracting by manifest.
7268 silly tarball no local data for p-map@https://registry.npmjs.org/p-map/-/p-map-1.2.0.tgz. Extracting by manifest.
7269 silly tarball no local data for pify@https://registry.npmjs.org/pify/-/pify-3.0.0.tgz. Extracting by manifest.
7270 silly tarball no local data for listr@https://registry.npmjs.org/listr/-/listr-0.13.0.tgz. Extracting by manifest.
7271 silly tarball no local data for log-symbols@https://registry.npmjs.org/log-symbols/-/log-symbols-2.2.0.tgz. Extracting by manifest.
7272 silly tarball no local data for npm-which@https://registry.npmjs.org/npm-which/-/npm-which-3.0.1.tgz. Extracting by manifest.
7273 silly tarball no local data for find-parent-dir@https://registry.npmjs.org/find-parent-dir/-/find-parent-dir-0.3.1.tgz. Extracting by manifest.
7274 silly tarball no local data for dedent@https://registry.npmjs.org/dedent/-/dedent-0.7.0.tgz. Extracting by manifest.
7275 silly tarball no local data for jest-validate@https://registry.npmjs.org/jest-validate/-/jest-validate-21.2.1.tgz. Extracting by manifest.
7276 silly tarball no local data for cosmiconfig@https://registry.npmjs.org/cosmiconfig/-/cosmiconfig-3.1.0.tgz. Extracting by manifest.
7277 silly tarball no local data for execa@https://registry.npmjs.org/execa/-/execa-0.8.0.tgz. Extracting by manifest.
7278 silly tarball no local data for app-root-path@https://registry.npmjs.org/app-root-path/-/app-root-path-2.2.1.tgz. Extracting by manifest.
7279 silly tarball no local data for y18n@https://registry.npmjs.org/y18n/-/y18n-4.0.3.tgz. Extracting by manifest.
7280 silly tarball no local data for update-notifier@https://registry.npmjs.org/update-notifier/-/update-notifier-2.5.0.tgz. Extracting by manifest.
7281 silly tarball no local data for safe-buffer@https://registry.npmjs.org/safe-buffer/-/safe-buffer-5.2.1.tgz. Extracting by manifest.
7282 silly tarball no local data for dotenv@https://registry.npmjs.org/dotenv/-/dotenv-5.0.1.tgz. Extracting by manifest.
7283 silly tarball no local data for wrap-ansi-cjs@https://registry.npmjs.org/wrap-ansi/-/wrap-ansi-7.0.0.tgz. Extracting by manifest.
7284 silly tarball no local data for strip-ansi-cjs@https://registry.npmjs.org/strip-ansi/-/strip-ansi-6.0.1.tgz. Extracting by manifest.
7285 silly tarball no local data for npm-package-arg@https://registry.npmjs.org/npm-package-arg/-/npm-package-arg-6.1.1.tgz. Extracting by manifest.
7286 silly tarball no local data for wrap-ansi@https://registry.npmjs.org/wrap-ansi/-/wrap-ansi-8.1.0.tgz. Extracting by manifest.
7287 silly tarball no local data for string-width-cjs@https://registry.npmjs.org/string-width/-/string-width-4.2.3.tgz. Extracting by manifest.
7288 silly tarball no local data for html-escaper@https://registry.npmjs.org/html-escaper/-/html-escaper-2.0.2.tgz. Extracting by manifest.
7289 silly tarball no local data for @isaacs/cliui@https://registry.npmjs.org/@isaacs/cliui/-/cliui-8.0.2.tgz. Extracting by manifest.
7290 silly tarball no local data for @pkgjs/parseargs@https://registry.npmjs.org/@pkgjs/parseargs/-/parseargs-0.11.0.tgz. Extracting by manifest.
7291 silly tarball no local data for make-dir@https://registry.npmjs.org/make-dir/-/make-dir-4.0.0.tgz. Extracting by manifest.
7292 silly tarball no local data for ci-info@https://registry.npmjs.org/ci-info/-/ci-info-1.6.0.tgz. Extracting by manifest.
7293 silly tarball no local data for is-extglob@https://registry.npmjs.org/is-extglob/-/is-extglob-2.1.1.tgz. Extracting by manifest.
7294 silly tarball no local data for iconv-lite@https://registry.npmjs.org/iconv-lite/-/iconv-lite-0.4.24.tgz. Extracting by manifest.
7295 silly tarball no local data for chardet@https://registry.npmjs.org/chardet/-/chardet-0.4.2.tgz. Extracting by manifest.
7296 silly tarball no local data for safer-buffer@https://registry.npmjs.org/safer-buffer/-/safer-buffer-2.1.2.tgz. Extracting by manifest.
7297 silly tarball no local data for restore-cursor@https://registry.npmjs.org/restore-cursor/-/restore-cursor-2.0.0.tgz. Extracting by manifest.
7298 silly tarball no local data for string-width@https://registry.npmjs.org/string-width/-/string-width-2.1.1.tgz. Extracting by manifest.
7299 silly tarball no local data for through@https://registry.npmjs.org/through/-/through-2.3.8.tgz. Extracting by manifest.
7300 silly tarball no local data for rx-lite-aggregates@https://registry.npmjs.org/rx-lite-aggregates/-/rx-lite-aggregates-4.0.8.tgz. Extracting by manifest.
7301 silly tarball no local data for run-async@https://registry.npmjs.org/run-async/-/run-async-2.4.1.tgz. Extracting by manifest.
7302 silly tarball no local data for mute-stream@https://registry.npmjs.org/mute-stream/-/mute-stream-0.0.7.tgz. Extracting by manifest.
7303 silly tarball no local data for rx-lite@https://registry.npmjs.org/rx-lite/-/rx-lite-4.0.8.tgz. Extracting by manifest.
7304 silly tarball no local data for external-editor@https://registry.npmjs.org/external-editor/-/external-editor-2.2.0.tgz. Extracting by manifest.
7305 silly tarball no local data for cli-width@https://registry.npmjs.org/cli-width/-/cli-width-2.2.1.tgz. Extracting by manifest.
7306 silly tarball no local data for ansi-escapes@https://registry.npmjs.org/ansi-escapes/-/ansi-escapes-3.2.0.tgz. Extracting by manifest.
7307 silly tarball no local data for figures@https://registry.npmjs.org/figures/-/figures-2.0.0.tgz. Extracting by manifest.
7308 silly tarball no local data for resolve-from@https://registry.npmjs.org/resolve-from/-/resolve-from-4.0.0.tgz. Extracting by manifest.
7309 silly tarball no local data for cli-cursor@https://registry.npmjs.org/cli-cursor/-/cli-cursor-2.1.0.tgz. Extracting by manifest.
7310 silly tarball no local data for wrappy@https://registry.npmjs.org/wrappy/-/wrappy-1.0.2.tgz. Extracting by manifest.
7311 silly tarball no local data for parent-module@https://registry.npmjs.org/parent-module/-/parent-module-1.0.1.tgz. Extracting by manifest.
7312 silly tarball no local data for strip-indent@https://registry.npmjs.org/strip-indent/-/strip-indent-2.0.0.tgz. Extracting by manifest.
7313 silly tarball no local data for normalize-path@https://registry.npmjs.org/normalize-path/-/normalize-path-1.0.0.tgz. Extracting by manifest.
7314 silly tarball no local data for import-from@https://registry.npmjs.org/import-from/-/import-from-3.0.0.tgz. Extracting by manifest.
7315 silly tarball no local data for is-ci@https://registry.npmjs.org/is-ci/-/is-ci-1.2.1.tgz. Extracting by manifest.
7316 silly tarball no local data for wordwrap@https://registry.npmjs.org/wordwrap/-/wordwrap-1.0.0.tgz. Extracting by manifest.
7317 silly tarball no local data for minimist@https://registry.npmjs.org/minimist/-/minimist-1.2.8.tgz. Extracting by manifest.
7318 silly tarball no local data for uglify-js@https://registry.npmjs.org/uglify-js/-/uglify-js-3.19.3.tgz. Extracting by manifest.
7319 silly tarball no local data for path-scurry@https://registry.npmjs.org/path-scurry/-/path-scurry-1.11.1.tgz. Extracting by manifest.
7320 silly tarball no local data for neo-async@https://registry.npmjs.org/neo-async/-/neo-async-2.6.2.tgz. Extracting by manifest.
7321 silly tarball no local data for package-json-from-dist@https://registry.npmjs.org/package-json-from-dist/-/package-json-from-dist-1.0.1.tgz. Extracting by manifest.
7322 silly tarball no local data for jackspeak@https://registry.npmjs.org/jackspeak/-/jackspeak-3.4.3.tgz. Extracting by manifest.
7323 silly tarball no local data for minipass@https://registry.npmjs.org/minipass/-/minipass-7.1.3.tgz. Extracting by manifest.
7324 silly tarball no local data for signal-exit@https://registry.npmjs.org/signal-exit/-/signal-exit-4.1.0.tgz. Extracting by manifest.
7325 silly tarball no local data for graceful-fs@https://registry.npmjs.org/graceful-fs/-/graceful-fs-4.2.11.tgz. Extracting by manifest.
7326 silly tarball no local data for write@https://registry.npmjs.org/write/-/write-0.2.1.tgz. Extracting by manifest.
7327 silly tarball no local data for locate-path@https://registry.npmjs.org/locate-path/-/locate-path-6.0.0.tgz. Extracting by manifest.
7328 silly tarball no local data for path-exists@https://registry.npmjs.org/path-exists/-/path-exists-4.0.0.tgz. Extracting by manifest.
7329 silly tarball no local data for circular-json@https://registry.npmjs.org/circular-json/-/circular-json-0.3.3.tgz. Extracting by manifest.
7330 silly tarball no local data for strnum@https://registry.npmjs.org/strnum/-/strnum-1.1.2.tgz. Extracting by manifest.
7331 silly tarball no local data for plur@https://registry.npmjs.org/plur/-/plur-4.0.0.tgz. Extracting by manifest.
7332 silly tarball no local data for @humanfs/types@https://registry.npmjs.org/@humanfs/types/-/types-0.15.0.tgz. Extracting by manifest.
7333 silly tarball no local data for @humanfs/core@https://registry.npmjs.org/@humanfs/core/-/core-0.19.2.tgz. Extracting by manifest.
7334 silly tarball no local data for @eslint/object-schema@https://registry.npmjs.org/@eslint/object-schema/-/object-schema-2.1.7.tgz. Extracting by manifest.
7335 silly tarball no local data for @types/json-schema@https://registry.npmjs.org/@types/json-schema/-/json-schema-7.0.15.tgz. Extracting by manifest.
7336 silly tarball no local data for @humanwhocodes/module-importer@https://registry.npmjs.org/@humanwhocodes/module-importer/-/module-importer-1.0.1.tgz. Extracting by manifest.
7337 silly tarball no local data for @types/estree@https://registry.npmjs.org/@types/estree/-/estree-1.0.9.tgz. Extracting by manifest.
7338 silly tarball no local data for @eslint/plugin-kit@https://registry.npmjs.org/@eslint/plugin-kit/-/plugin-kit-0.4.1.tgz. Extracting by manifest.
7339 silly tarball no local data for @humanwhocodes/retry@https://registry.npmjs.org/@humanwhocodes/retry/-/retry-0.4.3.tgz. Extracting by manifest.
7340 silly tarball no local data for @humanfs/node@https://registry.npmjs.org/@humanfs/node/-/node-0.16.8.tgz. Extracting by manifest.
7341 silly tarball no local data for @eslint/config-helpers@https://registry.npmjs.org/@eslint/config-helpers/-/config-helpers-0.4.2.tgz. Extracting by manifest.
7342 silly tarball no local data for @eslint/core@https://registry.npmjs.org/@eslint/core/-/core-0.17.0.tgz. Extracting by manifest.
7343 silly tarball no local data for @eslint/config-array@https://registry.npmjs.org/@eslint/config-array/-/config-array-0.21.2.tgz. Extracting by manifest.
7344 silly tarball no local data for @eslint-community/regexpp@https://registry.npmjs.org/@eslint-community/regexpp/-/regexpp-4.12.2.tgz. Extracting by manifest.
7345 silly tarball no local data for @eslint-community/eslint-utils@https://registry.npmjs.org/@eslint-community/eslint-utils/-/eslint-utils-4.10.1.tgz. Extracting by manifest.
7346 silly tarball no local data for @dprint/linux-x64-glibc@https://registry.npmjs.org/@dprint/linux-x64-glibc/-/linux-x64-glibc-0.49.1.tgz. Extracting by manifest.
7347 silly tarball no local data for ms@https://registry.npmjs.org/ms/-/ms-2.1.3.tgz. Extracting by manifest.
7348 silly tarball no local data for path-key@https://registry.npmjs.org/path-key/-/path-key-3.1.1.tgz. Extracting by manifest.
7349 silly tarball no local data for typedarray@https://registry.npmjs.org/typedarray/-/typedarray-0.0.6.tgz. Extracting by manifest.
7350 silly tarball no local data for readable-stream@https://registry.npmjs.org/readable-stream/-/readable-stream-2.3.8.tgz. Extracting by manifest.
7351 silly tarball no local data for buffer-from@https://registry.npmjs.org/buffer-from/-/buffer-from-1.1.2.tgz. Extracting by manifest.
7352 silly tarball no local data for color-name@https://registry.npmjs.org/color-name/-/color-name-1.1.3.tgz. Extracting by manifest.
7353 silly tarball no local data for readdirp@https://registry.npmjs.org/readdirp/-/readdirp-4.1.2.tgz. Extracting by manifest.
7354 silly tarball no local data for type-detect@https://registry.npmjs.org/type-detect/-/type-detect-4.1.0.tgz. Extracting by manifest.
7355 silly tarball no local data for pathval@https://registry.npmjs.org/pathval/-/pathval-1.1.1.tgz. Extracting by manifest.
7356 silly tarball no local data for get-func-name@https://registry.npmjs.org/get-func-name/-/get-func-name-2.0.2.tgz. Extracting by manifest.
7357 silly tarball no local data for loupe@https://registry.npmjs.org/loupe/-/loupe-2.3.7.tgz. Extracting by manifest.
7358 silly tarball no local data for deep-eql@https://registry.npmjs.org/deep-eql/-/deep-eql-4.1.4.tgz. Extracting by manifest.
7359 silly tarball no local data for check-error@https://registry.npmjs.org/check-error/-/check-error-1.0.3.tgz. Extracting by manifest.
7360 silly tarball no local data for assertion-error@https://registry.npmjs.org/assertion-error/-/assertion-error-1.1.0.tgz. Extracting by manifest.
7361 silly tarball no local data for v8-to-istanbul@https://registry.npmjs.org/v8-to-istanbul/-/v8-to-istanbul-9.3.0.tgz. Extracting by manifest.
7362 silly tarball no local data for yargs@https://registry.npmjs.org/yargs/-/yargs-17.7.3.tgz. Extracting by manifest.
7363 silly tarball no local data for yargs-parser@https://registry.npmjs.org/yargs-parser/-/yargs-parser-21.1.1.tgz. Extracting by manifest.
7364 silly tarball no local data for istanbul-reports@https://registry.npmjs.org/istanbul-reports/-/istanbul-reports-3.2.0.tgz. Extracting by manifest.
7365 silly tarball no local data for test-exclude@https://registry.npmjs.org/test-exclude/-/test-exclude-7.0.2.tgz. Extracting by manifest.
7366 silly tarball no local data for istanbul-lib-coverage@https://registry.npmjs.org/istanbul-lib-coverage/-/istanbul-lib-coverage-3.2.2.tgz. Extracting by manifest.
7367 silly tarball no local data for istanbul-lib-report@https://registry.npmjs.org/istanbul-lib-report/-/istanbul-lib-report-3.0.1.tgz. Extracting by manifest.
7368 silly tarball no local data for foreground-child@https://registry.npmjs.org/foreground-child/-/foreground-child-3.3.1.tgz. Extracting by manifest.
7369 silly tarball no local data for find-up@https://registry.npmjs.org/find-up/-/find-up-5.0.0.tgz. Extracting by manifest.
7370 silly tarball no local data for @istanbuljs/schema@https://registry.npmjs.org/@istanbuljs/schema/-/schema-0.1.6.tgz. Extracting by manifest.
7371 silly tarball no local data for @bcoe/v8-coverage@https://registry.npmjs.org/@bcoe/v8-coverage/-/v8-coverage-1.0.2.tgz. Extracting by manifest.
7372 silly tarball no local data for js-tokens@https://registry.npmjs.org/js-tokens/-/js-tokens-3.0.2.tgz. Extracting by manifest.
7373 silly tarball no local data for typed-rest-client@https://registry.npmjs.org/typed-rest-client/-/typed-rest-client-2.1.0.tgz. Extracting by manifest.
7374 silly tarball no local data for tunnel@https://registry.npmjs.org/tunnel/-/tunnel-0.0.6.tgz. Extracting by manifest.
7375 silly tarball no local data for parse-github-url@https://registry.npmjs.org/parse-github-url/-/parse-github-url-1.0.4.tgz. Extracting by manifest.
7376 silly tarball no local data for import-cwd@https://registry.npmjs.org/import-cwd/-/import-cwd-3.0.0.tgz. Extracting by manifest.
7377 silly tarball no local data for tmp@https://registry.npmjs.org/tmp/-/tmp-0.2.1.tgz. Extracting by manifest.
7378 silly tarball no local data for rimraf@https://registry.npmjs.org/rimraf/-/rimraf-3.0.2.tgz. Extracting by manifest.
7379 silly tarball no local data for handlebars@https://registry.npmjs.org/handlebars/-/handlebars-4.7.9.tgz. Extracting by manifest.
7380 silly tarball no local data for npm-lockfile@https://registry.npmjs.org/npm-lockfile/-/npm-lockfile-3.0.7.tgz. Extracting by manifest.
7381 silly tarball no local data for libnpx@https://registry.npmjs.org/libnpx/-/libnpx-10.2.4.tgz. Extracting by manifest.
7382 silly tarball no local data for colors@https://registry.npmjs.org/colors/-/colors-1.4.0.tgz. Extracting by manifest.
7383 silly tarball no local data for find-package-json@https://registry.npmjs.org/find-package-json/-/find-package-json-1.2.0.tgz. Extracting by manifest.
7384 silly tarball no local data for node-cleanup@https://registry.npmjs.org/node-cleanup/-/node-cleanup-2.1.2.tgz. Extracting by manifest.
7385 silly tarball no local data for sprintf-js@https://registry.npmjs.org/sprintf-js/-/sprintf-js-1.0.3.tgz. Extracting by manifest.
7386 silly tarball no local data for color-convert@https://registry.npmjs.org/color-convert/-/color-convert-1.9.3.tgz. Extracting by manifest.
7387 silly tarball no local data for source-map@https://registry.npmjs.org/source-map/-/source-map-0.6.1.tgz. Extracting by manifest.
7388 silly tarball no local data for uri-js@https://registry.npmjs.org/uri-js/-/uri-js-4.4.1.tgz. Extracting by manifest.
7389 silly tarball no local data for @octokit/openapi-types@https://registry.npmjs.org/@octokit/openapi-types/-/openapi-types-25.1.0.tgz. Extracting by manifest.
7390 silly tarball no local data for undici-types@https://registry.npmjs.org/undici-types/-/undici-types-8.9.0.tgz. Extracting by manifest.
7391 silly tarball no local data for @octokit/endpoint@https://registry.npmjs.org/@octokit/endpoint/-/endpoint-10.1.4.tgz. Extracting by manifest.
7392 silly tarball no local data for fast-content-type-parse@https://registry.npmjs.org/fast-content-type-parse/-/fast-content-type-parse-2.0.1.tgz. Extracting by manifest.
7393 silly tarball no local data for @octokit/types@https://registry.npmjs.org/@octokit/types/-/types-14.1.0.tgz. Extracting by manifest.
7394 silly tarball no local data for before-after-hook@https://registry.npmjs.org/before-after-hook/-/before-after-hook-3.0.2.tgz. Extracting by manifest.
7395 silly tarball no local data for universal-user-agent@https://registry.npmjs.org/universal-user-agent/-/universal-user-agent-7.0.3.tgz. Extracting by manifest.
7396 silly tarball no local data for @octokit/request@https://registry.npmjs.org/@octokit/request/-/request-9.2.4.tgz. Extracting by manifest.
7397 silly tarball no local data for @octokit/request-error@https://registry.npmjs.org/@octokit/request-error/-/request-error-6.1.8.tgz. Extracting by manifest.
7398 silly tarball no local data for @octokit/graphql@https://registry.npmjs.org/@octokit/graphql/-/graphql-8.2.2.tgz. Extracting by manifest.
7399 silly tarball no local data for @octokit/auth-token@https://registry.npmjs.org/@octokit/auth-token/-/auth-token-5.1.2.tgz. Extracting by manifest.
7400 silly tarball no local data for @octokit/plugin-rest-endpoint-methods@https://registry.npmjs.org/@octokit/plugin-rest-endpoint-methods/-/plugin-rest-endpoint-methods-13.5.0.tgz. Extracting by manifest.
7401 silly tarball no local data for @octokit/plugin-request-log@https://registry.npmjs.org/@octokit/plugin-request-log/-/plugin-request-log-5.3.1.tgz. Extracting by manifest.
7402 silly tarball no local data for @octokit/plugin-paginate-rest@https://registry.npmjs.org/@octokit/plugin-paginate-rest/-/plugin-paginate-rest-11.6.0.tgz. Extracting by manifest.
7403 silly tarball no local data for tslib@https://registry.npmjs.org/tslib/-/tslib-2.8.1.tgz. Extracting by manifest.
7404 silly tarball no local data for @octokit/core@https://registry.npmjs.org/@octokit/core/-/core-6.1.6.tgz. Extracting by manifest.
7405 silly tarball no local data for @humanwhocodes/object-schema@https://registry.npmjs.org/@humanwhocodes/object-schema/-/object-schema-1.2.1.tgz. Extracting by manifest.
7406 silly tarball no local data for @esfx/disposable@https://registry.npmjs.org/@esfx/disposable/-/disposable-1.0.0.tgz. Extracting by manifest.
7407 silly tarball no local data for @esfx/cancelable@https://registry.npmjs.org/@esfx/cancelable/-/cancelable-1.0.0.tgz. Extracting by manifest.
7408 silly tarball no local data for @esbuild/linux-x64@https://registry.npmjs.org/@esbuild/linux-x64/-/linux-x64-0.25.12.tgz. Extracting by manifest.
7409 silly tarball no local data for isexe@https://registry.npmjs.org/isexe/-/isexe-2.0.0.tgz. Extracting by manifest.
7410 silly tarball no local data for ansi-regex@https://registry.npmjs.org/ansi-regex/-/ansi-regex-3.0.1.tgz. Extracting by manifest.
7411 silly tarball no local data for word-wrap@https://registry.npmjs.org/word-wrap/-/word-wrap-1.2.5.tgz. Extracting by manifest.
7412 silly tarball no local data for deep-is@https://registry.npmjs.org/deep-is/-/deep-is-0.1.4.tgz. Extracting by manifest.
7413 silly tarball no local data for fast-levenshtein@https://registry.npmjs.org/fast-levenshtein/-/fast-levenshtein-2.0.6.tgz. Extracting by manifest.
7414 silly tarball no local data for he@https://registry.npmjs.org/he/-/he-1.1.1.tgz. Extracting by manifest.
7415 silly tarball no local data for browser-stdout@https://registry.npmjs.org/browser-stdout/-/browser-stdout-1.3.0.tgz. Extracting by manifest.
7416 silly tarball no local data for growl@https://registry.npmjs.org/growl/-/growl-1.10.3.tgz. Extracting by manifest.
7417 silly tarball no local data for commander@https://registry.npmjs.org/commander/-/commander-2.11.0.tgz. Extracting by manifest.
7418 silly tarball no local data for type-check@https://registry.npmjs.org/type-check/-/type-check-0.3.2.tgz. Extracting by manifest.
7419 silly tarball no local data for prelude-ls@https://registry.npmjs.org/prelude-ls/-/prelude-ls-1.1.2.tgz. Extracting by manifest.
7420 silly tarball no local data for argparse@https://registry.npmjs.org/argparse/-/argparse-1.0.10.tgz. Extracting by manifest.
7421 silly tarball no local data for esprima@https://registry.npmjs.org/esprima/-/esprima-4.0.1.tgz. Extracting by manifest.
7422 silly tarball no local data for path-is-absolute@https://registry.npmjs.org/path-is-absolute/-/path-is-absolute-1.0.1.tgz. Extracting by manifest.
7423 silly tarball no local data for inherits@https://registry.npmjs.org/inherits/-/inherits-2.0.4.tgz. Extracting by manifest.
7424 silly tarball no local data for once@https://registry.npmjs.org/once/-/once-1.4.0.tgz. Extracting by manifest.
7425 silly tarball no local data for inflight@https://registry.npmjs.org/inflight/-/inflight-1.0.6.tgz. Extracting by manifest.
7426 silly tarball no local data for fs.realpath@https://registry.npmjs.org/fs.realpath/-/fs.realpath-1.0.0.tgz. Extracting by manifest.
7427 silly tarball no local data for object-assign@https://registry.npmjs.org/object-assign/-/object-assign-4.1.1.tgz. Extracting by manifest.
7428 silly tarball no local data for flat-cache@https://registry.npmjs.org/flat-cache/-/flat-cache-1.3.4.tgz. Extracting by manifest.
7429 silly tarball no local data for estraverse@https://registry.npmjs.org/estraverse/-/estraverse-4.3.0.tgz. Extracting by manifest.
7430 silly tarball no local data for acorn-jsx@https://registry.npmjs.org/acorn-jsx/-/acorn-jsx-3.0.1.tgz. Extracting by manifest.
7431 silly tarball no local data for acorn@https://registry.npmjs.org/acorn/-/acorn-5.7.4.tgz. Extracting by manifest.
7432 silly tarball no local data for shebang-command@https://registry.npmjs.org/shebang-command/-/shebang-command-1.2.0.tgz. Extracting by manifest.
7433 silly tarball no local data for esrecurse@https://registry.npmjs.org/esrecurse/-/esrecurse-4.3.0.tgz. Extracting by manifest.
7434 silly tarball no local data for lru-cache@https://registry.npmjs.org/lru-cache/-/lru-cache-4.1.5.tgz. Extracting by manifest.
7435 silly tarball no local data for ansi-styles@https://registry.npmjs.org/ansi-styles/-/ansi-styles-3.2.1.tgz. Extracting by manifest.
7436 silly tarball no local data for supports-color@https://registry.npmjs.org/supports-color/-/supports-color-5.5.0.tgz. Extracting by manifest.
7437 silly tarball no local data for json-schema-traverse@https://registry.npmjs.org/json-schema-traverse/-/json-schema-traverse-0.3.1.tgz. Extracting by manifest.
7438 silly tarball no local data for co@https://registry.npmjs.org/co/-/co-4.6.0.tgz. Extracting by manifest.
7439 silly tarball no local data for fast-json-stable-stringify@https://registry.npmjs.org/fast-json-stable-stringify/-/fast-json-stable-stringify-2.1.0.tgz. Extracting by manifest.
7440 silly tarball no local data for semver@https://registry.npmjs.org/semver/-/semver-5.7.2.tgz. Extracting by manifest.
7441 silly tarball no local data for table@https://registry.npmjs.org/table/-/table-4.0.2.tgz. Extracting by manifest.
7442 silly tarball no local data for progress@https://registry.npmjs.org/progress/-/progress-2.0.3.tgz. Extracting by manifest.
7443 silly tarball no local data for pluralize@https://registry.npmjs.org/pluralize/-/pluralize-7.0.0.tgz. Extracting by manifest.
7444 silly tarball no local data for require-uncached@https://registry.npmjs.org/require-uncached/-/require-uncached-1.0.3.tgz. Extracting by manifest.
7445 silly tarball no local data for path-is-inside@https://registry.npmjs.org/path-is-inside/-/path-is-inside-1.0.2.tgz. Extracting by manifest.
7446 silly tarball no local data for lodash@https://registry.npmjs.org/lodash/-/lodash-4.18.1.tgz. Extracting by manifest.
7447 silly tarball no local data for mkdirp@https://registry.npmjs.org/mkdirp/-/mkdirp-0.5.6.tgz. Extracting by manifest.
7448 silly tarball no local data for is-resolvable@https://registry.npmjs.org/is-resolvable/-/is-resolvable-1.1.0.tgz. Extracting by manifest.
7449 silly tarball no local data for concat-stream@https://registry.npmjs.org/concat-stream/-/concat-stream-1.6.2.tgz. Extracting by manifest.
7450 silly tarball no local data for inquirer@https://registry.npmjs.org/inquirer/-/inquirer-3.3.0.tgz. Extracting by manifest.
7451 silly tarball no local data for type-fest@https://registry.npmjs.org/type-fest/-/type-fest-0.20.2.tgz. Extracting by manifest.
7452 silly tarball no local data for v8-compile-cache@https://registry.npmjs.org/v8-compile-cache/-/v8-compile-cache-2.4.0.tgz. Extracting by manifest.
7453 silly tarball no local data for babel-code-frame@https://registry.npmjs.org/babel-code-frame/-/babel-code-frame-6.26.0.tgz. Extracting by manifest.
7454 silly tarball no local data for text-table@https://registry.npmjs.org/text-table/-/text-table-0.2.0.tgz. Extracting by manifest.
7455 silly tarball no local data for strip-ansi@https://registry.npmjs.org/strip-ansi/-/strip-ansi-6.0.1.tgz. Extracting by manifest.
7456 silly tarball no local data for strip-json-comments@https://registry.npmjs.org/strip-json-comments/-/strip-json-comments-3.1.1.tgz. Extracting by manifest.
7457 silly tarball no local data for regexpp@https://registry.npmjs.org/regexpp/-/regexpp-3.2.0.tgz. Extracting by manifest.
7458 silly tarball no local data for optionator@https://registry.npmjs.org/optionator/-/optionator-0.9.4.tgz. Extracting by manifest.
7459 silly tarball no local data for natural-compare@https://registry.npmjs.org/natural-compare/-/natural-compare-1.4.0.tgz. Extracting by manifest.
7460 silly tarball no local data for minimatch@https://registry.npmjs.org/minimatch/-/minimatch-3.1.5.tgz. Extracting by manifest.
7461 silly tarball no local data for lodash.merge@https://registry.npmjs.org/lodash.merge/-/lodash.merge-4.6.2.tgz. Extracting by manifest.
7462 silly tarball no local data for levn@https://registry.npmjs.org/levn/-/levn-0.4.1.tgz. Extracting by manifest.
7463 silly tarball no local data for json-stable-stringify-without-jsonify@https://registry.npmjs.org/json-stable-stringify-without-jsonify/-/json-stable-stringify-without-jsonify-1.0.1.tgz. Extracting by manifest.
7464 silly tarball no local data for js-yaml@https://registry.npmjs.org/js-yaml/-/js-yaml-4.3.2.tgz. Extracting by manifest.
7465 silly tarball no local data for is-glob@https://registry.npmjs.org/is-glob/-/is-glob-4.0.3.tgz. Extracting by manifest.
7466 silly tarball no local data for imurmurhash@https://registry.npmjs.org/imurmurhash/-/imurmurhash-0.1.4.tgz. Extracting by manifest.
7467 silly tarball no local data for import-fresh@https://registry.npmjs.org/import-fresh/-/import-fresh-3.3.1.tgz. Extracting by manifest.
7468 silly tarball no local data for ignore@https://registry.npmjs.org/ignore/-/ignore-5.3.2.tgz. Extracting by manifest.
7469 silly tarball no local data for glob-parent@https://registry.npmjs.org/glob-parent/-/glob-parent-6.0.2.tgz. Extracting by manifest.
7470 silly tarball no local data for file-entry-cache@https://registry.npmjs.org/file-entry-cache/-/file-entry-cache-6.0.1.tgz. Extracting by manifest.
7471 silly tarball no local data for functional-red-black-tree@https://registry.npmjs.org/functional-red-black-tree/-/functional-red-black-tree-1.0.1.tgz. Extracting by manifest.
7472 silly tarball no local data for fast-deep-equal@https://registry.npmjs.org/fast-deep-equal/-/fast-deep-equal-3.1.3.tgz. Extracting by manifest.
7473 silly tarball no local data for esutils@https://registry.npmjs.org/esutils/-/esutils-2.0.3.tgz. Extracting by manifest.
7474 silly tarball no local data for espree@https://registry.npmjs.org/espree/-/espree-9.6.1.tgz. Extracting by manifest.
7475 silly tarball no local data for esquery@https://registry.npmjs.org/esquery/-/esquery-1.7.0.tgz. Extracting by manifest.
7476 silly tarball no local data for eslint-visitor-keys@https://registry.npmjs.org/eslint-visitor-keys/-/eslint-visitor-keys-3.4.3.tgz. Extracting by manifest.
7477 silly tarball no local data for eslint-scope@https://registry.npmjs.org/eslint-scope/-/eslint-scope-7.2.2.tgz. Extracting by manifest.
7478 silly tarball no local data for escape-string-regexp@https://registry.npmjs.org/escape-string-regexp/-/escape-string-regexp-4.0.0.tgz. Extracting by manifest.
7479 silly tarball no local data for debug@https://registry.npmjs.org/debug/-/debug-4.4.3.tgz. Extracting by manifest.
7480 silly tarball no local data for cross-spawn@https://registry.npmjs.org/cross-spawn/-/cross-spawn-7.0.6.tgz. Extracting by manifest.
7481 silly tarball no local data for doctrine@https://registry.npmjs.org/doctrine/-/doctrine-3.0.0.tgz. Extracting by manifest.
7482 silly tarball no local data for ajv@https://registry.npmjs.org/ajv/-/ajv-6.15.0.tgz. Extracting by manifest.
7483 silly tarball no local data for chalk@https://registry.npmjs.org/chalk/-/chalk-4.1.2.tgz. Extracting by manifest.
7484 silly tarball no local data for @humanwhocodes/config-array@https://registry.npmjs.org/@humanwhocodes/config-array/-/config-array-0.9.5.tgz. Extracting by manifest.
7485 silly tarball no local data for @eslint/eslintrc@https://registry.npmjs.org/@eslint/eslintrc/-/eslintrc-2.1.4.tgz. Extracting by manifest.
7486 silly tarball no local data for expect.js@https://registry.npmjs.org/expect.js/-/expect.js-0.3.1.tgz. Extracting by manifest.
7487 silly tarball no local data for lint-staged@https://registry.npmjs.org/lint-staged/-/lint-staged-5.0.0.tgz. Extracting by manifest.
7488 silly tarball no local data for husky@https://registry.npmjs.org/husky/-/husky-0.14.3.tgz. Extracting by manifest.
7489 silly tarball no local data for prettier@https://registry.npmjs.org/prettier/-/prettier-2.0.5.tgz. Extracting by manifest.
7490 silly tarball no local data for tape@https://registry.npmjs.org/tape/-/tape-5.10.2.tgz. Extracting by manifest.
7491 silly tarball no local data for in-publish@https://registry.npmjs.org/in-publish/-/in-publish-2.0.1.tgz. Extracting by manifest.
7492 silly tarball no local data for npmignore@https://registry.npmjs.org/npmignore/-/npmignore-0.3.5.tgz. Extracting by manifest.
7493 silly tarball no local data for safe-publish-latest@https://registry.npmjs.org/safe-publish-latest/-/safe-publish-latest-2.0.0.tgz. Extracting by manifest.
7494 silly tarball no local data for auto-changelog@https://registry.npmjs.org/auto-changelog/-/auto-changelog-2.7.0.tgz. Extracting by manifest.
7495 silly tarball no local data for aud@https://registry.npmjs.org/aud/-/aud-2.0.5.tgz. Extracting by manifest.
7496 silly tarball no local data for which@https://registry.npmjs.org/which/-/which-3.0.1.tgz. Extracting by manifest.
7497 silly tarball no local data for source-map-support@https://registry.npmjs.org/source-map-support/-/source-map-support-0.5.21.tgz. Extracting by manifest.
7498 silly tarball no local data for playwright@https://registry.npmjs.org/playwright/-/playwright-1.63.0.tgz. Extracting by manifest.
7499 silly tarball no local data for monocart-coverage-reports@https://registry.npmjs.org/monocart-coverage-reports/-/monocart-coverage-reports-2.13.0.tgz. Extracting by manifest.
7500 silly tarball no local data for mocha-fivemat-progress-reporter@https://registry.npmjs.org/mocha-fivemat-progress-reporter/-/mocha-fivemat-progress-reporter-0.1.0.tgz. Extracting by manifest.
7501 silly tarball no local data for mocha@https://registry.npmjs.org/mocha/-/mocha-10.8.2.tgz. Extracting by manifest.
7502 silly tarball no local data for hereby@https://registry.npmjs.org/hereby/-/hereby-1.15.2.tgz. Extracting by manifest.
7503 silly tarball no local data for glob@https://registry.npmjs.org/glob/-/glob-10.5.0.tgz. Extracting by manifest.
7504 silly tarball no local data for globals@https://registry.npmjs.org/globals/-/globals-15.15.0.tgz. Extracting by manifest.
7505 silly tarball no local data for fast-xml-parser@https://registry.npmjs.org/fast-xml-parser/-/fast-xml-parser-4.5.7.tgz. Extracting by manifest.
7506 silly tarball no local data for eslint-formatter-autolinkable-stylish@https://registry.npmjs.org/eslint-formatter-autolinkable-stylish/-/eslint-formatter-autolinkable-stylish-1.4.0.tgz. Extracting by manifest.
7507 silly tarball no local data for eslint@https://registry.npmjs.org/eslint/-/eslint-9.39.5.tgz. Extracting by manifest.
7508 silly tarball no local data for diff@https://registry.npmjs.org/diff/-/diff-7.0.0.tgz. Extracting by manifest.
7509 silly tarball no local data for jsonc-parser@https://registry.npmjs.org/jsonc-parser/-/jsonc-parser-3.3.1.tgz. Extracting by manifest.
7510 silly tarball no local data for dprint@https://registry.npmjs.org/dprint/-/dprint-0.49.1.tgz. Extracting by manifest.
7511 silly tarball no local data for chai@https://registry.npmjs.org/chai/-/chai-4.5.0.tgz. Extracting by manifest.
7512 silly tarball no local data for chokidar@https://registry.npmjs.org/chokidar/-/chokidar-4.0.3.tgz. Extracting by manifest.
7513 silly tarball no local data for c8@https://registry.npmjs.org/c8/-/c8-10.1.3.tgz. Extracting by manifest.
7514 silly tarball no local data for @types/which@https://registry.npmjs.org/@types/which/-/which-3.0.4.tgz. Extracting by manifest.
7515 silly tarball no local data for azure-devops-node-api@https://registry.npmjs.org/azure-devops-node-api/-/azure-devops-node-api-14.1.0.tgz. Extracting by manifest.
7516 silly tarball no local data for @types/source-map-support@https://registry.npmjs.org/@types/source-map-support/-/source-map-support-0.5.10.tgz. Extracting by manifest.
7517 silly tarball no local data for @types/ms@https://registry.npmjs.org/@types/ms/-/ms-0.7.34.tgz. Extracting by manifest.
7518 silly tarball no local data for @types/node@https://registry.npmjs.org/@types/node/-/node-26.6.4.tgz. Extracting by manifest.
7519 silly tarball no local data for @types/mocha@https://registry.npmjs.org/@types/mocha/-/mocha-10.0.10.tgz. Extracting by manifest.
7520 silly tarball no local data for @types/diff@https://registry.npmjs.org/@types/diff/-/diff-7.0.2.tgz. Extracting by manifest.
7521 silly tarball no local data for @types/minimist@https://registry.npmjs.org/@types/minimist/-/minimist-1.2.5.tgz. Extracting by manifest.
7522 silly tarball no local data for @types/chai@https://registry.npmjs.org/@types/chai/-/chai-4.3.20.tgz. Extracting by manifest.
7523 silly tarball no local data for @octokit/rest@https://registry.npmjs.org/@octokit/rest/-/rest-21.1.1.tgz. Extracting by manifest.
7524 silly tarball no local data for @eslint/js@https://registry.npmjs.org/@eslint/js/-/js-9.39.5.tgz. Extracting by manifest.
7525 silly tarball no local data for @esfx/canceltoken@https://registry.npmjs.org/@esfx/canceltoken/-/canceltoken-1.0.0.tgz. Extracting by manifest.
7526 silly tarball no local data for playwright-core@https://registry.npmjs.org/playwright-core/-/playwright-core-1.63.0.tgz. Extracting by manifest.
7527 silly tarball no local data for @dprint/typescript@https://registry.npmjs.org/@dprint/typescript/-/typescript-0.93.4.tgz. Extracting by manifest.
7528 silly tarball no local data for @dprint/formatter@https://registry.npmjs.org/@dprint/formatter/-/formatter-0.4.1.tgz. Extracting by manifest.
7529 silly tarball no local data for normalize-path@https://registry.npmjs.org/normalize-path/-/normalize-path-3.0.0.tgz. Extracting by manifest.
7530 silly tarball no local data for picomatch@https://registry.npmjs.org/picomatch/-/picomatch-2.3.2.tgz. Extracting by manifest.
7531 silly tarball no local data for indent-string@https://registry.npmjs.org/indent-string/-/indent-string-4.0.0.tgz. Extracting by manifest.
7532 silly tarball no local data for walk-up-path@https://registry.npmjs.org/walk-up-path/-/walk-up-path-4.0.0.tgz. Extracting by manifest.
7533 silly tarball no local data for ansi-regex@https://registry.npmjs.org/ansi-regex/-/ansi-regex-2.1.1.tgz. Extracting by manifest.
7534 silly tarball no local data for color-convert@https://registry.npmjs.org/color-convert/-/color-convert-2.0.1.tgz. Extracting by manifest.
7535 silly tarball no local data for glob-parent@https://registry.npmjs.org/glob-parent/-/glob-parent-5.1.2.tgz. Extracting by manifest.
7536 silly tarball no local data for picomatch@https://registry.npmjs.org/picomatch/-/picomatch-2.3.2.tgz. Extracting by manifest.
7537 silly tarball no local data for eslint-visitor-keys@https://registry.npmjs.org/eslint-visitor-keys/-/eslint-visitor-keys-5.0.1.tgz. Extracting by manifest.
7538 silly tarball no local data for color-name@https://registry.npmjs.org/color-name/-/color-name-1.1.4.tgz. Extracting by manifest.
7539 silly tarball no local data for is-fullwidth-code-point@https://registry.npmjs.org/is-fullwidth-code-point/-/is-fullwidth-code-point-3.0.0.tgz. Extracting by manifest.
7540 silly tarball no local data for ansi-styles@https://registry.npmjs.org/ansi-styles/-/ansi-styles-4.3.0.tgz. Extracting by manifest.
7541 silly tarball no local data for strip-json-comments@https://registry.npmjs.org/strip-json-comments/-/strip-json-comments-2.0.1.tgz. Extracting by manifest.
7542 silly tarball no local data for wrap-ansi@https://registry.npmjs.org/wrap-ansi/-/wrap-ansi-7.0.0.tgz. Extracting by manifest.
7543 silly tarball no local data for string-width@https://registry.npmjs.org/string-width/-/string-width-4.2.3.tgz. Extracting by manifest.
7544 silly tarball no local data for which@https://registry.npmjs.org/which/-/which-1.3.1.tgz. Extracting by manifest.
7545 silly tarball no local data for signal-exit@https://registry.npmjs.org/signal-exit/-/signal-exit-3.0.7.tgz. Extracting by manifest.
7546 silly tarball no local data for cross-spawn@https://registry.npmjs.org/cross-spawn/-/cross-spawn-5.1.0.tgz. Extracting by manifest.
7547 silly tarball no local data for execa@https://registry.npmjs.org/execa/-/execa-0.7.0.tgz. Extracting by manifest.
7548 silly tarball no local data for signal-exit@https://registry.npmjs.org/signal-exit/-/signal-exit-3.0.7.tgz. Extracting by manifest.
7549 silly tarball no local data for make-dir@https://registry.npmjs.org/make-dir/-/make-dir-1.3.0.tgz. Extracting by manifest.
7550 silly tarball no local data for write-file-atomic@https://registry.npmjs.org/write-file-atomic/-/write-file-atomic-2.4.3.tgz. Extracting by manifest.
7551 silly tarball no local data for chalk@https://registry.npmjs.org/chalk/-/chalk-2.4.2.tgz. Extracting by manifest.
7552 silly tarball no local data for isarray@https://registry.npmjs.org/isarray/-/isarray-2.0.5.tgz. Extracting by manifest.
7553 silly tarball no local data for escape-string-regexp@https://registry.npmjs.org/escape-string-regexp/-/escape-string-regexp-1.0.5.tgz. Extracting by manifest.
7554 silly tarball no local data for isarray@https://registry.npmjs.org/isarray/-/isarray-2.0.5.tgz. Extracting by manifest.
7555 silly tarball no local data for semver@https://registry.npmjs.org/semver/-/semver-6.3.1.tgz. Extracting by manifest.
7556 silly tarball no local data for isarray@https://registry.npmjs.org/isarray/-/isarray-2.0.5.tgz. Extracting by manifest.
7557 silly tarball no local data for isarray@https://registry.npmjs.org/isarray/-/isarray-2.0.5.tgz. Extracting by manifest.
7558 silly tarball no local data for isarray@https://registry.npmjs.org/isarray/-/isarray-2.0.5.tgz. Extracting by manifest.
7559 silly tarball no local data for callsites@https://registry.npmjs.org/callsites/-/callsites-0.2.0.tgz. Extracting by manifest.
7560 silly tarball no local data for isarray@https://registry.npmjs.org/isarray/-/isarray-2.0.5.tgz. Extracting by manifest.
7561 silly tarball no local data for lru-cache@https://registry.npmjs.org/lru-cache/-/lru-cache-7.18.3.tgz. Extracting by manifest.
7562 silly tarball no local data for semver@https://registry.npmjs.org/semver/-/semver-7.8.5.tgz. Extracting by manifest.
7563 silly tarball no local data for safe-buffer@https://registry.npmjs.org/safe-buffer/-/safe-buffer-5.1.2.tgz. Extracting by manifest.
7564 silly tarball no local data for hosted-git-info@https://registry.npmjs.org/hosted-git-info/-/hosted-git-info-5.2.1.tgz. Extracting by manifest.
7565 silly tarball no local data for brace-expansion@https://registry.npmjs.org/brace-expansion/-/brace-expansion-2.1.7.tgz. Extracting by manifest.
7566 silly tarball no local data for minimatch@https://registry.npmjs.org/minimatch/-/minimatch-5.1.9.tgz. Extracting by manifest.
7567 silly tarball no local data for brace-expansion@https://registry.npmjs.org/brace-expansion/-/brace-expansion-2.1.7.tgz. Extracting by manifest.
7568 silly tarball no local data for npm-normalize-package-bin@https://registry.npmjs.org/npm-normalize-package-bin/-/npm-normalize-package-bin-2.0.0.tgz. Extracting by manifest.
7569 silly tarball no local data for minimatch@https://registry.npmjs.org/minimatch/-/minimatch-5.1.9.tgz. Extracting by manifest.
7570 silly tarball no local data for brace-expansion@https://registry.npmjs.org/brace-expansion/-/brace-expansion-2.1.7.tgz. Extracting by manifest.
7571 silly tarball no local data for minimatch@https://registry.npmjs.org/minimatch/-/minimatch-5.1.9.tgz. Extracting by manifest.
7572 silly tarball no local data for npm-bundled@https://registry.npmjs.org/npm-bundled/-/npm-bundled-2.0.1.tgz. Extracting by manifest.
7573 silly tarball no local data for glob@https://registry.npmjs.org/glob/-/glob-8.1.0.tgz. Extracting by manifest.
7574 silly tarball no local data for npm-normalize-package-bin@https://registry.npmjs.org/npm-normalize-package-bin/-/npm-normalize-package-bin-2.0.0.tgz. Extracting by manifest.
7575 silly tarball no local data for glob@https://registry.npmjs.org/glob/-/glob-8.1.0.tgz. Extracting by manifest.
7576 silly tarball no local data for semver@https://registry.npmjs.org/semver/-/semver-7.8.5.tgz. Extracting by manifest.
7577 silly tarball no local data for lru-cache@https://registry.npmjs.org/lru-cache/-/lru-cache-7.18.3.tgz. Extracting by manifest.
7578 silly tarball no local data for mkdirp@https://registry.npmjs.org/mkdirp/-/mkdirp-1.0.4.tgz. Extracting by manifest.
7579 silly tarball no local data for which@https://registry.npmjs.org/which/-/which-2.0.2.tgz. Extracting by manifest.
7580 silly tarball no local data for string-width@https://registry.npmjs.org/string-width/-/string-width-4.2.3.tgz. Extracting by manifest.
7581 silly tarball no local data for is-fullwidth-code-point@https://registry.npmjs.org/is-fullwidth-code-point/-/is-fullwidth-code-point-3.0.0.tgz. Extracting by manifest.
7582 silly tarball no local data for which@https://registry.npmjs.org/which/-/which-1.3.1.tgz. Extracting by manifest.
7583 silly tarball no local data for readable-stream@https://registry.npmjs.org/readable-stream/-/readable-stream-3.6.2.tgz. Extracting by manifest.
7584 silly tarball no local data for signal-exit@https://registry.npmjs.org/signal-exit/-/signal-exit-3.0.7.tgz. Extracting by manifest.
7585 silly tarball no local data for yallist@https://registry.npmjs.org/yallist/-/yallist-4.0.0.tgz. Extracting by manifest.
7586 silly tarball no local data for yallist@https://registry.npmjs.org/yallist/-/yallist-4.0.0.tgz. Extracting by manifest.
7587 silly tarball no local data for minipass@https://registry.npmjs.org/minipass/-/minipass-3.3.6.tgz. Extracting by manifest.
7588 silly tarball no local data for minipass@https://registry.npmjs.org/minipass/-/minipass-3.3.6.tgz. Extracting by manifest.
7589 silly tarball no local data for yallist@https://registry.npmjs.org/yallist/-/yallist-4.0.0.tgz. Extracting by manifest.
7590 silly tarball no local data for iconv-lite@https://registry.npmjs.org/iconv-lite/-/iconv-lite-0.6.3.tgz. Extracting by manifest.
7591 silly tarball no local data for minipass@https://registry.npmjs.org/minipass/-/minipass-3.3.6.tgz. Extracting by manifest.
7592 silly tarball no local data for minipass@https://registry.npmjs.org/minipass/-/minipass-3.3.6.tgz. Extracting by manifest.
7593 silly tarball no local data for yallist@https://registry.npmjs.org/yallist/-/yallist-4.0.0.tgz. Extracting by manifest.
7594 silly tarball no local data for yallist@https://registry.npmjs.org/yallist/-/yallist-4.0.0.tgz. Extracting by manifest.
7595 silly tarball no local data for unique-slug@https://registry.npmjs.org/unique-slug/-/unique-slug-2.0.2.tgz. Extracting by manifest.
7596 silly tarball no local data for semver@https://registry.npmjs.org/semver/-/semver-7.8.5.tgz. Extracting by manifest.
7597 silly tarball no local data for unique-filename@https://registry.npmjs.org/unique-filename/-/unique-filename-1.1.1.tgz. Extracting by manifest.
7598 silly tarball no local data for p-map@https://registry.npmjs.org/p-map/-/p-map-4.0.0.tgz. Extracting by manifest.
7599 silly tarball no local data for mkdirp@https://registry.npmjs.org/mkdirp/-/mkdirp-1.0.4.tgz. Extracting by manifest.
7600 silly tarball no local data for glob@https://registry.npmjs.org/glob/-/glob-7.2.3.tgz. Extracting by manifest.
7601 silly tarball no local data for @npmcli/move-file@https://registry.npmjs.org/@npmcli/move-file/-/move-file-1.1.2.tgz. Extracting by manifest.
7602 silly tarball no local data for @npmcli/fs@https://registry.npmjs.org/@npmcli/fs/-/fs-1.1.1.tgz. Extracting by manifest.
7603 silly tarball no local data for minipass@https://registry.npmjs.org/minipass/-/minipass-3.3.6.tgz. Extracting by manifest.
7604 silly tarball no local data for cacache@https://registry.npmjs.org/cacache/-/cacache-15.3.0.tgz. Extracting by manifest.
7605 silly tarball no local data for ssri@https://registry.npmjs.org/ssri/-/ssri-8.0.1.tgz. Extracting by manifest.
7606 silly tarball no local data for mkdirp@https://registry.npmjs.org/mkdirp/-/mkdirp-1.0.4.tgz. Extracting by manifest.
7607 silly tarball no local data for yallist@https://registry.npmjs.org/yallist/-/yallist-4.0.0.tgz. Extracting by manifest.
7608 silly tarball no local data for lru-cache@https://registry.npmjs.org/lru-cache/-/lru-cache-6.0.0.tgz. Extracting by manifest.
7609 silly tarball no local data for minipass@https://registry.npmjs.org/minipass/-/minipass-5.0.0.tgz. Extracting by manifest.
7610 silly tarball no local data for minipass@https://registry.npmjs.org/minipass/-/minipass-3.3.6.tgz. Extracting by manifest.
7611 silly tarball no local data for yallist@https://registry.npmjs.org/yallist/-/yallist-4.0.0.tgz. Extracting by manifest.
7612 silly tarball no local data for minipass@https://registry.npmjs.org/minipass/-/minipass-3.3.6.tgz. Extracting by manifest.
7613 silly tarball no local data for yallist@https://registry.npmjs.org/yallist/-/yallist-4.0.0.tgz. Extracting by manifest.
7614 silly tarball no local data for yallist@https://registry.npmjs.org/yallist/-/yallist-4.0.0.tgz. Extracting by manifest.
7615 silly tarball no local data for minipass@https://registry.npmjs.org/minipass/-/minipass-3.3.6.tgz. Extracting by manifest.
7616 silly tarball no local data for signal-exit@https://registry.npmjs.org/signal-exit/-/signal-exit-3.0.7.tgz. Extracting by manifest.
7617 silly tarball no local data for yallist@https://registry.npmjs.org/yallist/-/yallist-4.0.0.tgz. Extracting by manifest.
7618 silly tarball no local data for minipass@https://registry.npmjs.org/minipass/-/minipass-3.3.6.tgz. Extracting by manifest.
7619 silly tarball no local data for semver@https://registry.npmjs.org/semver/-/semver-7.8.5.tgz. Extracting by manifest.
7620 silly tarball no local data for which@https://registry.npmjs.org/which/-/which-2.0.2.tgz. Extracting by manifest.
7621 silly tarball no local data for semver@https://registry.npmjs.org/semver/-/semver-7.8.5.tgz. Extracting by manifest.
7622 silly tarball no local data for minipass@https://registry.npmjs.org/minipass/-/minipass-3.3.6.tgz. Extracting by manifest.
7623 silly tarball no local data for glob@https://registry.npmjs.org/glob/-/glob-7.2.3.tgz. Extracting by manifest.
7624 silly tarball no local data for yallist@https://registry.npmjs.org/yallist/-/yallist-4.0.0.tgz. Extracting by manifest.
7625 silly tarball no local data for validate-npm-package-name@https://registry.npmjs.org/validate-npm-package-name/-/validate-npm-package-name-4.0.0.tgz. Extracting by manifest.
7626 silly tarball no local data for builtins@https://registry.npmjs.org/builtins/-/builtins-5.1.0.tgz. Extracting by manifest.
7627 silly tarball no local data for semver@https://registry.npmjs.org/semver/-/semver-7.8.5.tgz. Extracting by manifest.
7628 silly tarball no local data for yallist@https://registry.npmjs.org/yallist/-/yallist-4.0.0.tgz. Extracting by manifest.
7629 silly tarball no local data for hosted-git-info@https://registry.npmjs.org/hosted-git-info/-/hosted-git-info-5.2.1.tgz. Extracting by manifest.
7630 silly tarball no local data for socks-proxy-agent@https://registry.npmjs.org/socks-proxy-agent/-/socks-proxy-agent-7.0.0.tgz. Extracting by manifest.
7631 silly tarball no local data for @tootallnate/once@https://registry.npmjs.org/@tootallnate/once/-/once-2.0.1.tgz. Extracting by manifest.
7632 silly tarball no local data for lru-cache@https://registry.npmjs.org/lru-cache/-/lru-cache-7.18.3.tgz. Extracting by manifest.
7633 silly tarball no local data for http-proxy-agent@https://registry.npmjs.org/http-proxy-agent/-/http-proxy-agent-5.0.0.tgz. Extracting by manifest.
7634 silly tarball no local data for minipass@https://registry.npmjs.org/minipass/-/minipass-3.3.6.tgz. Extracting by manifest.
7635 silly tarball no local data for npm-package-arg@https://registry.npmjs.org/npm-package-arg/-/npm-package-arg-9.1.2.tgz. Extracting by manifest.
7636 silly tarball no local data for minipass-fetch@https://registry.npmjs.org/minipass-fetch/-/minipass-fetch-2.1.2.tgz. Extracting by manifest.
7637 silly tarball no local data for builtins@https://registry.npmjs.org/builtins/-/builtins-5.1.0.tgz. Extracting by manifest.
7638 silly tarball no local data for make-fetch-happen@https://registry.npmjs.org/make-fetch-happen/-/make-fetch-happen-10.2.1.tgz. Extracting by manifest.
7639 silly tarball no local data for lru-cache@https://registry.npmjs.org/lru-cache/-/lru-cache-7.18.3.tgz. Extracting by manifest.
7640 silly tarball no local data for validate-npm-package-name@https://registry.npmjs.org/validate-npm-package-name/-/validate-npm-package-name-4.0.0.tgz. Extracting by manifest.
7641 silly tarball no local data for hosted-git-info@https://registry.npmjs.org/hosted-git-info/-/hosted-git-info-5.2.1.tgz. Extracting by manifest.
7642 silly tarball no local data for npm-package-arg@https://registry.npmjs.org/npm-package-arg/-/npm-package-arg-9.1.2.tgz. Extracting by manifest.
7643 silly tarball no local data for semver@https://registry.npmjs.org/semver/-/semver-7.8.5.tgz. Extracting by manifest.
7644 silly tarball no local data for semver@https://registry.npmjs.org/semver/-/semver-7.8.5.tgz. Extracting by manifest.
7645 silly tarball no local data for npm-normalize-package-bin@https://registry.npmjs.org/npm-normalize-package-bin/-/npm-normalize-package-bin-2.0.0.tgz. Extracting by manifest.
7646 silly tarball no local data for brace-expansion@https://registry.npmjs.org/brace-expansion/-/brace-expansion-2.1.7.tgz. Extracting by manifest.
7647 silly tarball no local data for mkdirp@https://registry.npmjs.org/mkdirp/-/mkdirp-1.0.4.tgz. Extracting by manifest.
7648 silly tarball no local data for yallist@https://registry.npmjs.org/yallist/-/yallist-4.0.0.tgz. Extracting by manifest.
7649 silly tarball no local data for p-map@https://registry.npmjs.org/p-map/-/p-map-4.0.0.tgz. Extracting by manifest.
7650 silly tarball no local data for mkdirp@https://registry.npmjs.org/mkdirp/-/mkdirp-1.0.4.tgz. Extracting by manifest.
7651 silly tarball no local data for minipass@https://registry.npmjs.org/minipass/-/minipass-3.3.6.tgz. Extracting by manifest.
7652 silly tarball no local data for minimatch@https://registry.npmjs.org/minimatch/-/minimatch-5.1.9.tgz. Extracting by manifest.
7653 silly tarball no local data for lru-cache@https://registry.npmjs.org/lru-cache/-/lru-cache-7.18.3.tgz. Extracting by manifest.
7654 silly tarball no local data for npm-normalize-package-bin@https://registry.npmjs.org/npm-normalize-package-bin/-/npm-normalize-package-bin-2.0.0.tgz. Extracting by manifest.
7655 silly tarball no local data for glob@https://registry.npmjs.org/glob/-/glob-8.1.0.tgz. Extracting by manifest.
7656 silly tarball no local data for mkdirp@https://registry.npmjs.org/mkdirp/-/mkdirp-1.0.4.tgz. Extracting by manifest.
7657 silly tarball no local data for brace-expansion@https://registry.npmjs.org/brace-expansion/-/brace-expansion-2.1.7.tgz. Extracting by manifest.
7658 silly tarball no local data for semver@https://registry.npmjs.org/semver/-/semver-7.8.5.tgz. Extracting by manifest.
7659 silly tarball no local data for glob@https://registry.npmjs.org/glob/-/glob-8.1.0.tgz. Extracting by manifest.
7660 silly tarball no local data for builtins@https://registry.npmjs.org/builtins/-/builtins-5.1.0.tgz. Extracting by manifest.
7661 silly tarball no local data for minimatch@https://registry.npmjs.org/minimatch/-/minimatch-5.1.9.tgz. Extracting by manifest.
7662 silly tarball no local data for lru-cache@https://registry.npmjs.org/lru-cache/-/lru-cache-7.18.3.tgz. Extracting by manifest.
7663 silly tarball no local data for validate-npm-package-name@https://registry.npmjs.org/validate-npm-package-name/-/validate-npm-package-name-4.0.0.tgz. Extracting by manifest.
7664 silly tarball no local data for semver@https://registry.npmjs.org/semver/-/semver-7.8.5.tgz. Extracting by manifest.
7665 silly tarball no local data for hosted-git-info@https://registry.npmjs.org/hosted-git-info/-/hosted-git-info-5.2.1.tgz. Extracting by manifest.
7666 silly tarball no local data for yallist@https://registry.npmjs.org/yallist/-/yallist-4.0.0.tgz. Extracting by manifest.
7667 silly tarball no local data for mkdirp@https://registry.npmjs.org/mkdirp/-/mkdirp-1.0.4.tgz. Extracting by manifest.
7668 silly tarball no local data for minipass@https://registry.npmjs.org/minipass/-/minipass-3.3.6.tgz. Extracting by manifest.
7669 silly tarball no local data for npm-package-arg@https://registry.npmjs.org/npm-package-arg/-/npm-package-arg-9.1.2.tgz. Extracting by manifest.
7670 silly tarball no local data for lru-cache@https://registry.npmjs.org/lru-cache/-/lru-cache-7.18.3.tgz. Extracting by manifest.
7671 silly tarball no local data for builtins@https://registry.npmjs.org/builtins/-/builtins-5.1.0.tgz. Extracting by manifest.
7672 silly tarball no local data for semver@https://registry.npmjs.org/semver/-/semver-7.8.5.tgz. Extracting by manifest.
7673 silly tarball no local data for hosted-git-info@https://registry.npmjs.org/hosted-git-info/-/hosted-git-info-5.2.1.tgz. Extracting by manifest.
7674 silly tarball no local data for validate-npm-package-name@https://registry.npmjs.org/validate-npm-package-name/-/validate-npm-package-name-4.0.0.tgz. Extracting by manifest.
7675 silly tarball no local data for npm-package-arg@https://registry.npmjs.org/npm-package-arg/-/npm-package-arg-9.1.2.tgz. Extracting by manifest.
7676 silly tarball no local data for mkdirp@https://registry.npmjs.org/mkdirp/-/mkdirp-1.0.4.tgz. Extracting by manifest.
7677 silly tarball no local data for acorn@https://registry.npmjs.org/acorn/-/acorn-8.18.0.tgz. Extracting by manifest.
7678 silly tarball no local data for acorn@https://registry.npmjs.org/acorn/-/acorn-8.18.0.tgz. Extracting by manifest.
7679 silly tarball no local data for camelcase@https://registry.npmjs.org/camelcase/-/camelcase-6.3.0.tgz. Extracting by manifest.
7680 silly tarball no local data for symbol-observable@https://registry.npmjs.org/symbol-observable/-/symbol-observable-1.0.1.tgz. Extracting by manifest.
7681 silly tarball no local data for ansi-regex@https://registry.npmjs.org/ansi-regex/-/ansi-regex-2.1.1.tgz. Extracting by manifest.
7682 silly tarball no local data for onetime@https://registry.npmjs.org/onetime/-/onetime-1.1.0.tgz. Extracting by manifest.
7683 silly tarball no local data for supports-color@https://registry.npmjs.org/supports-color/-/supports-color-2.0.0.tgz. Extracting by manifest.
7684 silly tarball no local data for restore-cursor@https://registry.npmjs.org/restore-cursor/-/restore-cursor-1.0.1.tgz. Extracting by manifest.
7685 silly tarball no local data for strip-ansi@https://registry.npmjs.org/strip-ansi/-/strip-ansi-3.0.1.tgz. Extracting by manifest.
7686 silly tarball no local data for ansi-styles@https://registry.npmjs.org/ansi-styles/-/ansi-styles-2.2.1.tgz. Extracting by manifest.
7687 silly tarball no local data for escape-string-regexp@https://registry.npmjs.org/escape-string-regexp/-/escape-string-regexp-1.0.5.tgz. Extracting by manifest.
7688 silly tarball no local data for cli-cursor@https://registry.npmjs.org/cli-cursor/-/cli-cursor-1.0.2.tgz. Extracting by manifest.
7689 silly tarball no local data for onetime@https://registry.npmjs.org/onetime/-/onetime-1.1.0.tgz. Extracting by manifest.
7690 silly tarball no local data for chalk@https://registry.npmjs.org/chalk/-/chalk-1.1.3.tgz. Extracting by manifest.
7691 silly tarball no local data for restore-cursor@https://registry.npmjs.org/restore-cursor/-/restore-cursor-1.0.1.tgz. Extracting by manifest.
7692 silly tarball no local data for cli-cursor@https://registry.npmjs.org/cli-cursor/-/cli-cursor-1.0.2.tgz. Extracting by manifest.
7693 silly tarball no local data for ansi-escapes@https://registry.npmjs.org/ansi-escapes/-/ansi-escapes-1.4.0.tgz. Extracting by manifest.
7694 silly tarball no local data for ansi-regex@https://registry.npmjs.org/ansi-regex/-/ansi-regex-2.1.1.tgz. Extracting by manifest.
7695 silly tarball no local data for onetime@https://registry.npmjs.org/onetime/-/onetime-1.1.0.tgz. Extracting by manifest.
7696 silly tarball no local data for strip-ansi@https://registry.npmjs.org/strip-ansi/-/strip-ansi-3.0.1.tgz. Extracting by manifest.
7697 silly tarball no local data for restore-cursor@https://registry.npmjs.org/restore-cursor/-/restore-cursor-1.0.1.tgz. Extracting by manifest.
7698 silly tarball no local data for supports-color@https://registry.npmjs.org/supports-color/-/supports-color-2.0.0.tgz. Extracting by manifest.
7699 silly tarball no local data for escape-string-regexp@https://registry.npmjs.org/escape-string-regexp/-/escape-string-regexp-1.0.5.tgz. Extracting by manifest.
7700 silly tarball no local data for ansi-styles@https://registry.npmjs.org/ansi-styles/-/ansi-styles-2.2.1.tgz. Extracting by manifest.
7701 silly tarball no local data for figures@https://registry.npmjs.org/figures/-/figures-1.7.0.tgz. Extracting by manifest.
7702 silly tarball no local data for cli-cursor@https://registry.npmjs.org/cli-cursor/-/cli-cursor-1.0.2.tgz. Extracting by manifest.
7703 silly tarball no local data for ansi-regex@https://registry.npmjs.org/ansi-regex/-/ansi-regex-2.1.1.tgz. Extracting by manifest.
7704 silly tarball no local data for chalk@https://registry.npmjs.org/chalk/-/chalk-1.1.3.tgz. Extracting by manifest.
7705 silly tarball no local data for supports-color@https://registry.npmjs.org/supports-color/-/supports-color-2.0.0.tgz. Extracting by manifest.
7706 silly tarball no local data for ansi-styles@https://registry.npmjs.org/ansi-styles/-/ansi-styles-2.2.1.tgz. Extracting by manifest.
7707 silly tarball no local data for escape-string-regexp@https://registry.npmjs.org/escape-string-regexp/-/escape-string-regexp-1.0.5.tgz. Extracting by manifest.
7708 silly tarball no local data for strip-ansi@https://registry.npmjs.org/strip-ansi/-/strip-ansi-3.0.1.tgz. Extracting by manifest.
7709 silly tarball no local data for indent-string@https://registry.npmjs.org/indent-string/-/indent-string-3.2.0.tgz. Extracting by manifest.
7710 silly tarball no local data for log-symbols@https://registry.npmjs.org/log-symbols/-/log-symbols-1.0.2.tgz. Extracting by manifest.
7711 silly tarball no local data for figures@https://registry.npmjs.org/figures/-/figures-1.7.0.tgz. Extracting by manifest.
7712 silly tarball no local data for ansi-regex@https://registry.npmjs.org/ansi-regex/-/ansi-regex-2.1.1.tgz. Extracting by manifest.
7713 silly tarball no local data for chalk@https://registry.npmjs.org/chalk/-/chalk-1.1.3.tgz. Extracting by manifest.
7714 silly tarball no local data for strip-ansi@https://registry.npmjs.org/strip-ansi/-/strip-ansi-3.0.1.tgz. Extracting by manifest.
7715 silly tarball no local data for string-width@https://registry.npmjs.org/string-width/-/string-width-1.0.2.tgz. Extracting by manifest.
7716 silly tarball no local data for is-fullwidth-code-point@https://registry.npmjs.org/is-fullwidth-code-point/-/is-fullwidth-code-point-1.0.0.tgz. Extracting by manifest.
7717 silly tarball no local data for escape-string-regexp@https://registry.npmjs.org/escape-string-regexp/-/escape-string-regexp-1.0.5.tgz. Extracting by manifest.
7718 silly tarball no local data for path-key@https://registry.npmjs.org/path-key/-/path-key-2.0.1.tgz. Extracting by manifest.
7719 silly tarball no local data for ansi-regex@https://registry.npmjs.org/ansi-regex/-/ansi-regex-2.1.1.tgz. Extracting by manifest.
7720 silly tarball no local data for which@https://registry.npmjs.org/which/-/which-1.3.1.tgz. Extracting by manifest.
7721 silly tarball no local data for supports-color@https://registry.npmjs.org/supports-color/-/supports-color-2.0.0.tgz. Extracting by manifest.
7722 silly tarball no local data for chalk@https://registry.npmjs.org/chalk/-/chalk-2.4.2.tgz. Extracting by manifest.
7723 silly tarball no local data for escape-string-regexp@https://registry.npmjs.org/escape-string-regexp/-/escape-string-regexp-1.0.5.tgz. Extracting by manifest.
7724 silly tarball no local data for ansi-styles@https://registry.npmjs.org/ansi-styles/-/ansi-styles-2.2.1.tgz. Extracting by manifest.
7725 silly tarball no local data for log-symbols@https://registry.npmjs.org/log-symbols/-/log-symbols-1.0.2.tgz. Extracting by manifest.
7726 silly tarball no local data for strip-ansi@https://registry.npmjs.org/strip-ansi/-/strip-ansi-3.0.1.tgz. Extracting by manifest.
7727 silly tarball no local data for escape-string-regexp@https://registry.npmjs.org/escape-string-regexp/-/escape-string-regexp-1.0.5.tgz. Extracting by manifest.
7728 silly tarball no local data for chalk@https://registry.npmjs.org/chalk/-/chalk-1.1.3.tgz. Extracting by manifest.
7729 silly tarball no local data for figures@https://registry.npmjs.org/figures/-/figures-1.7.0.tgz. Extracting by manifest.
7730 silly tarball no local data for which@https://registry.npmjs.org/which/-/which-1.3.1.tgz. Extracting by manifest.
7731 silly tarball no local data for chalk@https://registry.npmjs.org/chalk/-/chalk-2.4.2.tgz. Extracting by manifest.
7732 silly tarball no local data for signal-exit@https://registry.npmjs.org/signal-exit/-/signal-exit-3.0.7.tgz. Extracting by manifest.
7733 silly tarball no local data for js-yaml@https://registry.npmjs.org/js-yaml/-/js-yaml-3.15.2.tgz. Extracting by manifest.
7734 silly tarball no local data for cross-spawn@https://registry.npmjs.org/cross-spawn/-/cross-spawn-5.1.0.tgz. Extracting by manifest.
7735 silly tarball no local data for escape-string-regexp@https://registry.npmjs.org/escape-string-regexp/-/escape-string-regexp-1.0.5.tgz. Extracting by manifest.
7736 silly tarball no local data for is-fullwidth-code-point@https://registry.npmjs.org/is-fullwidth-code-point/-/is-fullwidth-code-point-3.0.0.tgz. Extracting by manifest.
7737 silly tarball no local data for color-name@https://registry.npmjs.org/color-name/-/color-name-1.1.4.tgz. Extracting by manifest.
7738 silly tarball no local data for chalk@https://registry.npmjs.org/chalk/-/chalk-2.4.2.tgz. Extracting by manifest.
7739 silly tarball no local data for color-convert@https://registry.npmjs.org/color-convert/-/color-convert-2.0.1.tgz. Extracting by manifest.
7740 silly tarball no local data for ansi-styles@https://registry.npmjs.org/ansi-styles/-/ansi-styles-4.3.0.tgz. Extracting by manifest.
7741 silly tarball no local data for string-width@https://registry.npmjs.org/string-width/-/string-width-4.2.3.tgz. Extracting by manifest.
7742 silly tarball no local data for ansi-regex@https://registry.npmjs.org/ansi-regex/-/ansi-regex-6.4.0.tgz. Extracting by manifest.
7743 silly tarball no local data for emoji-regex@https://registry.npmjs.org/emoji-regex/-/emoji-regex-9.2.2.tgz. Extracting by manifest.
7744 silly tarball no local data for strip-ansi@https://registry.npmjs.org/strip-ansi/-/strip-ansi-7.2.0.tgz. Extracting by manifest.
7745 silly tarball no local data for ansi-regex@https://registry.npmjs.org/ansi-regex/-/ansi-regex-5.0.1.tgz. Extracting by manifest.
7746 silly tarball no local data for string-width@https://registry.npmjs.org/string-width/-/string-width-5.1.2.tgz. Extracting by manifest.
7747 silly tarball no local data for ansi-styles@https://registry.npmjs.org/ansi-styles/-/ansi-styles-6.2.3.tgz. Extracting by manifest.
7748 silly tarball no local data for ansi-regex@https://registry.npmjs.org/ansi-regex/-/ansi-regex-6.4.0.tgz. Extracting by manifest.
7749 silly tarball no local data for is-fullwidth-code-point@https://registry.npmjs.org/is-fullwidth-code-point/-/is-fullwidth-code-point-3.0.0.tgz. Extracting by manifest.
7750 silly tarball no local data for strip-ansi@https://registry.npmjs.org/strip-ansi/-/strip-ansi-7.2.0.tgz. Extracting by manifest.
7751 silly tarball no local data for emoji-regex@https://registry.npmjs.org/emoji-regex/-/emoji-regex-9.2.2.tgz. Extracting by manifest.
7752 silly tarball no local data for string-width@https://registry.npmjs.org/string-width/-/string-width-5.1.2.tgz. Extracting by manifest.
7753 silly tarball no local data for semver@https://registry.npmjs.org/semver/-/semver-7.8.5.tgz. Extracting by manifest.
7754 silly tarball no local data for signal-exit@https://registry.npmjs.org/signal-exit/-/signal-exit-3.0.7.tgz. Extracting by manifest.
7755 silly tarball no local data for strip-ansi@https://registry.npmjs.org/strip-ansi/-/strip-ansi-4.0.0.tgz. Extracting by manifest.
7756 silly tarball no local data for escape-string-regexp@https://registry.npmjs.org/escape-string-regexp/-/escape-string-regexp-1.0.5.tgz. Extracting by manifest.
7757 silly tarball no local data for tmp@https://registry.npmjs.org/tmp/-/tmp-0.0.33.tgz. Extracting by manifest.
7758 silly tarball no local data for resolve-from@https://registry.npmjs.org/resolve-from/-/resolve-from-5.0.0.tgz. Extracting by manifest.
7759 silly tarball no local data for lru-cache@https://registry.npmjs.org/lru-cache/-/lru-cache-10.4.3.tgz. Extracting by manifest.
7760 silly tarball no local data for is-fullwidth-code-point@https://registry.npmjs.org/is-fullwidth-code-point/-/is-fullwidth-code-point-3.0.0.tgz. Extracting by manifest.
7761 silly tarball no local data for safe-buffer@https://registry.npmjs.org/safe-buffer/-/safe-buffer-5.1.2.tgz. Extracting by manifest.
7762 silly tarball no local data for y18n@https://registry.npmjs.org/y18n/-/y18n-5.0.8.tgz. Extracting by manifest.
7763 silly tarball no local data for string-width@https://registry.npmjs.org/string-width/-/string-width-4.2.3.tgz. Extracting by manifest.
7764 silly tarball no local data for balanced-match@https://registry.npmjs.org/balanced-match/-/balanced-match-4.0.4.tgz. Extracting by manifest.
7765 silly tarball no local data for minimatch@https://registry.npmjs.org/minimatch/-/minimatch-10.2.6.tgz. Extracting by manifest.
7766 silly tarball no local data for has-flag@https://registry.npmjs.org/has-flag/-/has-flag-4.0.0.tgz. Extracting by manifest.
7767 silly tarball no local data for brace-expansion@https://registry.npmjs.org/brace-expansion/-/brace-expansion-5.0.12.tgz. Extracting by manifest.
7768 silly tarball no local data for glob@https://registry.npmjs.org/glob/-/glob-7.2.3.tgz. Extracting by manifest.
7769 silly tarball no local data for supports-color@https://registry.npmjs.org/supports-color/-/supports-color-7.2.0.tgz. Extracting by manifest.
7770 silly tarball no local data for camelcase@https://registry.npmjs.org/camelcase/-/camelcase-5.3.1.tgz. Extracting by manifest.
7771 silly tarball no local data for ansi-regex@https://registry.npmjs.org/ansi-regex/-/ansi-regex-4.1.1.tgz. Extracting by manifest.
7772 silly tarball no local data for qs@https://registry.npmjs.org/qs/-/qs-6.16.0.tgz. Extracting by manifest.
7773 silly tarball no local data for emoji-regex@https://registry.npmjs.org/emoji-regex/-/emoji-regex-7.0.3.tgz. Extracting by manifest.
7774 silly tarball no local data for path-exists@https://registry.npmjs.org/path-exists/-/path-exists-3.0.0.tgz. Extracting by manifest.
7775 silly tarball no local data for p-locate@https://registry.npmjs.org/p-locate/-/p-locate-3.0.0.tgz. Extracting by manifest.
7776 silly tarball no local data for p-limit@https://registry.npmjs.org/p-limit/-/p-limit-2.3.0.tgz. Extracting by manifest.
7777 silly tarball no local data for wrap-ansi@https://registry.npmjs.org/wrap-ansi/-/wrap-ansi-5.1.0.tgz. Extracting by manifest.
7778 silly tarball no local data for locate-path@https://registry.npmjs.org/locate-path/-/locate-path-3.0.0.tgz. Extracting by manifest.
7779 silly tarball no local data for yargs-parser@https://registry.npmjs.org/yargs-parser/-/yargs-parser-15.0.3.tgz. Extracting by manifest.
7780 silly tarball no local data for strip-ansi@https://registry.npmjs.org/strip-ansi/-/strip-ansi-5.2.0.tgz. Extracting by manifest.
7781 silly tarball no local data for decamelize@https://registry.npmjs.org/decamelize/-/decamelize-1.2.0.tgz. Extracting by manifest.
7782 silly tarball no local data for find-up@https://registry.npmjs.org/find-up/-/find-up-3.0.0.tgz. Extracting by manifest.
7783 silly tarball no local data for string-width@https://registry.npmjs.org/string-width/-/string-width-3.1.0.tgz. Extracting by manifest.
7784 silly tarball no local data for cliui@https://registry.npmjs.org/cliui/-/cliui-5.0.0.tgz. Extracting by manifest.
7785 silly tarball no local data for yargs@https://registry.npmjs.org/yargs/-/yargs-14.2.3.tgz. Extracting by manifest.
7786 silly tarball no local data for glob@https://registry.npmjs.org/glob/-/glob-7.2.3.tgz. Extracting by manifest.
7787 silly tarball no local data for which@https://registry.npmjs.org/which/-/which-1.3.1.tgz. Extracting by manifest.
7788 silly tarball no local data for rimraf@https://registry.npmjs.org/rimraf/-/rimraf-2.7.1.tgz. Extracting by manifest.
7789 silly tarball no local data for punycode@https://registry.npmjs.org/punycode/-/punycode-2.3.1.tgz. Extracting by manifest.
7790 silly tarball no local data for @octokit/openapi-types@https://registry.npmjs.org/@octokit/openapi-types/-/openapi-types-24.2.0.tgz. Extracting by manifest.
7791 silly tarball no local data for @octokit/types@https://registry.npmjs.org/@octokit/types/-/types-13.10.0.tgz. Extracting by manifest.
7792 silly tarball no local data for @octokit/openapi-types@https://registry.npmjs.org/@octokit/openapi-types/-/openapi-types-24.2.0.tgz. Extracting by manifest.
7793 silly tarball no local data for @octokit/types@https://registry.npmjs.org/@octokit/types/-/types-13.10.0.tgz. Extracting by manifest.
7794 silly tarball no local data for glob@https://registry.npmjs.org/glob/-/glob-7.2.3.tgz. Extracting by manifest.
7795 silly tarball no local data for acorn@https://registry.npmjs.org/acorn/-/acorn-3.3.0.tgz. Extracting by manifest.
7796 silly tarball no local data for escape-string-regexp@https://registry.npmjs.org/escape-string-regexp/-/escape-string-regexp-1.0.5.tgz. Extracting by manifest.
7797 silly tarball no local data for fast-deep-equal@https://registry.npmjs.org/fast-deep-equal/-/fast-deep-equal-1.1.0.tgz. Extracting by manifest.
7798 silly tarball no local data for rimraf@https://registry.npmjs.org/rimraf/-/rimraf-2.6.3.tgz. Extracting by manifest.
7799 silly tarball no local data for slice-ansi@https://registry.npmjs.org/slice-ansi/-/slice-ansi-1.0.0.tgz. Extracting by manifest.
7800 silly tarball no local data for estraverse@https://registry.npmjs.org/estraverse/-/estraverse-5.3.0.tgz. Extracting by manifest.
7801 silly tarball no local data for ajv-keywords@https://registry.npmjs.org/ajv-keywords/-/ajv-keywords-2.1.1.tgz. Extracting by manifest.
7802 silly tarball no local data for chalk@https://registry.npmjs.org/chalk/-/chalk-2.4.2.tgz. Extracting by manifest.
7803 silly tarball no local data for resolve-from@https://registry.npmjs.org/resolve-from/-/resolve-from-1.0.1.tgz. Extracting by manifest.
7804 silly tarball no local data for ajv@https://registry.npmjs.org/ajv/-/ajv-5.5.2.tgz. Extracting by manifest.
7805 silly tarball no local data for escape-string-regexp@https://registry.npmjs.org/escape-string-regexp/-/escape-string-regexp-1.0.5.tgz. Extracting by manifest.
7806 silly tarball no local data for strip-ansi@https://registry.npmjs.org/strip-ansi/-/strip-ansi-4.0.0.tgz. Extracting by manifest.
7807 silly tarball no local data for chalk@https://registry.npmjs.org/chalk/-/chalk-2.4.2.tgz. Extracting by manifest.
7808 silly tarball no local data for strip-ansi@https://registry.npmjs.org/strip-ansi/-/strip-ansi-3.0.1.tgz. Extracting by manifest.
7809 silly tarball no local data for ansi-regex@https://registry.npmjs.org/ansi-regex/-/ansi-regex-2.1.1.tgz. Extracting by manifest.
7810 silly tarball no local data for supports-color@https://registry.npmjs.org/supports-color/-/supports-color-2.0.0.tgz. Extracting by manifest.
7811 silly tarball no local data for ansi-styles@https://registry.npmjs.org/ansi-styles/-/ansi-styles-2.2.1.tgz. Extracting by manifest.
7812 silly tarball no local data for escape-string-regexp@https://registry.npmjs.org/escape-string-regexp/-/escape-string-regexp-1.0.5.tgz. Extracting by manifest.
7813 silly tarball no local data for chalk@https://registry.npmjs.org/chalk/-/chalk-1.1.3.tgz. Extracting by manifest.
7814 silly tarball no local data for type-check@https://registry.npmjs.org/type-check/-/type-check-0.4.0.tgz. Extracting by manifest.
7815 silly tarball no local data for ansi-regex@https://registry.npmjs.org/ansi-regex/-/ansi-regex-5.0.1.tgz. Extracting by manifest.
7816 silly tarball no local data for prelude-ls@https://registry.npmjs.org/prelude-ls/-/prelude-ls-1.2.1.tgz. Extracting by manifest.
7817 silly tarball no local data for prelude-ls@https://registry.npmjs.org/prelude-ls/-/prelude-ls-1.2.1.tgz. Extracting by manifest.
7818 silly tarball no local data for estraverse@https://registry.npmjs.org/estraverse/-/estraverse-5.3.0.tgz. Extracting by manifest.
7819 silly tarball no local data for type-check@https://registry.npmjs.org/type-check/-/type-check-0.4.0.tgz. Extracting by manifest.
7820 silly tarball no local data for flat-cache@https://registry.npmjs.org/flat-cache/-/flat-cache-3.2.0.tgz. Extracting by manifest.
7821 silly tarball no local data for argparse@https://registry.npmjs.org/argparse/-/argparse-2.0.1.tgz. Extracting by manifest.
7822 silly tarball no local data for acorn-jsx@https://registry.npmjs.org/acorn-jsx/-/acorn-jsx-5.3.2.tgz. Extracting by manifest.
7823 silly tarball no local data for estraverse@https://registry.npmjs.org/estraverse/-/estraverse-5.3.0.tgz. Extracting by manifest.
7824 silly tarball no local data for acorn@https://registry.npmjs.org/acorn/-/acorn-8.18.0.tgz. Extracting by manifest.
7825 silly tarball no local data for shebang-regex@https://registry.npmjs.org/shebang-regex/-/shebang-regex-3.0.0.tgz. Extracting by manifest.
7826 silly tarball no local data for which@https://registry.npmjs.org/which/-/which-2.0.2.tgz. Extracting by manifest.
7827 silly tarball no local data for shebang-command@https://registry.npmjs.org/shebang-command/-/shebang-command-2.0.0.tgz. Extracting by manifest.
7828 silly tarball no local data for color-name@https://registry.npmjs.org/color-name/-/color-name-1.1.4.tgz. Extracting by manifest.
7829 silly tarball no local data for has-flag@https://registry.npmjs.org/has-flag/-/has-flag-4.0.0.tgz. Extracting by manifest.
7830 silly tarball no local data for color-convert@https://registry.npmjs.org/color-convert/-/color-convert-2.0.1.tgz. Extracting by manifest.
7831 silly tarball no local data for supports-color@https://registry.npmjs.org/supports-color/-/supports-color-7.2.0.tgz. Extracting by manifest.
7832 silly tarball no local data for ansi-styles@https://registry.npmjs.org/ansi-styles/-/ansi-styles-4.3.0.tgz. Extracting by manifest.
7833 silly tarball no local data for globals@https://registry.npmjs.org/globals/-/globals-13.24.0.tgz. Extracting by manifest.
7834 silly tarball no local data for escape-string-regexp@https://registry.npmjs.org/escape-string-regexp/-/escape-string-regexp-1.0.5.tgz. Extracting by manifest.
7835 silly tarball no local data for chalk@https://registry.npmjs.org/chalk/-/chalk-2.4.2.tgz. Extracting by manifest.
7836 silly tarball no local data for json-schema-traverse@https://registry.npmjs.org/json-schema-traverse/-/json-schema-traverse-0.4.1.tgz. Extracting by manifest.
7837 silly tarball no local data for glob@https://registry.npmjs.org/glob/-/glob-7.2.3.tgz. Extracting by manifest.
7838 silly tarball no local data for semver@https://registry.npmjs.org/semver/-/semver-7.8.5.tgz. Extracting by manifest.
7839 silly tarball no local data for semver@https://registry.npmjs.org/semver/-/semver-7.8.5.tgz. Extracting by manifest.
7840 silly tarball no local data for commander@https://registry.npmjs.org/commander/-/commander-14.0.3.tgz. Extracting by manifest.
7841 silly tarball no local data for commander@https://registry.npmjs.org/commander/-/commander-7.2.0.tgz. Extracting by manifest.
7842 silly tarball no local data for semver@https://registry.npmjs.org/semver/-/semver-7.8.5.tgz. Extracting by manifest.
7843 silly tarball no local data for foreground-child@https://registry.npmjs.org/foreground-child/-/foreground-child-4.0.3.tgz. Extracting by manifest.
7844 silly tarball no local data for acorn@https://registry.npmjs.org/acorn/-/acorn-8.18.0.tgz. Extracting by manifest.
7845 silly tarball no local data for color-convert@https://registry.npmjs.org/color-convert/-/color-convert-2.0.1.tgz. Extracting by manifest.
7846 silly tarball no local data for color-name@https://registry.npmjs.org/color-name/-/color-name-1.1.4.tgz. Extracting by manifest.
7847 silly tarball no local data for is-fullwidth-code-point@https://registry.npmjs.org/is-fullwidth-code-point/-/is-fullwidth-code-point-3.0.0.tgz. Extracting by manifest.
7848 silly tarball no local data for ansi-styles@https://registry.npmjs.org/ansi-styles/-/ansi-styles-4.3.0.tgz. Extracting by manifest.
7849 silly tarball no local data for wrap-ansi@https://registry.npmjs.org/wrap-ansi/-/wrap-ansi-7.0.0.tgz. Extracting by manifest.
7850 silly tarball no local data for y18n@https://registry.npmjs.org/y18n/-/y18n-5.0.8.tgz. Extracting by manifest.
7851 silly tarball no local data for has-flag@https://registry.npmjs.org/has-flag/-/has-flag-4.0.0.tgz. Extracting by manifest.
7852 silly tarball no local data for string-width@https://registry.npmjs.org/string-width/-/string-width-4.2.3.tgz. Extracting by manifest.
7853 silly tarball no local data for cliui@https://registry.npmjs.org/cliui/-/cliui-7.0.4.tgz. Extracting by manifest.
7854 silly tarball no local data for brace-expansion@https://registry.npmjs.org/brace-expansion/-/brace-expansion-2.1.7.tgz. Extracting by manifest.
7855 silly tarball no local data for picomatch@https://registry.npmjs.org/picomatch/-/picomatch-2.3.2.tgz. Extracting by manifest.
7856 silly tarball no local data for glob-parent@https://registry.npmjs.org/glob-parent/-/glob-parent-5.1.2.tgz. Extracting by manifest.
7857 silly tarball no local data for normalize-path@https://registry.npmjs.org/normalize-path/-/normalize-path-3.0.0.tgz. Extracting by manifest.
7858 silly tarball no local data for readdirp@https://registry.npmjs.org/readdirp/-/readdirp-3.6.0.tgz. Extracting by manifest.
7859 silly tarball no local data for yargs-parser@https://registry.npmjs.org/yargs-parser/-/yargs-parser-20.2.9.tgz. Extracting by manifest.
7860 silly tarball no local data for yargs@https://registry.npmjs.org/yargs/-/yargs-16.2.2.tgz. Extracting by manifest.
7861 silly tarball no local data for supports-color@https://registry.npmjs.org/supports-color/-/supports-color-8.1.1.tgz. Extracting by manifest.
7862 silly tarball no local data for minimatch@https://registry.npmjs.org/minimatch/-/minimatch-5.1.9.tgz. Extracting by manifest.
7863 silly tarball no local data for he@https://registry.npmjs.org/he/-/he-1.2.0.tgz. Extracting by manifest.
7864 silly tarball no local data for log-symbols@https://registry.npmjs.org/log-symbols/-/log-symbols-4.1.0.tgz. Extracting by manifest.
7865 silly tarball no local data for glob@https://registry.npmjs.org/glob/-/glob-8.1.0.tgz. Extracting by manifest.
7866 silly tarball no local data for chokidar@https://registry.npmjs.org/chokidar/-/chokidar-3.6.0.tgz. Extracting by manifest.
7867 silly tarball no local data for diff@https://registry.npmjs.org/diff/-/diff-5.2.2.tgz. Extracting by manifest.
7868 silly tarball no local data for browser-stdout@https://registry.npmjs.org/browser-stdout/-/browser-stdout-1.3.1.tgz. Extracting by manifest.
7869 silly tarball no local data for brace-expansion@https://registry.npmjs.org/brace-expansion/-/brace-expansion-2.1.7.tgz. Extracting by manifest.
7870 silly tarball no local data for minimatch@https://registry.npmjs.org/minimatch/-/minimatch-9.0.9.tgz. Extracting by manifest.
7871 silly tarball no local data for flat-cache@https://registry.npmjs.org/flat-cache/-/flat-cache-4.0.1.tgz. Extracting by manifest.
7872 silly tarball no local data for estraverse@https://registry.npmjs.org/estraverse/-/estraverse-5.3.0.tgz. Extracting by manifest.
7873 silly tarball no local data for acorn@https://registry.npmjs.org/acorn/-/acorn-8.18.0.tgz. Extracting by manifest.
7874 silly tarball no local data for acorn-jsx@https://registry.npmjs.org/acorn-jsx/-/acorn-jsx-5.3.2.tgz. Extracting by manifest.
7875 silly tarball no local data for file-entry-cache@https://registry.npmjs.org/file-entry-cache/-/file-entry-cache-8.0.0.tgz. Extracting by manifest.
7876 silly tarball no local data for globals@https://registry.npmjs.org/globals/-/globals-14.0.0.tgz. Extracting by manifest.
7877 silly tarball no local data for eslint-visitor-keys@https://registry.npmjs.org/eslint-visitor-keys/-/eslint-visitor-keys-4.2.1.tgz. Extracting by manifest.
7878 silly tarball no local data for espree@https://registry.npmjs.org/espree/-/espree-10.4.0.tgz. Extracting by manifest.
7879 silly tarball no local data for eslint-scope@https://registry.npmjs.org/eslint-scope/-/eslint-scope-8.4.0.tgz. Extracting by manifest.
7880 silly tarball no local data for diff@https://registry.npmjs.org/diff/-/diff-3.3.1.tgz. Extracting by manifest.
7881 silly tarball no local data for @eslint/eslintrc@https://registry.npmjs.org/@eslint/eslintrc/-/eslintrc-3.3.7.tgz. Extracting by manifest.
7882 silly tarball no local data for which@https://registry.npmjs.org/which/-/which-1.3.1.tgz. Extracting by manifest.
7883 silly tarball no local data for fast-deep-equal@https://registry.npmjs.org/fast-deep-equal/-/fast-deep-equal-1.1.0.tgz. Extracting by manifest.
7884 silly tarball no local data for strip-json-comments@https://registry.npmjs.org/strip-json-comments/-/strip-json-comments-2.0.1.tgz. Extracting by manifest.
7885 silly tarball no local data for escape-string-regexp@https://registry.npmjs.org/escape-string-regexp/-/escape-string-regexp-1.0.5.tgz. Extracting by manifest.
7886 silly tarball no local data for strip-ansi@https://registry.npmjs.org/strip-ansi/-/strip-ansi-4.0.0.tgz. Extracting by manifest.
7887 silly tarball no local data for levn@https://registry.npmjs.org/levn/-/levn-0.3.0.tgz. Extracting by manifest.
7888 silly tarball no local data for optionator@https://registry.npmjs.org/optionator/-/optionator-0.8.3.tgz. Extracting by manifest.
7889 silly tarball no local data for js-yaml@https://registry.npmjs.org/js-yaml/-/js-yaml-3.15.2.tgz. Extracting by manifest.
7890 silly tarball no local data for globals@https://registry.npmjs.org/globals/-/globals-11.12.0.tgz. Extracting by manifest.
7891 silly tarball no local data for ignore@https://registry.npmjs.org/ignore/-/ignore-3.3.10.tgz. Extracting by manifest.
7892 silly tarball no local data for glob@https://registry.npmjs.org/glob/-/glob-7.2.3.tgz. Extracting by manifest.
7893 silly tarball no local data for espree@https://registry.npmjs.org/espree/-/espree-3.5.4.tgz. Extracting by manifest.
7894 silly tarball no local data for file-entry-cache@https://registry.npmjs.org/file-entry-cache/-/file-entry-cache-2.0.0.tgz. Extracting by manifest.
7895 silly tarball no local data for doctrine@https://registry.npmjs.org/doctrine/-/doctrine-2.1.0.tgz. Extracting by manifest.
7896 silly tarball no local data for eslint-visitor-keys@https://registry.npmjs.org/eslint-visitor-keys/-/eslint-visitor-keys-1.3.0.tgz. Extracting by manifest.
7897 silly tarball no local data for eslint-scope@https://registry.npmjs.org/eslint-scope/-/eslint-scope-3.7.3.tgz. Extracting by manifest.
7898 silly tarball no local data for debug@https://registry.npmjs.org/debug/-/debug-3.2.7.tgz. Extracting by manifest.
7899 silly tarball no local data for cross-spawn@https://registry.npmjs.org/cross-spawn/-/cross-spawn-5.1.0.tgz. Extracting by manifest.
7900 silly tarball no local data for chalk@https://registry.npmjs.org/chalk/-/chalk-2.4.2.tgz. Extracting by manifest.
7901 silly tarball no local data for ajv@https://registry.npmjs.org/ajv/-/ajv-5.5.2.tgz. Extracting by manifest.
7902 silly tarball no local data for mocha@https://registry.npmjs.org/mocha/-/mocha-4.0.1.tgz. Extracting by manifest.
7903 silly tarball no local data for ms@https://registry.npmjs.org/ms/-/ms-2.0.0.tgz. Extracting by manifest.
7904 silly tarball no local data for supports-color@https://registry.npmjs.org/supports-color/-/supports-color-4.4.0.tgz. Extracting by manifest.
7905 silly tarball no local data for glob@https://registry.npmjs.org/glob/-/glob-7.1.2.tgz. Extracting by manifest.
7906 silly tarball no local data for eslint@https://registry.npmjs.org/eslint/-/eslint-4.18.2.tgz. Extracting by manifest.
7907 silly tarball no local data for debug@https://registry.npmjs.org/debug/-/debug-3.1.0.tgz. Extracting by manifest.
7908 silly tarball no local data for eslint-utils@https://registry.npmjs.org/eslint-utils/-/eslint-utils-3.0.0.tgz. Extracting by manifest.
7909 silly tarball no local data for globals@https://registry.npmjs.org/globals/-/globals-13.24.0.tgz. Extracting by manifest.
7910 silly tarball no local data for eslint-visitor-keys@https://registry.npmjs.org/eslint-visitor-keys/-/eslint-visitor-keys-2.1.0.tgz. Extracting by manifest.
7911 silly tarball no local data for @eslint/eslintrc@https://registry.npmjs.org/@eslint/eslintrc/-/eslintrc-1.4.1.tgz. Extracting by manifest.
7912 silly tarball no local data for eslint@https://registry.npmjs.org/eslint/-/eslint-8.8.0.tgz. Extracting by manifest.
7913 silly tarball no local data for @ljharb/eslint-config@https://registry.npmjs.org/@ljharb/eslint-config/-/eslint-config-21.4.0.tgz. Extracting by manifest.
7914 silly tarball no local data for minimatch@https://registry.npmjs.org/minimatch/-/minimatch-10.2.6.tgz. Extracting by manifest.
7915 silly tarball no local data for ignore@https://registry.npmjs.org/ignore/-/ignore-7.0.12.tgz. Extracting by manifest.
7916 silly tarball no local data for strip-json-comments@https://registry.npmjs.org/strip-json-comments/-/strip-json-comments-5.0.3.tgz. Extracting by manifest.
7917 silly tarball no local data for semver@https://registry.npmjs.org/semver/-/semver-7.8.5.tgz. Extracting by manifest.
7918 silly tarball no local data for esbuild@https://registry.npmjs.org/esbuild/-/esbuild-0.25.12.tgz. Extracting by manifest.
7919 silly tarball no local data for typescript-eslint@https://registry.npmjs.org/typescript-eslint/-/typescript-eslint-8.71.0.tgz. Extracting by manifest.
7920 silly tarball no local data for ts-api-utils@https://registry.npmjs.org/ts-api-utils/-/ts-api-utils-2.5.0.tgz. Extracting by manifest.
7921 silly tarball no local data for @typescript-eslint/typescript-estree@https://registry.npmjs.org/@typescript-eslint/typescript-estree/-/typescript-estree-8.71.0.tgz. Extracting by manifest.
7922 silly tarball no local data for @typescript-eslint/project-service@https://registry.npmjs.org/@typescript-eslint/project-service/-/project-service-8.71.0.tgz. Extracting by manifest.
7923 silly tarball no local data for @typescript-eslint/tsconfig-utils@https://registry.npmjs.org/@typescript-eslint/tsconfig-utils/-/tsconfig-utils-8.71.0.tgz. Extracting by manifest.
7924 silly tarball no local data for @typescript-eslint/eslint-plugin@https://registry.npmjs.org/@typescript-eslint/eslint-plugin/-/eslint-plugin-8.71.0.tgz. Extracting by manifest.
7925 silly tarball no local data for @typescript-eslint/parser@https://registry.npmjs.org/@typescript-eslint/parser/-/parser-8.71.0.tgz. Extracting by manifest.
7926 silly tarball no local data for knip@https://registry.npmjs.org/knip/-/knip-5.88.1.tgz. Extracting by manifest.
7927 silly tarball no local data for eslint-plugin-regexp@https://registry.npmjs.org/eslint-plugin-regexp/-/eslint-plugin-regexp-2.10.0.tgz. Extracting by manifest.
7928 silly tarball no local data for ts-api-utils@https://registry.npmjs.org/ts-api-utils/-/ts-api-utils-2.5.0.tgz. Extracting by manifest.
7929 silly tarball no local data for @typescript-eslint/utils@https://registry.npmjs.org/@typescript-eslint/utils/-/utils-8.71.0.tgz. Extracting by manifest.
7930 silly tarball no local data for @typescript-eslint/typescript-estree@https://registry.npmjs.org/@typescript-eslint/typescript-estree/-/typescript-estree-8.71.0.tgz. Extracting by manifest.
7931 silly tarball no local data for ts-api-utils@https://registry.npmjs.org/ts-api-utils/-/ts-api-utils-2.5.0.tgz. Extracting by manifest.
7932 silly tarball no local data for @typescript-eslint/tsconfig-utils@https://registry.npmjs.org/@typescript-eslint/tsconfig-utils/-/tsconfig-utils-8.71.0.tgz. Extracting by manifest.
7933 silly tarball no local data for @typescript-eslint/type-utils@https://registry.npmjs.org/@typescript-eslint/type-utils/-/type-utils-8.71.0.tgz. Extracting by manifest.
7934 silly tarball no local data for ts-api-utils@https://registry.npmjs.org/ts-api-utils/-/ts-api-utils-2.5.0.tgz. Extracting by manifest.
7935 silly tarball no local data for @typescript-eslint/project-service@https://registry.npmjs.org/@typescript-eslint/project-service/-/project-service-8.71.0.tgz. Extracting by manifest.
7936 silly tarball no local data for @typescript-eslint/typescript-estree@https://registry.npmjs.org/@typescript-eslint/typescript-estree/-/typescript-estree-8.71.0.tgz. Extracting by manifest.
7937 silly tarball no local data for @typescript-eslint/rule-tester@https://registry.npmjs.org/@typescript-eslint/rule-tester/-/rule-tester-8.71.0.tgz. Extracting by manifest.
7938 silly tarball no local data for @typescript-eslint/tsconfig-utils@https://registry.npmjs.org/@typescript-eslint/tsconfig-utils/-/tsconfig-utils-8.71.0.tgz. Extracting by manifest.
7939 silly tarball no local data for @typescript-eslint/project-service@https://registry.npmjs.org/@typescript-eslint/project-service/-/project-service-8.71.0.tgz. Extracting by manifest.
7940 silly tarball no local data for @typescript-eslint/typescript-estree@https://registry.npmjs.org/@typescript-eslint/typescript-estree/-/typescript-estree-8.71.0.tgz. Extracting by manifest.
7941 silly tarball no local data for ts-api-utils@https://registry.npmjs.org/ts-api-utils/-/ts-api-utils-2.5.0.tgz. Extracting by manifest.
7942 silly tarball no local data for @typescript-eslint/tsconfig-utils@https://registry.npmjs.org/@typescript-eslint/tsconfig-utils/-/tsconfig-utils-8.71.0.tgz. Extracting by manifest.
7943 silly tarball no local data for balanced-match@https://registry.npmjs.org/balanced-match/-/balanced-match-4.0.4.tgz. Extracting by manifest.
7944 silly tarball no local data for @typescript-eslint/project-service@https://registry.npmjs.org/@typescript-eslint/project-service/-/project-service-8.71.0.tgz. Extracting by manifest.
7945 silly tarball no local data for @typescript-eslint/parser@https://registry.npmjs.org/@typescript-eslint/parser/-/parser-8.71.0.tgz. Extracting by manifest.
7946 silly tarball no local data for brace-expansion@https://registry.npmjs.org/brace-expansion/-/brace-expansion-5.0.12.tgz. Extracting by manifest.
7947 silly tarball no local data for has-flag@https://registry.npmjs.org/has-flag/-/has-flag-2.0.0.tgz. Extracting by manifest.
7948 silly tarball no local data for mkdirp@https://registry.npmjs.org/mkdirp/-/mkdirp-0.5.1.tgz. Extracting by manifest.
7949 silly tarball no local data for minimist@https://registry.npmjs.org/minimist/-/minimist-0.0.8.tgz. Extracting by manifest.
7950 silly packumentCache corgi:https://registry.npmjs.org/typescript cache-miss
7951 http fetch GET 200 https://registry.npmjs.org/fdir/-/fdir-6.5.0.tgz 742ms (cache miss)
7952 http fetch GET 200 https://registry.npmjs.org/anymatch/-/anymatch-3.1.3.tgz 740ms (cache miss)
7953 http fetch GET 200 https://registry.npmjs.org/is-binary-path/-/is-binary-path-2.1.0.tgz 740ms (cache miss)
7954 http fetch GET 200 https://registry.npmjs.org/is-unicode-supported/-/is-unicode-supported-0.1.0.tgz 742ms (cache miss)
7955 http fetch GET 200 https://registry.npmjs.org/tinyglobby/-/tinyglobby-0.2.17.tgz 742ms (cache miss)
7956 http fetch GET 200 https://registry.npmjs.org/exit-hook/-/exit-hook-1.1.1.tgz 740ms (cache miss)
7957 http fetch GET 200 https://registry.npmjs.org/binary-extensions/-/binary-extensions-2.3.0.tgz 742ms (cache miss)
7958 http fetch GET 200 https://registry.npmjs.org/code-point-at/-/code-point-at-1.1.0.tgz 804ms (cache miss)
7959 http fetch GET 200 https://registry.npmjs.org/has-ansi/-/has-ansi-2.0.0.tgz 825ms (cache miss)
7960 http fetch GET 200 https://registry.npmjs.org/aggregate-error/-/aggregate-error-3.1.0.tgz 825ms (cache miss)
7961 http fetch GET 200 https://registry.npmjs.org/eastasianwidth/-/eastasianwidth-0.2.0.tgz 867ms (cache miss)
7962 http fetch GET 200 https://registry.npmjs.org/is-number/-/is-number-7.0.0.tgz 868ms (cache miss)
7963 http fetch GET 200 https://registry.npmjs.org/to-regex-range/-/to-regex-range-5.0.1.tgz 867ms (cache miss)
7964 http fetch GET 200 https://registry.npmjs.org/queue-microtask/-/queue-microtask-1.2.3.tgz 867ms (cache miss)
7965 http fetch GET 200 https://registry.npmjs.org/fill-range/-/fill-range-7.1.1.tgz 894ms (cache miss)
7966 http fetch GET 200 https://registry.npmjs.org/braces/-/braces-3.0.3.tgz 962ms (cache miss)
7967 http fetch GET 200 https://registry.npmjs.org/merge2/-/merge2-1.4.1.tgz 960ms (cache miss)
7968 http fetch GET 200 https://registry.npmjs.org/fd-package-json/-/fd-package-json-2.0.0.tgz 962ms (cache miss)
7969 http fetch GET 200 https://registry.npmjs.org/micromatch/-/micromatch-4.0.8.tgz 964ms (cache miss)
7970 http fetch GET 200 https://registry.npmjs.org/reusify/-/reusify-1.1.0.tgz 963ms (cache miss)
7971 http fetch GET 200 https://registry.npmjs.org/p-try/-/p-try-2.2.0.tgz 983ms (cache miss)
7972 http fetch GET 200 https://registry.npmjs.org/require-main-filename/-/require-main-filename-2.0.0.tgz 1026ms (cache miss)
7973 http fetch GET 200 https://registry.npmjs.org/run-parallel/-/run-parallel-1.2.0.tgz 1103ms (cache miss)
7974 http fetch GET 200 https://registry.npmjs.org/which-module/-/which-module-2.0.1.tgz 1112ms (cache miss)
7975 http fetch GET 200 https://registry.npmjs.org/number-is-nan/-/number-is-nan-1.0.1.tgz 1111ms (cache miss)
7976 http fetch GET 200 https://registry.npmjs.org/clean-stack/-/clean-stack-2.2.0.tgz 1111ms (cache miss)
7977 http fetch GET 200 https://registry.npmjs.org/keyv/-/keyv-4.5.4.tgz 1113ms (cache miss)
7978 http fetch GET 200 https://registry.npmjs.org/json-buffer/-/json-buffer-3.0.1.tgz 1114ms (cache miss)
7979 http fetch GET 200 https://registry.npmjs.org/flatted/-/flatted-3.4.4.tgz 1127ms (cache miss)
7980 http fetch GET 200 https://registry.npmjs.org/fastq/-/fastq-1.20.3.tgz 1119ms (cache miss)
7981 http fetch GET 200 https://registry.npmjs.org/smol-toml/-/smol-toml-1.9.0.tgz 1145ms (cache miss)
7982 http fetch GET 200 https://registry.npmjs.org/@nodelib/fs.scandir/-/fs.scandir-2.1.5.tgz 1173ms (cache miss)
7983 http fetch GET 200 https://registry.npmjs.org/unbash/-/unbash-2.2.0.tgz 1248ms (cache miss)
7984 http fetch GET 200 https://registry.npmjs.org/@nodelib/fs.stat/-/fs.stat-2.0.5.tgz 1279ms (cache miss)
7985 http fetch GET 200 https://registry.npmjs.org/formatly/-/formatly-0.3.0.tgz 1287ms (cache miss)
7986 http fetch GET 200 https://registry.npmjs.org/@nodelib/fs.walk/-/fs.walk-1.2.8.tgz 1287ms (cache miss)
7987 http fetch GET 200 https://registry.npmjs.org/scslre/-/scslre-0.3.0.tgz 1307ms (cache miss)
7988 http fetch GET 200 https://registry.npmjs.org/oxc-resolver/-/oxc-resolver-11.24.2.tgz 1312ms (cache miss)
7989 http fetch GET 200 https://registry.npmjs.org/picomatch/-/picomatch-4.0.7.tgz 1321ms (cache miss)
7990 http fetch GET 200 https://registry.npmjs.org/fast-glob/-/fast-glob-3.3.3.tgz 1334ms (cache miss)
7991 http fetch GET 200 https://registry.npmjs.org/regexp-ast-analysis/-/regexp-ast-analysis-0.7.1.tgz 1471ms (cache miss)
7992 http fetch GET 200 https://registry.npmjs.org/decamelize/-/decamelize-4.0.0.tgz 1462ms (cache miss)
7993 http fetch GET 200 https://registry.npmjs.org/is-plain-obj/-/is-plain-obj-2.1.0.tgz 1462ms (cache miss)
7994 http fetch GET 200 https://registry.npmjs.org/@typescript-eslint/visitor-keys/-/visitor-keys-8.71.0.tgz 1473ms (cache miss)
7995 http fetch GET 200 https://registry.npmjs.org/require-directory/-/require-directory-2.1.1.tgz 1470ms (cache miss)
7996 http fetch GET 200 https://registry.npmjs.org/flat/-/flat-5.0.2.tgz 1493ms (cache miss)
7997 http fetch GET 200 https://registry.npmjs.org/@typescript-eslint/types/-/types-8.71.0.tgz 1535ms (cache miss)
7998 http fetch GET 200 https://registry.npmjs.org/async-function/-/async-function-1.0.0.tgz 1568ms (cache miss)
7999 http fetch GET 200 https://registry.npmjs.org/get-caller-file/-/get-caller-file-2.0.5.tgz 1571ms (cache miss)
8000 http fetch GET 200 https://registry.npmjs.org/escalade/-/escalade-3.2.0.tgz 1573ms (cache miss)
8001 http fetch GET 200 https://registry.npmjs.org/is-weakmap/-/is-weakmap-2.0.2.tgz 1575ms (cache miss)
8002 http fetch GET 200 https://registry.npmjs.org/is-weakset/-/is-weakset-2.0.4.tgz 1576ms (cache miss)
8003 http fetch GET 200 https://registry.npmjs.org/cliui/-/cliui-8.0.1.tgz 1579ms (cache miss)
8004 http fetch GET 200 https://registry.npmjs.org/yaml/-/yaml-2.9.1.tgz 1600ms (cache miss)
8005 http fetch GET 200 https://registry.npmjs.org/generator-function/-/generator-function-2.0.1.tgz 1607ms (cache miss)
8006 http fetch GET 200 https://registry.npmjs.org/is-generator-function/-/is-generator-function-1.1.2.tgz 1608ms (cache miss)
8007 http fetch GET 200 https://registry.npmjs.org/comment-parser/-/comment-parser-1.4.9.tgz 1670ms (cache miss)
8008 http fetch GET 200 https://registry.npmjs.org/jsdoc-type-pratt-parser/-/jsdoc-type-pratt-parser-4.8.0.tgz 1673ms (cache miss)
8009 http fetch GET 200 https://registry.npmjs.org/is-number-object/-/is-number-object-1.1.1.tgz 1713ms (cache miss)
8010 http fetch GET 200 https://registry.npmjs.org/is-finalizationregistry/-/is-finalizationregistry-1.1.1.tgz 1714ms (cache miss)
8011 http fetch GET 200 https://registry.npmjs.org/is-async-function/-/is-async-function-2.1.1.tgz 1715ms (cache miss)
8012 http fetch GET 200 https://registry.npmjs.org/is-boolean-object/-/is-boolean-object-1.2.2.tgz 1715ms (cache miss)
8013 http fetch GET 200 https://registry.npmjs.org/spdx-exceptions/-/spdx-exceptions-2.5.0.tgz 1793ms (cache miss)
8014 http fetch GET 200 https://registry.npmjs.org/builtins/-/builtins-1.0.3.tgz 1794ms (cache miss)
8015 http fetch GET 200 https://registry.npmjs.org/spdx-license-ids/-/spdx-license-ids-3.0.24.tgz 1807ms (cache miss)
8016 http fetch GET 200 https://registry.npmjs.org/is-bigint/-/is-bigint-1.1.0.tgz 1810ms (cache miss)
8017 http fetch GET 200 https://registry.npmjs.org/spdx-expression-parse/-/spdx-expression-parse-3.0.1.tgz 1809ms (cache miss)
8018 http fetch GET 200 https://registry.npmjs.org/@typescript-eslint/scope-manager/-/scope-manager-8.71.0.tgz 1825ms (cache miss)
8019 http fetch GET 200 https://registry.npmjs.org/@types/istanbul-lib-coverage/-/istanbul-lib-coverage-2.0.6.tgz 1856ms (cache miss)
8020 http fetch GET 200 https://registry.npmjs.org/@jridgewell/sourcemap-codec/-/sourcemap-codec-1.6.0.tgz 1860ms (cache miss)
8021 http fetch GET 200 https://registry.npmjs.org/spdx-correct/-/spdx-correct-3.2.0.tgz 1867ms (cache miss)
8022 http fetch GET 200 https://registry.npmjs.org/convert-source-map/-/convert-source-map-2.0.0.tgz 1866ms (cache miss)
8023 http fetch GET 200 https://registry.npmjs.org/prepend-http/-/prepend-http-1.0.4.tgz 1903ms (cache miss)
8024 http fetch GET 200 https://registry.npmjs.org/crypto-random-string/-/crypto-random-string-1.0.0.tgz 1904ms (cache miss)
8025 http fetch GET 200 https://registry.npmjs.org/rc/-/rc-1.2.8.tgz 1932ms (cache miss)
8026 http fetch GET 200 https://registry.npmjs.org/capture-stack-trace/-/capture-stack-trace-1.0.2.tgz 1931ms (cache miss)
8027 http fetch GET 200 https://registry.npmjs.org/deep-extend/-/deep-extend-0.6.0.tgz 1939ms (cache miss)
8028 http fetch GET 200 https://registry.npmjs.org/@jridgewell/resolve-uri/-/resolve-uri-3.1.2.tgz 1942ms (cache miss)
8029 http fetch GET 200 https://registry.npmjs.org/timed-out/-/timed-out-4.0.1.tgz 1963ms (cache miss)
8030 http fetch GET 200 https://registry.npmjs.org/url-parse-lax/-/url-parse-lax-1.0.0.tgz 1964ms (cache miss)
8031 http fetch GET 200 https://registry.npmjs.org/@jridgewell/trace-mapping/-/trace-mapping-0.3.31.tgz 1972ms (cache miss)
8032 http fetch GET 200 https://registry.npmjs.org/unzip-response/-/unzip-response-2.0.1.tgz 2001ms (cache miss)
8033 http fetch GET 200 https://registry.npmjs.org/refa/-/refa-0.12.1.tgz 2017ms (cache miss)
8034 http fetch GET 200 https://registry.npmjs.org/is-retry-allowed/-/is-retry-allowed-1.2.0.tgz 2072ms (cache miss)
8035 http fetch GET 200 https://registry.npmjs.org/duplexer3/-/duplexer3-0.1.5.tgz 2072ms (cache miss)
8036 http fetch GET 200 https://registry.npmjs.org/lowercase-keys/-/lowercase-keys-1.0.1.tgz 2074ms (cache miss)
8037 http fetch GET 200 https://registry.npmjs.org/got/-/got-6.7.1.tgz 2072ms (cache miss)
8038 http fetch GET 200 https://registry.npmjs.org/package-json/-/package-json-4.0.1.tgz 2071ms (cache miss)
8039 http fetch GET 200 https://registry.npmjs.org/is-redirect/-/is-redirect-1.0.0.tgz 2074ms (cache miss)
8040 http fetch GET 200 https://registry.npmjs.org/ini/-/ini-1.3.8.tgz 2071ms (cache miss)
8041 http fetch GET 200 https://registry.npmjs.org/create-error-class/-/create-error-class-3.0.2.tgz 2074ms (cache miss)
8042 http fetch GET 200 https://registry.npmjs.org/registry-url/-/registry-url-3.1.0.tgz 2072ms (cache miss)
8043 http fetch GET 200 https://registry.npmjs.org/registry-auth-token/-/registry-auth-token-3.4.0.tgz 2077ms (cache miss)
8044 http fetch GET 200 https://registry.npmjs.org/global-dirs/-/global-dirs-0.1.1.tgz 2105ms (cache miss)
8045 http fetch GET 200 https://registry.npmjs.org/is-path-inside/-/is-path-inside-1.0.1.tgz 2105ms (cache miss)
8046 http fetch GET 200 https://registry.npmjs.org/unique-string/-/unique-string-1.0.0.tgz 2177ms (cache miss)
8047 http fetch GET 200 https://registry.npmjs.org/widest-line/-/widest-line-2.0.1.tgz 2177ms (cache miss)
8048 http fetch GET 200 https://registry.npmjs.org/dot-prop/-/dot-prop-4.2.1.tgz 2178ms (cache miss)
8049 http fetch GET 200 https://registry.npmjs.org/xdg-basedir/-/xdg-basedir-3.0.0.tgz 2176ms (cache miss)
8050 http fetch GET 200 https://registry.npmjs.org/latest-version/-/latest-version-3.1.0.tgz 2176ms (cache miss)
8051 http fetch GET 200 https://registry.npmjs.org/cli-boxes/-/cli-boxes-1.0.0.tgz 2178ms (cache miss)
8052 http fetch GET 200 https://registry.npmjs.org/semver-diff/-/semver-diff-2.1.0.tgz 2176ms (cache miss)
8053 http fetch GET 200 https://registry.npmjs.org/ansi-align/-/ansi-align-2.0.0.tgz 2178ms (cache miss)
8054 http fetch GET 200 https://registry.npmjs.org/camelcase/-/camelcase-4.1.0.tgz 2179ms (cache miss)
8055 http fetch GET 200 https://registry.npmjs.org/term-size/-/term-size-1.2.0.tgz 2180ms (cache miss)
8056 http fetch GET 200 https://registry.npmjs.org/import-lazy/-/import-lazy-2.1.0.tgz 2255ms (cache miss)
8057 http fetch GET 200 https://registry.npmjs.org/is-installed-globally/-/is-installed-globally-0.1.0.tgz 2256ms (cache miss)
8058 http fetch GET 200 https://registry.npmjs.org/unique-slug/-/unique-slug-3.0.0.tgz 2255ms (cache miss)
8059 http fetch GET 200 https://registry.npmjs.org/is-npm/-/is-npm-1.0.0.tgz 2255ms (cache miss)
8060 http fetch GET 200 https://registry.npmjs.org/configstore/-/configstore-3.1.5.tgz 2266ms (cache miss)
8061 http fetch GET 200 https://registry.npmjs.org/boxen/-/boxen-1.3.0.tgz 2265ms (cache miss)
8062 http fetch GET 200 https://registry.npmjs.org/has-bigints/-/has-bigints-1.1.0.tgz 2323ms (cache miss)
8063 http fetch GET 200 https://registry.npmjs.org/minimalistic-assert/-/minimalistic-assert-1.0.1.tgz 2324ms (cache miss)
8064 http fetch GET 200 https://registry.npmjs.org/which-builtin-type/-/which-builtin-type-1.2.1.tgz 2339ms (cache miss)
8065 http fetch GET 200 https://registry.npmjs.org/jiti/-/jiti-2.7.0.tgz 2377ms (cache miss)
8066 http fetch GET 200 https://registry.npmjs.org/des.js/-/des.js-1.1.0.tgz 2341ms (cache miss)
8067 http fetch GET 200 https://registry.npmjs.org/path-parse/-/path-parse-1.0.7.tgz 2532ms (cache miss)
8068 http fetch GET 200 https://registry.npmjs.org/side-channel-weakmap/-/side-channel-weakmap-1.0.2.tgz 2538ms (cache miss)
8069 http fetch GET 200 https://registry.npmjs.org/es-shim-unscopables/-/es-shim-unscopables-1.1.0.tgz 2538ms (cache miss)
8070 http fetch GET 200 https://registry.npmjs.org/supports-preserve-symlinks-flag/-/supports-preserve-symlinks-flag-1.0.0.tgz 2537ms (cache miss)
8071 http fetch GET 200 https://registry.npmjs.org/side-channel-map/-/side-channel-map-1.0.1.tgz 2539ms (cache miss)
8072 http fetch GET 200 https://registry.npmjs.org/side-channel-list/-/side-channel-list-1.0.1.tgz 2538ms (cache miss)
8073 http fetch GET 200 https://registry.npmjs.org/dunder-proto/-/dunder-proto-1.0.1.tgz 2537ms (cache miss)
8074 http fetch GET 200 https://registry.npmjs.org/array.prototype.flatmap/-/array.prototype.flatmap-1.3.3.tgz 2538ms (cache miss)
8075 http fetch GET 200 https://registry.npmjs.org/object.entries/-/object.entries-1.1.9.tgz 2540ms (cache miss)
8076 http fetch GET 200 https://registry.npmjs.org/reflect.getprototypeof/-/reflect.getprototypeof-1.0.10.tgz 2542ms (cache miss)
8077 http fetch GET 200 https://registry.npmjs.org/node-exports-info/-/node-exports-info-1.6.2.tgz 2547ms (cache miss)
8078 http fetch GET 200 https://registry.npmjs.org/functions-have-names/-/functions-have-names-1.2.3.tgz 2709ms (cache miss)
8079 http fetch GET 200 https://registry.npmjs.org/is-document.all/-/is-document.all-1.0.0.tgz 2710ms (cache miss)
8080 http fetch GET 200 https://registry.npmjs.org/es-abstract-get/-/es-abstract-get-1.0.0.tgz 2710ms (cache miss)
8081 http fetch GET 200 https://registry.npmjs.org/set-function-name/-/set-function-name-2.0.2.tgz 2721ms (cache miss)
8082 http fetch GET 200 https://registry.npmjs.org/unbox-primitive/-/unbox-primitive-1.1.0.tgz 2718ms (cache miss)
8083 http fetch GET 200 https://registry.npmjs.org/has-tostringtag/-/has-tostringtag-1.0.2.tgz 2719ms (cache miss)
8084 http fetch GET 200 https://registry.npmjs.org/is-symbol/-/is-symbol-1.1.1.tgz 2738ms (cache miss)
8085 http fetch GET 200 https://registry.npmjs.org/possible-typed-array-names/-/possible-typed-array-names-1.1.0.tgz 2738ms (cache miss)
8086 http fetch GET 200 https://registry.npmjs.org/typed-array-buffer/-/typed-array-buffer-1.0.3.tgz 2736ms (cache miss)
8087 http fetch GET 200 https://registry.npmjs.org/typed-array-byte-offset/-/typed-array-byte-offset-1.0.5.tgz 2738ms (cache miss)
8088 http fetch GET 200 https://registry.npmjs.org/is-map/-/is-map-2.0.3.tgz 2762ms (cache miss)
8089 http fetch GET 200 https://registry.npmjs.org/typed-array-length/-/typed-array-length-1.0.8.tgz 2891ms (cache miss)
8090 http fetch GET 200 https://registry.npmjs.org/set-proto/-/set-proto-1.0.0.tgz 2913ms (cache miss)
8091 http fetch GET 200 https://registry.npmjs.org/safe-push-apply/-/safe-push-apply-1.0.0.tgz 2936ms (cache miss)
8092 http fetch GET 200 https://registry.npmjs.org/string.prototype.trimend/-/string.prototype.trimend-1.0.10.tgz 2938ms (cache miss)
8093 http fetch GET 200 https://registry.npmjs.org/string.prototype.trimstart/-/string.prototype.trimstart-1.0.8.tgz 2939ms (cache miss)
8094 http fetch GET 200 https://registry.npmjs.org/safe-regex-test/-/safe-regex-test-1.1.0.tgz 2938ms (cache miss)
8095 http fetch GET 200 https://registry.npmjs.org/stop-iteration-iterator/-/stop-iteration-iterator-1.1.0.tgz 2938ms (cache miss)
8096 http fetch GET 200 https://registry.npmjs.org/typed-array-byte-length/-/typed-array-byte-length-1.0.3.tgz 2939ms (cache miss)
8097 http fetch GET 200 https://registry.npmjs.org/own-keys/-/own-keys-1.0.2.tgz 2937ms (cache miss)
8098 http fetch GET 200 https://registry.npmjs.org/math-intrinsics/-/math-intrinsics-1.1.0.tgz 2937ms (cache miss)
8099 http fetch GET 200 https://registry.npmjs.org/safe-array-concat/-/safe-array-concat-1.1.4.tgz 2938ms (cache miss)
8100 http fetch GET 200 https://registry.npmjs.org/underscore/-/underscore-1.13.8.tgz 3057ms (cache miss)
8101 http fetch GET 200 https://registry.npmjs.org/@oxc-resolver/binding-linux-x64-gnu/-/binding-linux-x64-gnu-11.24.2.tgz 3152ms (cache miss)
8102 http fetch GET 200 https://registry.npmjs.org/is-weakref/-/is-weakref-1.1.1.tgz 3122ms (cache miss)
8103 http fetch GET 200 https://registry.npmjs.org/has-proto/-/has-proto-1.2.0.tgz 3132ms (cache miss)
8104 http fetch GET 200 https://registry.npmjs.org/is-data-view/-/is-data-view-1.0.2.tgz 3135ms (cache miss)
8105 http fetch GET 200 https://registry.npmjs.org/internal-slot/-/internal-slot-1.1.0.tgz 3134ms (cache miss)
8106 http fetch GET 200 https://registry.npmjs.org/is-set/-/is-set-2.0.3.tgz 3137ms (cache miss)
8107 http fetch GET 200 https://registry.npmjs.org/is-callable/-/is-callable-1.2.7.tgz 3258ms (cache miss)
8108 http fetch GET 200 https://registry.npmjs.org/globalthis/-/globalthis-1.0.4.tgz 3257ms (cache miss)
8109 http fetch GET 200 https://registry.npmjs.org/get-symbol-description/-/get-symbol-description-1.1.0.tgz 3257ms (cache miss)
8110 http fetch GET 200 https://registry.npmjs.org/has-symbols/-/has-symbols-1.1.0.tgz 3258ms (cache miss)
8111 http fetch GET 200 https://registry.npmjs.org/get-proto/-/get-proto-1.0.1.tgz 3259ms (cache miss)
8112 http fetch GET 200 https://registry.npmjs.org/is-typed-array/-/is-typed-array-1.1.15.tgz 3262ms (cache miss)
8113 http fetch GET 200 https://registry.npmjs.org/is-negative-zero/-/is-negative-zero-2.0.3.tgz 3262ms (cache miss)
8114 http fetch GET 200 https://registry.npmjs.org/function.prototype.name/-/function.prototype.name-1.2.0.tgz 3263ms (cache miss)
8115 http fetch GET 200 https://registry.npmjs.org/js-md4/-/js-md4-0.3.2.tgz 3294ms (cache miss)
8116 http fetch GET 200 https://registry.npmjs.org/data-view-buffer/-/data-view-buffer-1.0.2.tgz 3306ms (cache miss)
8117 http fetch GET 200 https://registry.npmjs.org/es-set-tostringtag/-/es-set-tostringtag-2.1.0.tgz 3307ms (cache miss)
8118 http fetch GET 200 https://registry.npmjs.org/data-view-byte-length/-/data-view-byte-length-1.0.2.tgz 3307ms (cache miss)
8119 http fetch GET 200 https://registry.npmjs.org/es-to-primitive/-/es-to-primitive-1.3.4.tgz 3309ms (cache miss)
8120 http fetch GET 200 https://registry.npmjs.org/data-view-byte-offset/-/data-view-byte-offset-1.0.1.tgz 3326ms (cache miss)
8121 http fetch GET 200 https://registry.npmjs.org/zod/-/zod-4.6.5.tgz 3430ms (cache miss)
8122 http fetch GET 200 https://registry.npmjs.org/gopd/-/gopd-1.2.0.tgz 3516ms (cache miss)
8123 http fetch GET 200 https://registry.npmjs.org/arraybuffer.prototype.slice/-/arraybuffer.prototype.slice-1.0.4.tgz 3536ms (cache miss)
8124 http fetch GET 200 https://registry.npmjs.org/which-collection/-/which-collection-1.0.2.tgz 3536ms (cache miss)
8125 http fetch GET 200 https://registry.npmjs.org/available-typed-arrays/-/available-typed-arrays-1.0.7.tgz 3542ms (cache miss)
8126 http fetch GET 200 https://registry.npmjs.org/has-property-descriptors/-/has-property-descriptors-1.0.2.tgz 3612ms (cache miss)
8127 http fetch GET 200 https://registry.npmjs.org/which-boxed-primitive/-/which-boxed-primitive-1.1.1.tgz 3611ms (cache miss)
8128 http fetch GET 200 https://registry.npmjs.org/which-typed-array/-/which-typed-array-1.1.24.tgz 3667ms (cache miss)
8129 http fetch GET 200 https://registry.npmjs.org/side-channel/-/side-channel-1.1.1.tgz 3666ms (cache miss)
8130 http fetch GET 200 https://registry.npmjs.org/define-data-property/-/define-data-property-1.1.4.tgz 3668ms (cache miss)
8131 http fetch GET 200 https://registry.npmjs.org/is-date-object/-/is-date-object-1.1.0.tgz 3677ms (cache miss)
8132 http fetch GET 200 https://registry.npmjs.org/is-shared-array-buffer/-/is-shared-array-buffer-1.0.4.tgz 3700ms (cache miss)
8133 http fetch GET 200 https://registry.npmjs.org/es-errors/-/es-errors-1.3.0.tgz 3720ms (cache miss)
8134 http fetch GET 200 https://registry.npmjs.org/array-buffer-byte-length/-/array-buffer-byte-length-1.0.2.tgz 3719ms (cache miss)
8135 http fetch GET 200 https://registry.npmjs.org/es-define-property/-/es-define-property-1.0.1.tgz 3719ms (cache miss)
8136 http fetch GET 200 https://registry.npmjs.org/define-properties/-/define-properties-1.2.1.tgz 3718ms (cache miss)
8137 http fetch GET 200 https://registry.npmjs.org/set-function-length/-/set-function-length-1.2.2.tgz 3720ms (cache miss)
8138 http fetch GET 200 https://registry.npmjs.org/is-string/-/is-string-1.1.1.tgz 3747ms (cache miss)
8139 http fetch GET 200 https://registry.npmjs.org/is-array-buffer/-/is-array-buffer-3.0.5.tgz 3749ms (cache miss)
8140 http fetch GET 200 https://registry.npmjs.org/is-arguments/-/is-arguments-1.2.0.tgz 3751ms (cache miss)
8141 http fetch GET 200 https://registry.npmjs.org/es-get-iterator/-/es-get-iterator-1.1.3.tgz 3752ms (cache miss)
8142 http fetch GET 200 https://registry.npmjs.org/regexp.prototype.flags/-/regexp.prototype.flags-1.5.4.tgz 3753ms (cache miss)
8143 http fetch GET 200 https://registry.npmjs.org/call-bind-apply-helpers/-/call-bind-apply-helpers-1.0.2.tgz 3789ms (cache miss)
8144 http fetch GET 200 https://registry.npmjs.org/string.prototype.trim/-/string.prototype.trim-1.2.11.tgz 3930ms (cache miss)
8145 http fetch GET 200 https://registry.npmjs.org/get-intrinsic/-/get-intrinsic-1.3.0.tgz 3939ms (cache miss)
8146 http fetch GET 200 https://registry.npmjs.org/object.assign/-/object.assign-4.1.7.tgz 3943ms (cache miss)
8147 http fetch GET 200 https://registry.npmjs.org/mock-property/-/mock-property-1.1.2.tgz 4001ms (cache miss)
8148 http fetch GET 200 https://registry.npmjs.org/has-dynamic-import/-/has-dynamic-import-2.1.1.tgz 4037ms (cache miss)
8149 http fetch GET 200 https://registry.npmjs.org/object-keys/-/object-keys-1.1.1.tgz 4038ms (cache miss)
8150 http fetch GET 200 https://registry.npmjs.org/get-package-type/-/get-package-type-0.1.0.tgz 4037ms (cache miss)
8151 http fetch GET 200 https://registry.npmjs.org/dotignore/-/dotignore-0.1.2.tgz 4038ms (cache miss)
8152 http fetch GET 200 https://registry.npmjs.org/object-is/-/object-is-1.1.6.tgz 4042ms (cache miss)
8153 http fetch GET 200 https://registry.npmjs.org/resolve/-/resolve-2.0.0-next.7.tgz 4061ms (cache miss)
8154 http fetch GET 200 https://registry.npmjs.org/es-object-atoms/-/es-object-atoms-1.1.2.tgz 4102ms (cache miss)
8155 http fetch GET 200 https://registry.npmjs.org/for-each/-/for-each-0.3.5.tgz 4105ms (cache miss)
8156 http fetch GET 200 https://registry.npmjs.org/deep-equal/-/deep-equal-2.2.3.tgz 4106ms (cache miss)
8157 http fetch GET 200 https://registry.npmjs.org/is-obj/-/is-obj-1.0.1.tgz 4154ms (cache miss)
8158 http fetch GET 200 https://registry.npmjs.org/call-bound/-/call-bound-1.0.4.tgz 4172ms (cache miss)
8159 http fetch GET 200 https://registry.npmjs.org/defined/-/defined-1.0.1.tgz 4173ms (cache miss)
8160 http fetch GET 200 https://registry.npmjs.org/is-regex/-/is-regex-1.2.1.tgz 4177ms (cache miss)
8161 http fetch GET 200 https://registry.npmjs.org/array.prototype.every/-/array.prototype.every-1.1.7.tgz 4173ms (cache miss)
8162 http fetch GET 200 https://registry.npmjs.org/call-bind/-/call-bind-1.0.9.tgz 4176ms (cache miss)
8163 http fetch GET 200 https://registry.npmjs.org/is-regexp/-/is-regexp-1.0.0.tgz 4175ms (cache miss)
8164 http fetch GET 200 https://registry.npmjs.org/get-own-enumerable-property-symbols/-/get-own-enumerable-property-symbols-3.0.2.tgz 4190ms (cache miss)
8165 http fetch GET 200 https://registry.npmjs.org/any-observable/-/any-observable-0.2.0.tgz 4189ms (cache miss)
8166 http fetch GET 200 https://registry.npmjs.org/has-flag/-/has-flag-3.0.0.tgz 4191ms (cache miss)
8167 http fetch GET 200 https://registry.npmjs.org/emoji-regex/-/emoji-regex-8.0.0.tgz 4196ms (cache miss)
8168 http fetch GET 200 https://registry.npmjs.org/@ljharb/through/-/through-2.3.14.tgz 4204ms (cache miss)
8169 http fetch GET 200 https://registry.npmjs.org/is-fullwidth-code-point/-/is-fullwidth-code-point-2.0.0.tgz 4227ms (cache miss)
8170 http fetch GET 200 https://registry.npmjs.org/shebang-regex/-/shebang-regex-1.0.0.tgz 4226ms (cache miss)
8171 http fetch GET 200 https://registry.npmjs.org/caller-path/-/caller-path-0.1.0.tgz 4246ms (cache miss)
8172 http fetch GET 200 https://registry.npmjs.org/mimic-fn/-/mimic-fn-1.2.0.tgz 4247ms (cache miss)
8173 http fetch GET 200 https://registry.npmjs.org/randombytes/-/randombytes-2.1.0.tgz 4247ms (cache miss)
8174 http fetch GET 200 https://registry.npmjs.org/onetime/-/onetime-2.0.1.tgz 4246ms (cache miss)
8175 http fetch GET 200 https://registry.npmjs.org/smart-buffer/-/smart-buffer-4.2.0.tgz 4254ms (cache miss)
8176 http fetch GET 200 https://registry.npmjs.org/socks/-/socks-2.8.10.tgz 4259ms (cache miss)
8177 http fetch GET 200 https://registry.npmjs.org/is-finite/-/is-finite-1.1.0.tgz 4304ms (cache miss)
8178 http fetch GET 200 https://registry.npmjs.org/dezalgo/-/dezalgo-1.0.4.tgz 4359ms (cache miss)
8179 http fetch GET 200 https://registry.npmjs.org/asap/-/asap-2.0.6.tgz 4383ms (cache miss)
8180 http fetch GET 200 https://registry.npmjs.org/@ljharb/resumer/-/resumer-0.1.3.tgz 4389ms (cache miss)
8181 http fetch GET 200 https://registry.npmjs.org/core-util-is/-/core-util-is-1.0.3.tgz 4381ms (cache miss)
8182 http fetch GET 200 https://registry.npmjs.org/isarray/-/isarray-1.0.0.tgz 4381ms (cache miss)
8183 http fetch GET 200 https://registry.npmjs.org/util-deprecate/-/util-deprecate-1.0.2.tgz 4384ms (cache miss)
8184 http fetch GET 200 https://registry.npmjs.org/debuglog/-/debuglog-1.0.1.tgz 4383ms (cache miss)
8185 warn deprecated debuglog@1.0.1: Package no longer supported. Contact Support at https://www.npmjs.com/support for more info.
8186 http fetch GET 200 https://registry.npmjs.org/validate-npm-package-license/-/validate-npm-package-license-3.0.4.tgz 4383ms (cache miss)
8187 http fetch GET 200 https://registry.npmjs.org/@ljharb/now/-/now-1.0.1.tgz 4392ms (cache miss)
8188 http fetch GET 200 https://registry.npmjs.org/string_decoder/-/string_decoder-1.1.1.tgz 4385ms (cache miss)
8189 http fetch GET 200 https://registry.npmjs.org/normalize-package-data/-/normalize-package-data-4.0.1.tgz 4384ms (cache miss)
8190 http fetch GET 200 https://registry.npmjs.org/is-core-module/-/is-core-module-2.17.0.tgz 4426ms (cache miss)
8191 http fetch GET 200 https://registry.npmjs.org/retry/-/retry-0.12.0.tgz 4426ms (cache miss)
8192 http fetch GET 200 https://registry.npmjs.org/err-code/-/err-code-2.0.3.tgz 4474ms (cache miss)
8193 http fetch GET 200 https://registry.npmjs.org/is-arrayish/-/is-arrayish-0.2.1.tgz 4473ms (cache miss)
8194 http fetch GET 200 https://registry.npmjs.org/callsites/-/callsites-3.1.0.tgz 4479ms (cache miss)
8195 http fetch GET 200 https://registry.npmjs.org/just-diff/-/just-diff-5.2.0.tgz 4495ms (cache miss)
8196 http fetch GET 200 https://registry.npmjs.org/irregular-plurals/-/irregular-plurals-3.5.0.tgz 4497ms (cache miss)
8197 http fetch GET 200 https://registry.npmjs.org/error-ex/-/error-ex-1.3.4.tgz 4497ms (cache miss)
8198 http fetch GET 200 https://registry.npmjs.org/just-diff-apply/-/just-diff-apply-5.5.0.tgz 4496ms (cache miss)
8199 http fetch GET 200 https://registry.npmjs.org/read-package-json/-/read-package-json-5.0.2.tgz 4505ms (cache miss)
8200 warn deprecated read-package-json@5.0.2: This package is no longer supported. Please use @npmcli/package-json instead.
8201 http fetch GET 200 https://registry.npmjs.org/ignore-walk/-/ignore-walk-5.0.1.tgz 4506ms (cache miss)
8202 http fetch GET 200 https://registry.npmjs.org/process-nextick-args/-/process-nextick-args-2.0.1.tgz 4539ms (cache miss)
8203 http fetch GET 200 https://registry.npmjs.org/yocto-queue/-/yocto-queue-0.1.0.tgz 4533ms (cache miss)
8204 http fetch GET 200 https://registry.npmjs.org/p-limit/-/p-limit-3.1.0.tgz 4533ms (cache miss)
8205 http fetch GET 200 https://registry.npmjs.org/npm-packlist/-/npm-packlist-5.1.3.tgz 4539ms (cache miss)
8206 http fetch GET 200 https://registry.npmjs.org/os-homedir/-/os-homedir-1.0.2.tgz 4558ms (cache miss)
8207 http fetch GET 200 https://registry.npmjs.org/ip-address/-/ip-address-10.7.3.tgz 4573ms (cache miss)
8208 http fetch GET 200 https://registry.npmjs.org/os-tmpdir/-/os-tmpdir-1.0.2.tgz 4571ms (cache miss)
8209 http fetch GET 200 https://registry.npmjs.org/aproba/-/aproba-2.1.0.tgz 4570ms (cache miss)
8210 http fetch GET 200 https://registry.npmjs.org/cli-spinners/-/cli-spinners-0.1.2.tgz 4572ms (cache miss)
8211 http fetch GET 200 https://registry.npmjs.org/wide-align/-/wide-align-1.1.5.tgz 4571ms (cache miss)
8212 http fetch GET 200 https://registry.npmjs.org/has-unicode/-/has-unicode-2.0.1.tgz 4571ms (cache miss)
8213 http fetch GET 200 https://registry.npmjs.org/color-support/-/color-support-1.1.3.tgz 4572ms (cache miss)
8214 http fetch GET 200 https://registry.npmjs.org/delegates/-/delegates-1.0.0.tgz 4581ms (cache miss)
8215 http fetch GET 200 https://registry.npmjs.org/are-we-there-yet/-/are-we-there-yet-3.0.1.tgz 4600ms (cache miss)
8216 warn deprecated are-we-there-yet@3.0.1: This package is no longer supported.
8217 http fetch GET 200 https://registry.npmjs.org/es-abstract/-/es-abstract-1.24.2.tgz 4658ms (cache miss)
8218 http fetch GET 200 https://registry.npmjs.org/function-bind/-/function-bind-1.1.2.tgz 4673ms (cache miss)
8219 http fetch GET 200 https://registry.npmjs.org/gauge/-/gauge-4.0.4.tgz 4674ms (cache miss)
8220 warn deprecated gauge@4.0.4: This package is no longer supported.
8221 http fetch GET 200 https://registry.npmjs.org/abbrev/-/abbrev-1.1.1.tgz 4671ms (cache miss)
8222 http fetch GET 200 https://registry.npmjs.org/validate-npm-package-name/-/validate-npm-package-name-3.0.0.tgz 4672ms (cache miss)
8223 http fetch GET 200 https://registry.npmjs.org/osenv/-/osenv-0.1.5.tgz 4672ms (cache miss)
8224 warn deprecated osenv@0.1.5: This package is no longer supported.
8225 http fetch GET 200 https://registry.npmjs.org/console-control-strings/-/console-control-strings-1.1.0.tgz 4676ms (cache miss)
8226 http fetch GET 200 https://registry.npmjs.org/hosted-git-info/-/hosted-git-info-2.8.9.tgz 4672ms (cache miss)
8227 http fetch GET 200 https://registry.npmjs.org/set-blocking/-/set-blocking-2.0.0.tgz 4677ms (cache miss)
8228 http fetch GET 200 https://registry.npmjs.org/minipass-json-stream/-/minipass-json-stream-1.0.2.tgz 4674ms (cache miss)
8229 http fetch GET 200 https://registry.npmjs.org/jsonparse/-/jsonparse-1.3.1.tgz 4675ms (cache miss)
8230 http fetch GET 200 https://registry.npmjs.org/hasown/-/hasown-2.0.4.tgz 4676ms (cache miss)
8231 http fetch GET 200 https://registry.npmjs.org/@npmcli/git/-/git-3.0.2.tgz 4682ms (cache miss)
8232 http fetch GET 200 https://registry.npmjs.org/minizlib/-/minizlib-2.1.2.tgz 4674ms (cache miss)
8233 http fetch GET 200 https://registry.npmjs.org/npm-path/-/npm-path-2.0.4.tgz 4677ms (cache miss)
8234 http fetch GET 200 https://registry.npmjs.org/encoding/-/encoding-0.1.13.tgz 4698ms (cache miss)
8235 http fetch GET 200 https://registry.npmjs.org/humanize-ms/-/humanize-ms-1.2.1.tgz 4717ms (cache miss)
8236 http fetch GET 200 https://registry.npmjs.org/http-proxy-agent/-/http-proxy-agent-4.0.1.tgz 4785ms (cache miss)
8237 http fetch GET 200 https://registry.npmjs.org/promise-retry/-/promise-retry-2.0.1.tgz 4788ms (cache miss)
8238 http fetch GET 200 https://registry.npmjs.org/is-lambda/-/is-lambda-1.0.1.tgz 4787ms (cache miss)
8239 http fetch GET 200 https://registry.npmjs.org/https-proxy-agent/-/https-proxy-agent-5.0.1.tgz 4787ms (cache miss)
8240 http fetch GET 200 https://registry.npmjs.org/socks-proxy-agent/-/socks-proxy-agent-6.2.1.tgz 4789ms (cache miss)
8241 http fetch GET 200 https://registry.npmjs.org/@tootallnate/once/-/once-1.1.2.tgz 4790ms (cache miss)
8242 http fetch GET 200 https://registry.npmjs.org/http-cache-semantics/-/http-cache-semantics-4.2.0.tgz 4787ms (cache miss)
8243 http fetch GET 200 https://registry.npmjs.org/agentkeepalive/-/agentkeepalive-4.6.0.tgz 4787ms (cache miss)
8244 http fetch GET 200 https://registry.npmjs.org/minipass-sized/-/minipass-sized-1.0.3.tgz 4794ms (cache miss)
8245 http fetch GET 200 https://registry.npmjs.org/@gar/promisify/-/promisify-1.1.3.tgz 4789ms (cache miss)
8246 http fetch GET 200 https://registry.npmjs.org/negotiator/-/negotiator-0.6.4.tgz 4792ms (cache miss)
8247 http fetch GET 200 https://registry.npmjs.org/agent-base/-/agent-base-6.0.2.tgz 4795ms (cache miss)
8248 http fetch GET 200 https://registry.npmjs.org/unique-filename/-/unique-filename-2.0.1.tgz 4792ms (cache miss)
8249 http fetch GET 200 https://registry.npmjs.org/minipass-fetch/-/minipass-fetch-1.4.1.tgz 4796ms (cache miss)
8250 http fetch GET 200 https://registry.npmjs.org/make-fetch-happen/-/make-fetch-happen-9.1.0.tgz 4795ms (cache miss)
8251 http fetch GET 200 https://registry.npmjs.org/env-paths/-/env-paths-2.2.1.tgz 4801ms (cache miss)
8252 http fetch GET 200 https://registry.npmjs.org/promise-inflight/-/promise-inflight-1.0.1.tgz 4812ms (cache miss)
8253 http fetch GET 200 https://registry.npmjs.org/minipass-flush/-/minipass-flush-1.0.7.tgz 4813ms (cache miss)
8254 http fetch GET 200 https://registry.npmjs.org/fs-minipass/-/fs-minipass-2.1.0.tgz 4818ms (cache miss)
8255 http fetch GET 200 https://registry.npmjs.org/cmd-shim/-/cmd-shim-5.0.0.tgz 4816ms (cache miss)
8256 http fetch GET 200 https://registry.npmjs.org/write-file-atomic/-/write-file-atomic-4.0.2.tgz 4832ms (cache miss)
8257 http fetch GET 200 https://registry.npmjs.org/chownr/-/chownr-2.0.0.tgz 4832ms (cache miss)
8258 http fetch GET 200 https://registry.npmjs.org/read-cmd-shim/-/read-cmd-shim-3.0.1.tgz 4832ms (cache miss)
8259 http fetch GET 200 https://registry.npmjs.org/minipass-collect/-/minipass-collect-1.0.2.tgz 4834ms (cache miss)
8260 http fetch GET 200 https://registry.npmjs.org/infer-owner/-/infer-owner-1.0.4.tgz 4831ms (cache miss)
8261 http fetch GET 200 https://registry.npmjs.org/minipass-pipeline/-/minipass-pipeline-1.2.4.tgz 4835ms (cache miss)
8262 http fetch GET 200 https://registry.npmjs.org/npm-bundled/-/npm-bundled-1.1.2.tgz 4856ms (cache miss)
8263 http fetch GET 200 https://registry.npmjs.org/tar/-/tar-6.2.1.tgz 4870ms (cache miss)
8264 warn deprecated tar@6.2.1: Old versions of tar are not supported, and contain widely publicized security vulnerabilities, which have been fixed in the current version. Please update. Support for old versions may be purchased (at exorbitant rates) by contacting i@izs.me
8265 http fetch GET 200 https://registry.npmjs.org/npm-normalize-package-bin/-/npm-normalize-package-bin-1.0.1.tgz 4873ms (cache miss)
8266 http fetch GET 200 https://registry.npmjs.org/readdir-scoped-modules/-/readdir-scoped-modules-1.1.0.tgz 4881ms (cache miss)
8267 warn deprecated readdir-scoped-modules@1.1.0: This functionality has been moved to @npmcli/fs
8268 http fetch GET 200 https://registry.npmjs.org/proc-log/-/proc-log-2.0.1.tgz 4880ms (cache miss)
8269 http fetch GET 200 https://registry.npmjs.org/treeverse/-/treeverse-2.0.0.tgz 4899ms (cache miss)
8270 http fetch GET 200 https://registry.npmjs.org/walk-up-path/-/walk-up-path-1.0.0.tgz 4900ms (cache miss)
8271 http fetch GET 200 https://registry.npmjs.org/ssri/-/ssri-9.0.1.tgz 4899ms (cache miss)
8272 http fetch GET 200 https://registry.npmjs.org/read-package-json-fast/-/read-package-json-fast-2.0.3.tgz 4927ms (cache miss)
8273 http fetch GET 200 https://registry.npmjs.org/parse-conflict-json/-/parse-conflict-json-2.0.2.tgz 4928ms (cache miss)
8274 http fetch GET 200 https://registry.npmjs.org/promise-call-limit/-/promise-call-limit-1.0.2.tgz 4931ms (cache miss)
8275 http fetch GET 200 https://registry.npmjs.org/npm-pick-manifest/-/npm-pick-manifest-7.0.2.tgz 4935ms (cache miss)
8276 http fetch GET 200 https://registry.npmjs.org/npmlog/-/npmlog-6.0.2.tgz 4936ms (cache miss)
8277 warn deprecated npmlog@6.0.2: This package is no longer supported.
8278 http fetch GET 200 https://registry.npmjs.org/npm-install-checks/-/npm-install-checks-5.0.0.tgz 4937ms (cache miss)
8279 http fetch GET 200 https://registry.npmjs.org/promise-all-reject-late/-/promise-all-reject-late-1.0.1.tgz 4938ms (cache miss)
8280 http fetch GET 200 https://registry.npmjs.org/@npmcli/fs/-/fs-2.1.2.tgz 4966ms (cache miss)
8281 http fetch GET 200 https://registry.npmjs.org/nopt/-/nopt-5.0.0.tgz 4963ms (cache miss)
8282 http fetch GET 200 https://registry.npmjs.org/json-stringify-nice/-/json-stringify-nice-1.1.4.tgz 4974ms (cache miss)
8283 http fetch GET 200 https://registry.npmjs.org/mkdirp-infer-owner/-/mkdirp-infer-owner-2.0.0.tgz 4976ms (cache miss)
8284 http fetch GET 200 https://registry.npmjs.org/npm-registry-fetch/-/npm-registry-fetch-13.3.1.tgz 4977ms (cache miss)
8285 http fetch GET 200 https://registry.npmjs.org/common-ancestor-path/-/common-ancestor-path-1.0.1.tgz 4976ms (cache miss)
8286 http fetch GET 200 https://registry.npmjs.org/json-parse-even-better-errors/-/json-parse-even-better-errors-2.3.1.tgz 4985ms (cache miss)
8287 http fetch GET 200 https://registry.npmjs.org/bin-links/-/bin-links-3.0.3.tgz 5049ms (cache miss)
8288 http fetch GET 200 https://registry.npmjs.org/@isaacs/string-locale-compare/-/string-locale-compare-1.1.0.tgz 5143ms (cache miss)
8289 http fetch GET 200 https://registry.npmjs.org/@npmcli/name-from-folder/-/name-from-folder-1.0.1.tgz 5146ms (cache miss)
8290 http fetch GET 200 https://registry.npmjs.org/@npmcli/node-gyp/-/node-gyp-2.0.0.tgz 5147ms (cache miss)
8291 http fetch GET 200 https://registry.npmjs.org/@npmcli/promise-spawn/-/promise-spawn-3.0.0.tgz 5155ms (cache miss)
8292 http fetch GET 200 https://registry.npmjs.org/@npmcli/package-json/-/package-json-2.0.0.tgz 5177ms (cache miss)
8293 http fetch GET 200 https://registry.npmjs.org/@npmcli/installed-package-contents/-/installed-package-contents-1.0.7.tgz 5175ms (cache miss)
8294 http fetch GET 200 https://registry.npmjs.org/pacote/-/pacote-13.6.0.tgz 5180ms (cache miss)
8295 http fetch GET 200 https://registry.npmjs.org/cacache/-/cacache-16.1.3.tgz 5184ms (cache miss)
8296 http fetch GET 200 https://registry.npmjs.org/object-inspect/-/object-inspect-1.13.4.tgz 5183ms (cache miss)
8297 http fetch GET 200 https://registry.npmjs.org/@npmcli/move-file/-/move-file-2.0.1.tgz 5198ms (cache miss)
8298 warn deprecated @npmcli/move-file@2.0.1: This functionality has been moved to @npmcli/fs
8299 http fetch GET 200 https://registry.npmjs.org/@npmcli/run-script/-/run-script-3.0.3.tgz 5230ms (cache miss)
8300 http fetch GET 200 https://registry.npmjs.org/@npmcli/map-workspaces/-/map-workspaces-2.0.4.tgz 5229ms (cache miss)
8301 http fetch GET 200 https://registry.npmjs.org/@npmcli/metavuln-calculator/-/metavuln-calculator-3.1.1.tgz 5230ms (cache miss)
8302 http fetch GET 200 https://registry.npmjs.org/eight-colors/-/eight-colors-1.3.3.tgz 5227ms (cache miss)
8303 http fetch GET 200 https://registry.npmjs.org/acorn-walk/-/acorn-walk-8.3.5.tgz 5228ms (cache miss)
8304 http fetch GET 200 https://registry.npmjs.org/monocart-locator/-/monocart-locator-1.0.3.tgz 5241ms (cache miss)
8305 http fetch GET 200 https://registry.npmjs.org/lz-utils/-/lz-utils-2.1.1.tgz 5245ms (cache miss)
8306 http fetch GET 200 https://registry.npmjs.org/yargs-unparser/-/yargs-unparser-2.0.0.tgz 5285ms (cache miss)
8307 http fetch GET 200 https://registry.npmjs.org/serialize-javascript/-/serialize-javascript-6.0.2.tgz 5284ms (cache miss)
8308 http fetch GET 200 https://registry.npmjs.org/console-grid/-/console-grid-2.2.4.tgz 5285ms (cache miss)
8309 http fetch GET 200 https://registry.npmjs.org/concat-map/-/concat-map-0.0.1.tgz 5284ms (cache miss)
8310 http fetch GET 200 https://registry.npmjs.org/ansi-colors/-/ansi-colors-4.1.3.tgz 5284ms (cache miss)
8311 http fetch GET 200 https://registry.npmjs.org/yallist/-/yallist-2.1.2.tgz 5350ms (cache miss)
8312 http fetch GET 200 https://registry.npmjs.org/balanced-match/-/balanced-match-1.0.2.tgz 5351ms (cache miss)
8313 http fetch GET 200 https://registry.npmjs.org/brace-expansion/-/brace-expansion-1.1.21.tgz 5350ms (cache miss)
8314 http fetch GET 200 https://registry.npmjs.org/pseudomap/-/pseudomap-1.0.2.tgz 5350ms (cache miss)
8315 http fetch GET 200 https://registry.npmjs.org/acorn-loose/-/acorn-loose-8.5.2.tgz 5372ms (cache miss)
8316 http fetch GET 200 https://registry.npmjs.org/workerpool/-/workerpool-6.5.1.tgz 5437ms (cache miss)
8317 http fetch GET 200 https://registry.npmjs.org/p-locate/-/p-locate-5.0.0.tgz 5501ms (cache miss)
8318 http fetch GET 200 https://registry.npmjs.org/repeating/-/repeating-2.0.1.tgz 5542ms (cache miss)
8319 http fetch GET 200 https://registry.npmjs.org/ora/-/ora-0.2.3.tgz 5544ms (cache miss)
8320 http fetch GET 200 https://registry.npmjs.org/elegant-spinner/-/elegant-spinner-1.0.1.tgz 5546ms (cache miss)
8321 http fetch GET 200 https://registry.npmjs.org/listr-verbose-renderer/-/listr-verbose-renderer-0.4.1.tgz 5543ms (cache miss)
8322 http fetch GET 200 https://registry.npmjs.org/stream-to-observable/-/stream-to-observable-0.2.0.tgz 5544ms (cache miss)
8323 http fetch GET 200 https://registry.npmjs.org/log-update/-/log-update-1.0.2.tgz 5545ms (cache miss)
8324 http fetch GET 200 https://registry.npmjs.org/slice-ansi/-/slice-ansi-0.0.4.tgz 5546ms (cache miss)
8325 http fetch GET 200 https://registry.npmjs.org/listr-silent-renderer/-/listr-silent-renderer-1.1.1.tgz 5544ms (cache miss)
8326 http fetch GET 200 https://registry.npmjs.org/symbol-observable/-/symbol-observable-0.2.4.tgz 5607ms (cache miss)
8327 http fetch GET 200 https://registry.npmjs.org/listr-update-renderer/-/listr-update-renderer-0.4.0.tgz 5616ms (cache miss)
8328 http fetch GET 200 https://registry.npmjs.org/is-promise/-/is-promise-2.2.2.tgz 5631ms (cache miss)
8329 http fetch GET 200 https://registry.npmjs.org/indent-string/-/indent-string-2.1.0.tgz 5714ms (cache miss)
8330 http fetch GET 200 https://registry.npmjs.org/cli-truncate/-/cli-truncate-0.2.1.tgz 5725ms (cache miss)
8331 http fetch GET 200 https://registry.npmjs.org/leven/-/leven-2.1.0.tgz 5726ms (cache miss)
8332 http fetch GET 200 https://registry.npmjs.org/@npmcli/arborist/-/arborist-5.2.1.tgz 5750ms (cache miss)
8333 http fetch GET 200 https://registry.npmjs.org/date-fns/-/date-fns-1.30.1.tgz 5798ms (cache miss)
8334 http fetch GET 200 https://registry.npmjs.org/p-finally/-/p-finally-1.0.0.tgz 5823ms (cache miss)
8335 http fetch GET 200 https://registry.npmjs.org/npm-run-path/-/npm-run-path-2.0.2.tgz 5822ms (cache miss)
8336 http fetch GET 200 https://registry.npmjs.org/is-stream/-/is-stream-1.1.0.tgz 5823ms (cache miss)
8337 http fetch GET 200 https://registry.npmjs.org/strip-eof/-/strip-eof-1.0.0.tgz 5824ms (cache miss)
8338 http fetch GET 200 https://registry.npmjs.org/require-from-string/-/require-from-string-2.0.2.tgz 5823ms (cache miss)
8339 http fetch GET 200 https://registry.npmjs.org/is-observable/-/is-observable-0.2.0.tgz 5826ms (cache miss)
8340 http fetch GET 200 https://registry.npmjs.org/get-stream/-/get-stream-3.0.0.tgz 5823ms (cache miss)
8341 http fetch GET 200 https://registry.npmjs.org/jest-get-type/-/jest-get-type-21.2.0.tgz 5826ms (cache miss)
8342 http fetch GET 200 https://registry.npmjs.org/node-gyp/-/node-gyp-8.4.1.tgz 5866ms (cache miss)
8343 http fetch GET 200 https://registry.npmjs.org/log-symbols/-/log-symbols-2.2.0.tgz 5926ms (cache miss)
8344 http fetch GET 200 https://registry.npmjs.org/npm-which/-/npm-which-3.0.1.tgz 5925ms (cache miss)
8345 http fetch GET 200 https://registry.npmjs.org/find-parent-dir/-/find-parent-dir-0.3.1.tgz 5926ms (cache miss)
8346 http fetch GET 200 https://registry.npmjs.org/pify/-/pify-3.0.0.tgz 5927ms (cache miss)
8347 http fetch GET 200 https://registry.npmjs.org/p-map/-/p-map-1.2.0.tgz 5928ms (cache miss)
8348 http fetch GET 200 https://registry.npmjs.org/is-directory/-/is-directory-0.3.1.tgz 5929ms (cache miss)
8349 http fetch GET 200 https://registry.npmjs.org/stringify-object/-/stringify-object-3.3.0.tgz 5930ms (cache miss)
8350 http fetch GET 200 https://registry.npmjs.org/parse-json/-/parse-json-3.0.0.tgz 5930ms (cache miss)
8351 http fetch GET 200 https://registry.npmjs.org/staged-git-files/-/staged-git-files-0.0.4.tgz 5929ms (cache miss)
8352 http fetch GET 200 https://registry.npmjs.org/pretty-format/-/pretty-format-21.2.1.tgz 5949ms (cache miss)
8353 http fetch GET 200 https://registry.npmjs.org/dedent/-/dedent-0.7.0.tgz 5958ms (cache miss)
8354 http fetch GET 200 https://registry.npmjs.org/cosmiconfig/-/cosmiconfig-3.1.0.tgz 5959ms (cache miss)
8355 http fetch GET 200 https://registry.npmjs.org/listr/-/listr-0.13.0.tgz 6006ms (cache miss)
8356 http fetch GET 200 https://registry.npmjs.org/strip-ansi/-/strip-ansi-6.0.1.tgz 6003ms (cache miss)
8357 http fetch GET 200 https://registry.npmjs.org/wrap-ansi/-/wrap-ansi-7.0.0.tgz 6094ms (cache miss)
8358 http fetch GET 200 https://registry.npmjs.org/update-notifier/-/update-notifier-2.5.0.tgz 6095ms (cache miss)
8359 http fetch GET 200 https://registry.npmjs.org/dotenv/-/dotenv-5.0.1.tgz 6095ms (cache miss)
8360 http fetch GET 200 https://registry.npmjs.org/html-escaper/-/html-escaper-2.0.2.tgz 6093ms (cache miss)
8361 http fetch GET 200 https://registry.npmjs.org/safe-buffer/-/safe-buffer-5.2.1.tgz 6101ms (cache miss)
8362 http fetch GET 200 https://registry.npmjs.org/y18n/-/y18n-4.0.3.tgz 6103ms (cache miss)
8363 http fetch GET 200 https://registry.npmjs.org/wrap-ansi/-/wrap-ansi-8.1.0.tgz 6101ms (cache miss)
8364 http fetch GET 200 https://registry.npmjs.org/string-width/-/string-width-4.2.3.tgz 6108ms (cache miss)
8365 http fetch GET 200 https://registry.npmjs.org/npm-package-arg/-/npm-package-arg-6.1.1.tgz 6109ms (cache miss)
8366 http fetch GET 200 https://registry.npmjs.org/execa/-/execa-0.8.0.tgz 6112ms (cache miss)
8367 http fetch GET 200 https://registry.npmjs.org/app-root-path/-/app-root-path-2.2.1.tgz 6121ms (cache miss)
8368 http fetch GET 200 https://registry.npmjs.org/jest-validate/-/jest-validate-21.2.1.tgz 6146ms (cache miss)
8369 http fetch GET 200 https://registry.npmjs.org/restore-cursor/-/restore-cursor-2.0.0.tgz 6257ms (cache miss)
8370 http fetch GET 200 https://registry.npmjs.org/run-async/-/run-async-2.4.1.tgz 6349ms (cache miss)
8371 http fetch GET 200 https://registry.npmjs.org/is-extglob/-/is-extglob-2.1.1.tgz 6352ms (cache miss)
8372 http fetch GET 200 https://registry.npmjs.org/ci-info/-/ci-info-1.6.0.tgz 6352ms (cache miss)
8373 http fetch GET 200 https://registry.npmjs.org/through/-/through-2.3.8.tgz 6351ms (cache miss)
8374 http fetch GET 200 https://registry.npmjs.org/make-dir/-/make-dir-4.0.0.tgz 6354ms (cache miss)
8375 http fetch GET 200 https://registry.npmjs.org/string-width/-/string-width-2.1.1.tgz 6351ms (cache miss)
8376 http fetch GET 200 https://registry.npmjs.org/@isaacs/cliui/-/cliui-8.0.2.tgz 6360ms (cache miss)
8377 http fetch GET 200 https://registry.npmjs.org/safer-buffer/-/safer-buffer-2.1.2.tgz 6367ms (cache miss)
8378 http fetch GET 200 https://registry.npmjs.org/rx-lite-aggregates/-/rx-lite-aggregates-4.0.8.tgz 6379ms (cache miss)
8379 http fetch GET 200 https://registry.npmjs.org/chardet/-/chardet-0.4.2.tgz 6388ms (cache miss)
8380 http fetch GET 200 https://registry.npmjs.org/@pkgjs/parseargs/-/parseargs-0.11.0.tgz 6390ms (cache miss)
8381 http fetch GET 200 https://registry.npmjs.org/mute-stream/-/mute-stream-0.0.7.tgz 6389ms (cache miss)
8382 http fetch GET 200 https://registry.npmjs.org/ansi-escapes/-/ansi-escapes-3.2.0.tgz 6467ms (cache miss)
8383 http fetch GET 200 https://registry.npmjs.org/external-editor/-/external-editor-2.2.0.tgz 6467ms (cache miss)
8384 http fetch GET 200 https://registry.npmjs.org/figures/-/figures-2.0.0.tgz 6515ms (cache miss)
8385 http fetch GET 200 https://registry.npmjs.org/wrappy/-/wrappy-1.0.2.tgz 6609ms (cache miss)
8386 http fetch GET 200 https://registry.npmjs.org/resolve-from/-/resolve-from-4.0.0.tgz 6633ms (cache miss)
8387 http fetch GET 200 https://registry.npmjs.org/cli-cursor/-/cli-cursor-2.1.0.tgz 6633ms (cache miss)
8388 http fetch GET 200 https://registry.npmjs.org/import-from/-/import-from-3.0.0.tgz 6631ms (cache miss)
8389 http fetch GET 200 https://registry.npmjs.org/strip-indent/-/strip-indent-2.0.0.tgz 6632ms (cache miss)
8390 http fetch GET 200 https://registry.npmjs.org/is-ci/-/is-ci-1.2.1.tgz 6631ms (cache miss)
8391 http fetch GET 200 https://registry.npmjs.org/parent-module/-/parent-module-1.0.1.tgz 6633ms (cache miss)
8392 http fetch GET 200 https://registry.npmjs.org/normalize-path/-/normalize-path-1.0.0.tgz 6632ms (cache miss)
8393 http fetch GET 200 https://registry.npmjs.org/cli-width/-/cli-width-2.2.1.tgz 6635ms (cache miss)
8394 http fetch GET 200 https://registry.npmjs.org/wordwrap/-/wordwrap-1.0.0.tgz 6660ms (cache miss)
8395 http fetch GET 200 https://registry.npmjs.org/minimist/-/minimist-1.2.8.tgz 6663ms (cache miss)
8396 http fetch GET 200 https://registry.npmjs.org/locate-path/-/locate-path-6.0.0.tgz 6905ms (cache miss)
8397 http fetch GET 200 https://registry.npmjs.org/write/-/write-0.2.1.tgz 6906ms (cache miss)
8398 http fetch GET 200 https://registry.npmjs.org/path-exists/-/path-exists-4.0.0.tgz 6905ms (cache miss)
8399 http fetch GET 200 https://registry.npmjs.org/package-json-from-dist/-/package-json-from-dist-1.0.1.tgz 6953ms (cache miss)
8400 http fetch GET 200 https://registry.npmjs.org/circular-json/-/circular-json-0.3.3.tgz 6950ms (cache miss)
8401 http fetch GET 200 https://registry.npmjs.org/graceful-fs/-/graceful-fs-4.2.11.tgz 6953ms (cache miss)
8402 warn deprecated circular-json@0.3.3: CircularJSON is in maintenance only, flatted is its successor.
8403 http fetch GET 200 https://registry.npmjs.org/signal-exit/-/signal-exit-4.1.0.tgz 7013ms (cache miss)
8404 http fetch GET 200 https://registry.npmjs.org/plur/-/plur-4.0.0.tgz 7161ms (cache miss)
8405 http fetch GET 200 https://registry.npmjs.org/strnum/-/strnum-1.1.2.tgz 7285ms (cache miss)
8406 http fetch GET 200 https://registry.npmjs.org/@types/json-schema/-/json-schema-7.0.15.tgz 7283ms (cache miss)
8407 http fetch GET 200 https://registry.npmjs.org/@humanfs/types/-/types-0.15.0.tgz 7284ms (cache miss)
8408 http fetch GET 200 https://registry.npmjs.org/@humanwhocodes/module-importer/-/module-importer-1.0.1.tgz 7284ms (cache miss)
8409 http fetch GET 200 https://registry.npmjs.org/rx-lite/-/rx-lite-4.0.8.tgz 7297ms (cache miss)
8410 http fetch GET 200 https://registry.npmjs.org/iconv-lite/-/iconv-lite-0.4.24.tgz 7304ms (cache miss)
8411 http fetch GET 200 https://registry.npmjs.org/@eslint/object-schema/-/object-schema-2.1.7.tgz 7295ms (cache miss)
8412 http fetch GET 200 https://registry.npmjs.org/neo-async/-/neo-async-2.6.2.tgz 7306ms (cache miss)
8413 http fetch GET 200 https://registry.npmjs.org/@humanfs/core/-/core-0.19.2.tgz 7597ms (cache miss)
8414 http fetch GET 200 https://registry.npmjs.org/@types/estree/-/estree-1.0.9.tgz 7595ms (cache miss)
8415 http fetch GET 200 https://registry.npmjs.org/minipass/-/minipass-7.1.3.tgz 7612ms (cache miss)
8416 http fetch GET 200 https://registry.npmjs.org/jackspeak/-/jackspeak-3.4.3.tgz 7614ms (cache miss)
8417 http fetch GET 200 https://registry.npmjs.org/@humanfs/node/-/node-0.16.8.tgz 7630ms (cache miss)
8418 http fetch GET 200 https://registry.npmjs.org/@humanwhocodes/retry/-/retry-0.4.3.tgz 7635ms (cache miss)
8419 http fetch GET 200 https://registry.npmjs.org/@eslint/config-helpers/-/config-helpers-0.4.2.tgz 7641ms (cache miss)
8420 http fetch GET 200 https://registry.npmjs.org/@eslint/core/-/core-0.17.0.tgz 7642ms (cache miss)
8421 http fetch GET 200 https://registry.npmjs.org/@eslint/plugin-kit/-/plugin-kit-0.4.1.tgz 7648ms (cache miss)
8422 http fetch GET 200 https://registry.npmjs.org/path-key/-/path-key-3.1.1.tgz 7730ms (cache miss)
8423 http fetch GET 200 https://registry.npmjs.org/ms/-/ms-2.1.3.tgz 7732ms (cache miss)
8424 http fetch GET 200 https://registry.npmjs.org/buffer-from/-/buffer-from-1.1.2.tgz 7730ms (cache miss)
8425 http fetch GET 200 https://registry.npmjs.org/color-name/-/color-name-1.1.3.tgz 7730ms (cache miss)
8426 http fetch GET 200 https://registry.npmjs.org/path-scurry/-/path-scurry-1.11.1.tgz 7743ms (cache miss)
8427 http fetch GET 200 https://registry.npmjs.org/readdirp/-/readdirp-4.1.2.tgz 7758ms (cache miss)
8428 http fetch GET 200 https://registry.npmjs.org/type-detect/-/type-detect-4.1.0.tgz 7864ms (cache miss)
8429 http fetch GET 200 https://registry.npmjs.org/typedarray/-/typedarray-0.0.6.tgz 7867ms (cache miss)
8430 http fetch GET 200 https://registry.npmjs.org/get-func-name/-/get-func-name-2.0.2.tgz 7984ms (cache miss)
8431 http fetch GET 200 https://registry.npmjs.org/pathval/-/pathval-1.1.1.tgz 7984ms (cache miss)
8432 http fetch GET 200 https://registry.npmjs.org/check-error/-/check-error-1.0.3.tgz 7984ms (cache miss)
8433 http fetch GET 200 https://registry.npmjs.org/assertion-error/-/assertion-error-1.1.0.tgz 7983ms (cache miss)
8434 http fetch GET 200 https://registry.npmjs.org/deep-eql/-/deep-eql-4.1.4.tgz 7984ms (cache miss)
8435 http fetch GET 200 https://registry.npmjs.org/loupe/-/loupe-2.3.7.tgz 8007ms (cache miss)
8436 http fetch GET 200 https://registry.npmjs.org/@eslint/config-array/-/config-array-0.21.2.tgz 8073ms (cache miss)
8437 http fetch GET 200 https://registry.npmjs.org/readable-stream/-/readable-stream-2.3.8.tgz 8075ms (cache miss)
8438 http fetch GET 200 https://registry.npmjs.org/v8-to-istanbul/-/v8-to-istanbul-9.3.0.tgz 8110ms (cache miss)
8439 http fetch GET 200 https://registry.npmjs.org/@eslint-community/eslint-utils/-/eslint-utils-4.10.1.tgz 8116ms (cache miss)
8440 http fetch GET 200 https://registry.npmjs.org/@eslint-community/regexpp/-/regexpp-4.12.2.tgz 8117ms (cache miss)
8441 http fetch GET 200 https://registry.npmjs.org/test-exclude/-/test-exclude-7.0.2.tgz 8116ms (cache miss)
8442 http fetch GET 200 https://registry.npmjs.org/istanbul-lib-report/-/istanbul-lib-report-3.0.1.tgz 8130ms (cache miss)
8443 http fetch GET 200 https://registry.npmjs.org/foreground-child/-/foreground-child-3.3.1.tgz 8159ms (cache miss)
8444 http fetch GET 200 https://registry.npmjs.org/uglify-js/-/uglify-js-3.19.3.tgz 8178ms (cache miss)
8445 http fetch GET 200 https://registry.npmjs.org/yargs-parser/-/yargs-parser-21.1.1.tgz 8172ms (cache miss)
8446 http fetch GET 200 https://registry.npmjs.org/yargs/-/yargs-17.7.3.tgz 8179ms (cache miss)
8447 http fetch GET 200 https://registry.npmjs.org/istanbul-lib-coverage/-/istanbul-lib-coverage-3.2.2.tgz 8193ms (cache miss)
8448 http fetch GET 200 https://registry.npmjs.org/find-up/-/find-up-5.0.0.tgz 8243ms (cache miss)
8449 http fetch GET 200 https://registry.npmjs.org/js-tokens/-/js-tokens-3.0.2.tgz 8244ms (cache miss)
8450 http fetch GET 200 https://registry.npmjs.org/tunnel/-/tunnel-0.0.6.tgz 8244ms (cache miss)
8451 http fetch GET 200 https://registry.npmjs.org/parse-github-url/-/parse-github-url-1.0.4.tgz 8244ms (cache miss)
8452 http fetch GET 200 https://registry.npmjs.org/@istanbuljs/schema/-/schema-0.1.6.tgz 8283ms (cache miss)
8453 http fetch GET 200 https://registry.npmjs.org/@bcoe/v8-coverage/-/v8-coverage-1.0.2.tgz 8283ms (cache miss)
8454 http fetch GET 200 https://registry.npmjs.org/import-cwd/-/import-cwd-3.0.0.tgz 8282ms (cache miss)
8455 http fetch GET 200 https://registry.npmjs.org/tmp/-/tmp-0.2.1.tgz 8326ms (cache miss)
8456 http fetch GET 200 https://registry.npmjs.org/typed-rest-client/-/typed-rest-client-2.1.0.tgz 8330ms (cache miss)
8457 http fetch GET 200 https://registry.npmjs.org/rimraf/-/rimraf-3.0.2.tgz 8340ms (cache miss)
8458 warn deprecated rimraf@3.0.2: Rimraf versions prior to v4 are no longer supported
8459 http fetch GET 200 https://registry.npmjs.org/find-package-json/-/find-package-json-1.2.0.tgz 8337ms (cache miss)
8460 http fetch GET 200 https://registry.npmjs.org/istanbul-reports/-/istanbul-reports-3.2.0.tgz 8352ms (cache miss)
8461 http fetch GET 200 https://registry.npmjs.org/node-cleanup/-/node-cleanup-2.1.2.tgz 8347ms (cache miss)
8462 http fetch GET 200 https://registry.npmjs.org/colors/-/colors-1.4.0.tgz 8352ms (cache miss)
8463 http fetch GET 200 https://registry.npmjs.org/libnpx/-/libnpx-10.2.4.tgz 8371ms (cache miss)
8464 warn deprecated libnpx@10.2.4: This package is no longer supported.
8465 http fetch GET 200 https://registry.npmjs.org/universal-user-agent/-/universal-user-agent-7.0.3.tgz 8437ms (cache miss)
8466 http fetch GET 200 https://registry.npmjs.org/fast-content-type-parse/-/fast-content-type-parse-2.0.1.tgz 8439ms (cache miss)
8467 http fetch GET 200 https://registry.npmjs.org/npm-lockfile/-/npm-lockfile-3.0.7.tgz 8458ms (cache miss)
8468 http fetch GET 200 https://registry.npmjs.org/before-after-hook/-/before-after-hook-3.0.2.tgz 8452ms (cache miss)
8469 warn deprecated npm-lockfile@3.0.7: The primary dependent of this package, `aud`, is EOL since npm added first-class support for it, and so this one is as well. See https://npmjs.com/lockfile-tools for similar (better) helpers!
8470 http fetch GET 200 https://registry.npmjs.org/sprintf-js/-/sprintf-js-1.0.3.tgz 8460ms (cache miss)
8471 http fetch GET 200 https://registry.npmjs.org/color-convert/-/color-convert-1.9.3.tgz 8606ms (cache miss)
8472 http fetch GET 200 https://registry.npmjs.org/undici-types/-/undici-types-8.9.0.tgz 8607ms (cache miss)
8473 http fetch GET 200 https://registry.npmjs.org/@octokit/endpoint/-/endpoint-10.1.4.tgz 8719ms (cache miss)
8474 http fetch GET 200 https://registry.npmjs.org/@octokit/types/-/types-14.1.0.tgz 8721ms (cache miss)
8475 http fetch GET 200 https://registry.npmjs.org/@octokit/request-error/-/request-error-6.1.8.tgz 8884ms (cache miss)
8476 http fetch GET 200 https://registry.npmjs.org/@octokit/request/-/request-9.2.4.tgz 8928ms (cache miss)
8477 http fetch GET 200 https://registry.npmjs.org/@octokit/auth-token/-/auth-token-5.1.2.tgz 8995ms (cache miss)
8478 http fetch GET 200 https://registry.npmjs.org/@octokit/graphql/-/graphql-8.2.2.tgz 9006ms (cache miss)
8479 http fetch GET 200 https://registry.npmjs.org/@octokit/plugin-request-log/-/plugin-request-log-5.3.1.tgz 9011ms (cache miss)
8480 http fetch GET 200 https://registry.npmjs.org/tslib/-/tslib-2.8.1.tgz 9052ms (cache miss)
8481 http fetch GET 200 https://registry.npmjs.org/@octokit/plugin-paginate-rest/-/plugin-paginate-rest-11.6.0.tgz 9074ms (cache miss)
8482 http fetch GET 200 https://registry.npmjs.org/uri-js/-/uri-js-4.4.1.tgz 9097ms (cache miss)
8483 http fetch GET 200 https://registry.npmjs.org/ansi-regex/-/ansi-regex-3.0.1.tgz 9480ms (cache miss)
8484 http fetch GET 200 https://registry.npmjs.org/word-wrap/-/word-wrap-1.2.5.tgz 9479ms (cache miss)
8485 http fetch GET 200 https://registry.npmjs.org/deep-is/-/deep-is-0.1.4.tgz 9480ms (cache miss)
8486 http fetch GET 200 https://registry.npmjs.org/isexe/-/isexe-2.0.0.tgz 9487ms (cache miss)
8487 http fetch GET 200 https://registry.npmjs.org/@esfx/cancelable/-/cancelable-1.0.0.tgz 9520ms (cache miss)
8488 http fetch GET 200 https://registry.npmjs.org/@esfx/disposable/-/disposable-1.0.0.tgz 9549ms (cache miss)
8489 http fetch GET 200 https://registry.npmjs.org/browser-stdout/-/browser-stdout-1.3.0.tgz 9578ms (cache miss)
8490 http fetch GET 200 https://registry.npmjs.org/fast-levenshtein/-/fast-levenshtein-2.0.6.tgz 9595ms (cache miss)
8491 http fetch GET 200 https://registry.npmjs.org/@octokit/plugin-rest-endpoint-methods/-/plugin-rest-endpoint-methods-13.5.0.tgz 9624ms (cache miss)
8492 http fetch GET 200 https://registry.npmjs.org/commander/-/commander-2.11.0.tgz 9635ms (cache miss)
8493 http fetch GET 200 https://registry.npmjs.org/growl/-/growl-1.10.3.tgz 9647ms (cache miss)
8494 http fetch GET 200 https://registry.npmjs.org/type-check/-/type-check-0.3.2.tgz 9659ms (cache miss)
8495 http fetch GET 200 https://registry.npmjs.org/source-map/-/source-map-0.6.1.tgz 9701ms (cache miss)
8496 http fetch GET 200 https://registry.npmjs.org/prelude-ls/-/prelude-ls-1.1.2.tgz 9745ms (cache miss)
8497 http fetch GET 200 https://registry.npmjs.org/path-is-absolute/-/path-is-absolute-1.0.1.tgz 9865ms (cache miss)
8498 http fetch GET 200 https://registry.npmjs.org/once/-/once-1.4.0.tgz 9864ms (cache miss)
8499 http fetch GET 200 https://registry.npmjs.org/he/-/he-1.1.1.tgz 9870ms (cache miss)
8500 http fetch GET 200 https://registry.npmjs.org/@octokit/core/-/core-6.1.6.tgz 9873ms (cache miss)
8501 http fetch GET 200 https://registry.npmjs.org/inherits/-/inherits-2.0.4.tgz 9886ms (cache miss)
8502 http fetch GET 200 https://registry.npmjs.org/@humanwhocodes/object-schema/-/object-schema-1.2.1.tgz 9892ms (cache miss)
8503 http fetch GET 200 https://registry.npmjs.org/inflight/-/inflight-1.0.6.tgz 9887ms (cache miss)
8504 warn deprecated inflight@1.0.6: This module is not supported, and leaks memory. Do not use it. Check out lru-cache if you want a good and tested way to coalesce async requests by a key value, which is much more comprehensive and powerful.
8505 warn deprecated @humanwhocodes/object-schema@1.2.1: Use @eslint/object-schema instead
8506 http fetch GET 200 https://registry.npmjs.org/argparse/-/argparse-1.0.10.tgz 9902ms (cache miss)
8507 http fetch GET 200 https://registry.npmjs.org/esprima/-/esprima-4.0.1.tgz 10076ms (cache miss)
8508 http fetch GET 200 https://registry.npmjs.org/shebang-command/-/shebang-command-1.2.0.tgz 10073ms (cache miss)
8509 http fetch GET 200 https://registry.npmjs.org/object-assign/-/object-assign-4.1.1.tgz 10110ms (cache miss)
8510 http fetch GET 200 https://registry.npmjs.org/fs.realpath/-/fs.realpath-1.0.0.tgz 10111ms (cache miss)
8511 http fetch GET 200 https://registry.npmjs.org/esrecurse/-/esrecurse-4.3.0.tgz 10108ms (cache miss)
8512 http fetch GET 200 https://registry.npmjs.org/lru-cache/-/lru-cache-4.1.5.tgz 10109ms (cache miss)
8513 http fetch GET 200 https://registry.npmjs.org/acorn-jsx/-/acorn-jsx-3.0.1.tgz 10110ms (cache miss)
8514 http fetch GET 200 https://registry.npmjs.org/estraverse/-/estraverse-4.3.0.tgz 10112ms (cache miss)
8515 http fetch GET 200 https://registry.npmjs.org/flat-cache/-/flat-cache-1.3.4.tgz 10135ms (cache miss)
8516 http fetch GET 200 https://registry.npmjs.org/supports-color/-/supports-color-5.5.0.tgz 10263ms (cache miss)
8517 http fetch GET 200 https://registry.npmjs.org/ansi-styles/-/ansi-styles-3.2.1.tgz 10275ms (cache miss)
8518 http fetch GET 200 https://registry.npmjs.org/co/-/co-4.6.0.tgz 10277ms (cache miss)
8519 http fetch GET 200 https://registry.npmjs.org/progress/-/progress-2.0.3.tgz 10275ms (cache miss)
8520 http fetch GET 200 https://registry.npmjs.org/fast-json-stable-stringify/-/fast-json-stable-stringify-2.1.0.tgz 10277ms (cache miss)
8521 http fetch GET 200 https://registry.npmjs.org/table/-/table-4.0.2.tgz 10277ms (cache miss)
8522 http fetch GET 200 https://registry.npmjs.org/json-schema-traverse/-/json-schema-traverse-0.3.1.tgz 10358ms (cache miss)
8523 http fetch GET 200 https://registry.npmjs.org/pluralize/-/pluralize-7.0.0.tgz 10356ms (cache miss)
8524 http fetch GET 200 https://registry.npmjs.org/semver/-/semver-5.7.2.tgz 10420ms (cache miss)
8525 http fetch GET 200 https://registry.npmjs.org/path-is-inside/-/path-is-inside-1.0.2.tgz 10659ms (cache miss)
8526 http fetch GET 200 https://registry.npmjs.org/mkdirp/-/mkdirp-0.5.6.tgz 10661ms (cache miss)
8527 http fetch GET 200 https://registry.npmjs.org/require-uncached/-/require-uncached-1.0.3.tgz 10662ms (cache miss)
8528 http fetch GET 200 https://registry.npmjs.org/is-resolvable/-/is-resolvable-1.1.0.tgz 10663ms (cache miss)
8529 http fetch GET 200 https://registry.npmjs.org/concat-stream/-/concat-stream-1.6.2.tgz 10663ms (cache miss)
8530 http fetch GET 200 https://registry.npmjs.org/v8-compile-cache/-/v8-compile-cache-2.4.0.tgz 10855ms (cache miss)
8531 http fetch GET 200 https://registry.npmjs.org/strip-json-comments/-/strip-json-comments-3.1.1.tgz 10855ms (cache miss)
8532 http fetch GET 200 https://registry.npmjs.org/text-table/-/text-table-0.2.0.tgz 10855ms (cache miss)
8533 http fetch GET 200 https://registry.npmjs.org/babel-code-frame/-/babel-code-frame-6.26.0.tgz 10857ms (cache miss)
8534 http fetch GET 200 https://registry.npmjs.org/strip-ansi/-/strip-ansi-6.0.1.tgz 10856ms (cache miss)
8535 http fetch GET 200 https://registry.npmjs.org/handlebars/-/handlebars-4.7.9.tgz 10883ms (cache miss)
8536 http fetch GET 200 https://registry.npmjs.org/inquirer/-/inquirer-3.3.0.tgz 10908ms (cache miss)
8537 http fetch GET 200 https://registry.npmjs.org/optionator/-/optionator-0.9.4.tgz 10991ms (cache miss)
8538 http fetch GET 200 https://registry.npmjs.org/natural-compare/-/natural-compare-1.4.0.tgz 10991ms (cache miss)
8539 http fetch GET 200 https://registry.npmjs.org/regexpp/-/regexpp-3.2.0.tgz 11011ms (cache miss)
8540 http fetch GET 200 https://registry.npmjs.org/minimatch/-/minimatch-3.1.5.tgz 11019ms (cache miss)
8541 http fetch GET 200 https://registry.npmjs.org/json-stable-stringify-without-jsonify/-/json-stable-stringify-without-jsonify-1.0.1.tgz 11019ms (cache miss)
8542 http fetch GET 200 https://registry.npmjs.org/levn/-/levn-0.4.1.tgz 11049ms (cache miss)
8543 http fetch GET 200 https://registry.npmjs.org/lodash.merge/-/lodash.merge-4.6.2.tgz 11050ms (cache miss)
8544 http fetch GET 200 https://registry.npmjs.org/@octokit/openapi-types/-/openapi-types-25.1.0.tgz 11106ms (cache miss)
8545 http fetch GET 200 https://registry.npmjs.org/type-fest/-/type-fest-0.20.2.tgz 11106ms (cache miss)
8546 http fetch GET 200 https://registry.npmjs.org/import-fresh/-/import-fresh-3.3.1.tgz 11127ms (cache miss)
8547 http fetch GET 200 https://registry.npmjs.org/imurmurhash/-/imurmurhash-0.1.4.tgz 11134ms (cache miss)
8548 http fetch GET 200 https://registry.npmjs.org/glob-parent/-/glob-parent-6.0.2.tgz 11133ms (cache miss)
8549 http fetch GET 200 https://registry.npmjs.org/is-glob/-/is-glob-4.0.3.tgz 11135ms (cache miss)
8550 http fetch GET 200 https://registry.npmjs.org/ignore/-/ignore-5.3.2.tgz 11139ms (cache miss)
8551 http fetch GET 200 https://registry.npmjs.org/fast-deep-equal/-/fast-deep-equal-3.1.3.tgz 11152ms (cache miss)
8552 http fetch GET 200 https://registry.npmjs.org/file-entry-cache/-/file-entry-cache-6.0.1.tgz 11153ms (cache miss)
8553 http fetch GET 200 https://registry.npmjs.org/functional-red-black-tree/-/functional-red-black-tree-1.0.1.tgz 11184ms (cache miss)
8554 http fetch GET 200 https://registry.npmjs.org/escape-string-regexp/-/escape-string-regexp-4.0.0.tgz 11234ms (cache miss)
8555 http fetch GET 200 https://registry.npmjs.org/espree/-/espree-9.6.1.tgz 11237ms (cache miss)
8556 http fetch GET 200 https://registry.npmjs.org/eslint-visitor-keys/-/eslint-visitor-keys-3.4.3.tgz 11246ms (cache miss)
8557 http fetch GET 200 https://registry.npmjs.org/cross-spawn/-/cross-spawn-7.0.6.tgz 11274ms (cache miss)
8558 http fetch GET 200 https://registry.npmjs.org/esutils/-/esutils-2.0.3.tgz 11278ms (cache miss)
8559 http fetch GET 200 https://registry.npmjs.org/debug/-/debug-4.4.3.tgz 11280ms (cache miss)
8560 http fetch GET 200 https://registry.npmjs.org/chalk/-/chalk-4.1.2.tgz 11379ms (cache miss)
8561 http fetch GET 200 https://registry.npmjs.org/doctrine/-/doctrine-3.0.0.tgz 11400ms (cache miss)
8562 http fetch GET 200 https://registry.npmjs.org/expect.js/-/expect.js-0.3.1.tgz 11468ms (cache miss)
8563 http fetch GET 200 https://registry.npmjs.org/eslint-scope/-/eslint-scope-7.2.2.tgz 11475ms (cache miss)
8564 http fetch GET 200 https://registry.npmjs.org/@humanwhocodes/config-array/-/config-array-0.9.5.tgz 11516ms (cache miss)
8565 warn deprecated @humanwhocodes/config-array@0.9.5: Use @eslint/config-array instead
8566 http fetch GET 200 https://registry.npmjs.org/lint-staged/-/lint-staged-5.0.0.tgz 11539ms (cache miss)
8567 http fetch GET 200 https://registry.npmjs.org/husky/-/husky-0.14.3.tgz 11588ms (cache miss)
8568 http fetch GET 200 https://registry.npmjs.org/lodash/-/lodash-4.18.1.tgz 11617ms (cache miss)
8569 http fetch GET 200 https://registry.npmjs.org/in-publish/-/in-publish-2.0.1.tgz 11626ms (cache miss)
8570 http fetch GET 200 https://registry.npmjs.org/which/-/which-3.0.1.tgz 11704ms (cache miss)
8571 http fetch GET 200 https://registry.npmjs.org/npmignore/-/npmignore-0.3.5.tgz 11794ms (cache miss)
8572 http fetch GET 200 https://registry.npmjs.org/safe-publish-latest/-/safe-publish-latest-2.0.0.tgz 11795ms (cache miss)
8573 http fetch GET 200 https://registry.npmjs.org/esquery/-/esquery-1.7.0.tgz 11802ms (cache miss)
8574 http fetch GET 200 https://registry.npmjs.org/auto-changelog/-/auto-changelog-2.7.0.tgz 11804ms (cache miss)
8575 http fetch GET 200 https://registry.npmjs.org/aud/-/aud-2.0.5.tgz 11840ms (cache miss)
8576 warn deprecated aud@2.0.5: As of npm v10.2, `npm audit` works without a lockfile! As such, this project is EOL.
8576 warn deprecated
8576 warn deprecated Please replace it with `npx npm@">=10.2" audit --production` or the equivalent.
8577 http fetch GET 200 https://registry.npmjs.org/rxjs/-/rxjs-5.5.12.tgz 11930ms (cache miss)
8578 http fetch GET 200 https://registry.npmjs.org/@eslint/eslintrc/-/eslintrc-2.1.4.tgz 11863ms (cache miss)
8579 http fetch GET 200 https://registry.npmjs.org/source-map-support/-/source-map-support-0.5.21.tgz 11934ms (cache miss)
8580 http fetch GET 200 https://registry.npmjs.org/ajv/-/ajv-6.15.0.tgz 11968ms (cache miss)
8581 http fetch GET 200 https://registry.npmjs.org/mocha-fivemat-progress-reporter/-/mocha-fivemat-progress-reporter-0.1.0.tgz 11966ms (cache miss)
8582 http fetch GET 200 https://registry.npmjs.org/js-yaml/-/js-yaml-4.3.2.tgz 12110ms (cache miss)
8583 http fetch GET 200 https://registry.npmjs.org/hereby/-/hereby-1.15.2.tgz 12088ms (cache miss)
8584 http fetch GET 200 https://registry.npmjs.org/eslint-formatter-autolinkable-stylish/-/eslint-formatter-autolinkable-stylish-1.4.0.tgz 12143ms (cache miss)
8585 http fetch GET 200 https://registry.npmjs.org/globals/-/globals-15.15.0.tgz 12248ms (cache miss)
8586 http fetch GET 200 https://registry.npmjs.org/glob/-/glob-10.5.0.tgz 12274ms (cache miss)
8587 warn deprecated glob@10.5.0: Old versions of glob are not supported, and contain widely publicized security vulnerabilities, which have been fixed in the current version. Please update. Support for old versions may be purchased (at exorbitant rates) by contacting i@izs.me
8588 http fetch GET 200 https://registry.npmjs.org/fast-xml-parser/-/fast-xml-parser-4.5.7.tgz 12335ms (cache miss)
8589 http fetch GET 200 https://registry.npmjs.org/dprint/-/dprint-0.49.1.tgz 12340ms (cache miss)
8590 http fetch GET 200 https://registry.npmjs.org/jsonc-parser/-/jsonc-parser-3.3.1.tgz 12390ms (cache miss)
8591 http fetch GET 200 https://registry.npmjs.org/@types/which/-/which-3.0.4.tgz 12951ms (cache miss)
8592 http fetch GET 200 https://registry.npmjs.org/c8/-/c8-10.1.3.tgz 12952ms (cache miss)
8593 http fetch GET 200 https://registry.npmjs.org/@types/ms/-/ms-0.7.34.tgz 13017ms (cache miss)
8594 http fetch GET 200 https://registry.npmjs.org/@types/source-map-support/-/source-map-support-0.5.10.tgz 13248ms (cache miss)
8595 http fetch GET 200 https://registry.npmjs.org/chokidar/-/chokidar-4.0.3.tgz 13254ms (cache miss)
8596 http fetch GET 200 https://registry.npmjs.org/tape/-/tape-5.10.2.tgz 13276ms (cache miss)
8597 http fetch GET 200 https://registry.npmjs.org/@types/minimist/-/minimist-1.2.5.tgz 13388ms (cache miss)
8598 http fetch GET 200 https://registry.npmjs.org/@types/diff/-/diff-7.0.2.tgz 13549ms (cache miss)
8599 http fetch GET 200 https://registry.npmjs.org/@types/chai/-/chai-4.3.20.tgz 13562ms (cache miss)
8600 http fetch GET 200 https://registry.npmjs.org/@types/mocha/-/mocha-10.0.10.tgz 13567ms (cache miss)
8601 http fetch GET 200 https://registry.npmjs.org/diff/-/diff-7.0.0.tgz 13635ms (cache miss)
8602 http fetch GET 200 https://registry.npmjs.org/@eslint/js/-/js-9.39.5.tgz 13725ms (cache miss)
8603 http fetch GET 200 https://registry.npmjs.org/@octokit/rest/-/rest-21.1.1.tgz 13884ms (cache miss)
8604 http fetch GET 200 https://registry.npmjs.org/chai/-/chai-4.5.0.tgz 13902ms (cache miss)
8605 http fetch GET 200 https://registry.npmjs.org/normalize-path/-/normalize-path-3.0.0.tgz 14374ms (cache miss)
8606 http fetch GET 200 https://registry.npmjs.org/@dprint/formatter/-/formatter-0.4.1.tgz 14821ms (cache miss)
8607 http fetch GET 200 https://registry.npmjs.org/indent-string/-/indent-string-4.0.0.tgz 15016ms (cache miss)
8608 http fetch GET 200 https://registry.npmjs.org/picomatch/-/picomatch-2.3.2.tgz 15044ms (cache miss)
8609 http fetch GET 200 https://registry.npmjs.org/walk-up-path/-/walk-up-path-4.0.0.tgz 15120ms (cache miss)
8610 http fetch GET 200 https://registry.npmjs.org/ansi-regex/-/ansi-regex-2.1.1.tgz 15123ms (cache miss)
8611 http fetch GET 200 https://registry.npmjs.org/@esfx/canceltoken/-/canceltoken-1.0.0.tgz 15248ms (cache miss)
8612 http fetch GET 200 https://registry.npmjs.org/glob-parent/-/glob-parent-5.1.2.tgz 15282ms (cache miss)
8613 http fetch GET 200 https://registry.npmjs.org/mocha/-/mocha-10.8.2.tgz 15295ms (cache miss)
8614 http fetch GET 200 https://registry.npmjs.org/color-convert/-/color-convert-2.0.1.tgz 15295ms (cache miss)
8615 http fetch GET 200 https://registry.npmjs.org/is-fullwidth-code-point/-/is-fullwidth-code-point-3.0.0.tgz 15383ms (cache miss)
8616 http fetch GET 200 https://registry.npmjs.org/color-name/-/color-name-1.1.4.tgz 15383ms (cache miss)
8617 http fetch GET 200 https://registry.npmjs.org/eslint-visitor-keys/-/eslint-visitor-keys-5.0.1.tgz 15405ms (cache miss)
8618 http fetch GET 200 https://registry.npmjs.org/strip-json-comments/-/strip-json-comments-2.0.1.tgz 15517ms (cache miss)
8619 http fetch GET 200 https://registry.npmjs.org/wrap-ansi/-/wrap-ansi-7.0.0.tgz 15623ms (cache miss)
8620 http fetch GET 200 https://registry.npmjs.org/ansi-styles/-/ansi-styles-4.3.0.tgz 15625ms (cache miss)
8621 http fetch GET 200 https://registry.npmjs.org/string-width/-/string-width-4.2.3.tgz 15627ms (cache miss)
8622 http fetch GET 200 https://registry.npmjs.org/picomatch/-/picomatch-2.3.2.tgz 15690ms (cache miss)
8623 http fetch GET 200 https://registry.npmjs.org/signal-exit/-/signal-exit-3.0.7.tgz 15705ms (cache miss)
8624 http fetch GET 200 https://registry.npmjs.org/which/-/which-1.3.1.tgz 15705ms (cache miss)
8625 http fetch GET 200 https://registry.npmjs.org/cross-spawn/-/cross-spawn-5.1.0.tgz 15835ms (cache miss)
8626 http fetch GET 200 https://registry.npmjs.org/make-dir/-/make-dir-1.3.0.tgz 15834ms (cache miss)
8627 http fetch GET 200 https://registry.npmjs.org/signal-exit/-/signal-exit-3.0.7.tgz 15935ms (cache miss)
8628 http fetch GET 200 https://registry.npmjs.org/isarray/-/isarray-2.0.5.tgz 16206ms (cache miss)
8629 http fetch GET 200 https://registry.npmjs.org/execa/-/execa-0.7.0.tgz 16286ms (cache miss)
8630 http fetch GET 200 https://registry.npmjs.org/write-file-atomic/-/write-file-atomic-2.4.3.tgz 16545ms (cache miss)
8631 http fetch GET 200 https://registry.npmjs.org/chalk/-/chalk-2.4.2.tgz 16578ms (cache miss)
8632 http fetch GET 200 https://registry.npmjs.org/escape-string-regexp/-/escape-string-regexp-1.0.5.tgz 16584ms (cache miss)
8633 http fetch GET 200 https://registry.npmjs.org/acorn/-/acorn-5.7.4.tgz 16656ms (cache miss)
8634 http fetch GET 200 https://registry.npmjs.org/isarray/-/isarray-2.0.5.tgz 16771ms (cache miss)
8635 http fetch GET 200 https://registry.npmjs.org/isarray/-/isarray-2.0.5.tgz 16771ms (cache miss)
8636 http fetch GET 200 https://registry.npmjs.org/isarray/-/isarray-2.0.5.tgz 16772ms (cache miss)
8637 http fetch GET 200 https://registry.npmjs.org/isarray/-/isarray-2.0.5.tgz 17068ms (cache miss)
8638 http fetch GET 200 https://registry.npmjs.org/isarray/-/isarray-2.0.5.tgz 17070ms (cache miss)
8639 http fetch GET 200 https://registry.npmjs.org/callsites/-/callsites-0.2.0.tgz 17068ms (cache miss)
8640 http fetch GET 200 https://registry.npmjs.org/monocart-coverage-reports/-/monocart-coverage-reports-2.13.0.tgz 17094ms (cache miss)
8641 http fetch GET 200 https://registry.npmjs.org/hosted-git-info/-/hosted-git-info-5.2.1.tgz 17311ms (cache miss)
8642 http fetch GET 200 https://registry.npmjs.org/brace-expansion/-/brace-expansion-2.1.7.tgz 17311ms (cache miss)
8643 http fetch GET 200 https://registry.npmjs.org/safe-buffer/-/safe-buffer-5.1.2.tgz 17319ms (cache miss)
8644 http fetch GET 200 https://registry.npmjs.org/semver/-/semver-7.8.5.tgz 17387ms (cache miss)
8645 http fetch GET 200 https://registry.npmjs.org/semver/-/semver-6.3.1.tgz 17532ms (cache miss)
8646 http fetch GET 200 https://registry.npmjs.org/lru-cache/-/lru-cache-7.18.3.tgz 17531ms (cache miss)
8647 http fetch GET 200 https://registry.npmjs.org/npm-normalize-package-bin/-/npm-normalize-package-bin-2.0.0.tgz 17530ms (cache miss)
8648 http fetch GET 200 https://registry.npmjs.org/brace-expansion/-/brace-expansion-2.1.7.tgz 17530ms (cache miss)
8649 http fetch GET 200 https://registry.npmjs.org/@types/node/-/node-26.6.4.tgz 17551ms (cache miss)
8650 http fetch GET 200 https://registry.npmjs.org/minimatch/-/minimatch-5.1.9.tgz 17592ms (cache miss)
8651 http fetch GET 200 https://registry.npmjs.org/npm-normalize-package-bin/-/npm-normalize-package-bin-2.0.0.tgz 17846ms (cache miss)
8652 http fetch GET 200 https://registry.npmjs.org/npm-bundled/-/npm-bundled-2.0.1.tgz 17847ms (cache miss)
8653 http fetch GET 200 https://registry.npmjs.org/minimatch/-/minimatch-5.1.9.tgz 17850ms (cache miss)
8654 http fetch GET 200 https://registry.npmjs.org/minimatch/-/minimatch-5.1.9.tgz 17925ms (cache miss)
8655 http fetch GET 200 https://registry.npmjs.org/glob/-/glob-8.1.0.tgz 17924ms (cache miss)
8656 warn deprecated glob@8.1.0: Old versions of glob are not supported, and contain widely publicized security vulnerabilities, which have been fixed in the current version. Please update. Support for old versions may be purchased (at exorbitant rates) by contacting i@izs.me
8657 http fetch GET 200 https://registry.npmjs.org/glob/-/glob-8.1.0.tgz 17926ms (cache miss)
8658 warn deprecated glob@8.1.0: Old versions of glob are not supported, and contain widely publicized security vulnerabilities, which have been fixed in the current version. Please update. Support for old versions may be purchased (at exorbitant rates) by contacting i@izs.me
8659 http fetch GET 200 https://registry.npmjs.org/eslint/-/eslint-9.39.5.tgz 17976ms (cache miss)
8660 warn deprecated eslint@9.39.5: This version is no longer supported. Please see https://eslint.org/version-support for other options.
8661 http fetch GET 200 https://registry.npmjs.org/azure-devops-node-api/-/azure-devops-node-api-14.1.0.tgz 17975ms (cache miss)
8662 http fetch GET 200 https://registry.npmjs.org/playwright/-/playwright-1.63.0.tgz 17983ms (cache miss)
8663 http fetch GET 200 https://registry.npmjs.org/brace-expansion/-/brace-expansion-2.1.7.tgz 17969ms (cache miss)
8664 http fetch GET 200 https://registry.npmjs.org/string-width/-/string-width-4.2.3.tgz 18120ms (cache miss)
8665 http fetch GET 200 https://registry.npmjs.org/is-fullwidth-code-point/-/is-fullwidth-code-point-3.0.0.tgz 18121ms (cache miss)
8666 http fetch GET 200 https://registry.npmjs.org/which/-/which-1.3.1.tgz 18173ms (cache miss)
8667 http fetch GET 200 https://registry.npmjs.org/signal-exit/-/signal-exit-3.0.7.tgz 18173ms (cache miss)
8668 http fetch GET 200 https://registry.npmjs.org/which/-/which-2.0.2.tgz 18174ms (cache miss)
8669 http fetch GET 200 https://registry.npmjs.org/semver/-/semver-7.8.5.tgz 18200ms (cache miss)
8670 http fetch GET 200 https://registry.npmjs.org/yallist/-/yallist-4.0.0.tgz 18235ms (cache miss)
8671 http fetch GET 200 https://registry.npmjs.org/yallist/-/yallist-4.0.0.tgz 18236ms (cache miss)
8672 http fetch GET 200 https://registry.npmjs.org/readable-stream/-/readable-stream-3.6.2.tgz 18243ms (cache miss)
8673 http fetch GET 200 https://registry.npmjs.org/yallist/-/yallist-4.0.0.tgz 18308ms (cache miss)
8674 http fetch GET 200 https://registry.npmjs.org/minipass/-/minipass-3.3.6.tgz 18413ms (cache miss)
8675 http fetch GET 200 https://registry.npmjs.org/yallist/-/yallist-4.0.0.tgz 18411ms (cache miss)
8676 http fetch GET 200 https://registry.npmjs.org/lru-cache/-/lru-cache-7.18.3.tgz 18450ms (cache miss)
8677 http fetch GET 200 https://registry.npmjs.org/minipass/-/minipass-3.3.6.tgz 18447ms (cache miss)
8678 http fetch GET 200 https://registry.npmjs.org/minipass/-/minipass-3.3.6.tgz 18446ms (cache miss)
8679 http fetch GET 200 https://registry.npmjs.org/unique-slug/-/unique-slug-2.0.2.tgz 18445ms (cache miss)
8680 http fetch GET 200 https://registry.npmjs.org/yallist/-/yallist-4.0.0.tgz 18467ms (cache miss)
8681 http fetch GET 200 https://registry.npmjs.org/p-map/-/p-map-4.0.0.tgz 18642ms (cache miss)
8682 http fetch GET 200 https://registry.npmjs.org/@npmcli/move-file/-/move-file-1.1.2.tgz 18641ms (cache miss)
8683 warn deprecated @npmcli/move-file@1.1.2: This functionality has been moved to @npmcli/fs
8684 http fetch GET 200 https://registry.npmjs.org/mkdirp/-/mkdirp-1.0.4.tgz 18644ms (cache miss)
8685 http fetch GET 200 https://registry.npmjs.org/unique-filename/-/unique-filename-1.1.1.tgz 18703ms (cache miss)
8686 http fetch GET 200 https://registry.npmjs.org/@npmcli/fs/-/fs-1.1.1.tgz 18705ms (cache miss)
8687 http fetch GET 200 https://registry.npmjs.org/minipass/-/minipass-3.3.6.tgz 18831ms (cache miss)
8688 http fetch GET 200 https://registry.npmjs.org/glob/-/glob-7.2.3.tgz 18828ms (cache miss)
8689 warn deprecated glob@7.2.3: Old versions of glob are not supported, and contain widely publicized security vulnerabilities, which have been fixed in the current version. Please update. Support for old versions may be purchased (at exorbitant rates) by contacting i@izs.me
8690 http fetch GET 200 https://registry.npmjs.org/semver/-/semver-7.8.5.tgz 18836ms (cache miss)
8691 http fetch GET 200 https://registry.npmjs.org/mkdirp/-/mkdirp-1.0.4.tgz 19292ms (cache miss)
8692 http fetch GET 200 https://registry.npmjs.org/mkdirp/-/mkdirp-1.0.4.tgz 19282ms (cache miss)
8693 http fetch GET 200 https://registry.npmjs.org/yallist/-/yallist-4.0.0.tgz 19283ms (cache miss)
8694 http fetch GET 200 https://registry.npmjs.org/minipass/-/minipass-3.3.6.tgz 19284ms (cache miss)
8695 http fetch GET 200 https://registry.npmjs.org/lru-cache/-/lru-cache-6.0.0.tgz 19451ms (cache miss)
8696 http fetch GET 200 https://registry.npmjs.org/minipass/-/minipass-5.0.0.tgz 19451ms (cache miss)
8697 http fetch GET 200 https://registry.npmjs.org/ssri/-/ssri-8.0.1.tgz 19543ms (cache miss)
8698 http fetch GET 200 https://registry.npmjs.org/yallist/-/yallist-4.0.0.tgz 19563ms (cache miss)
8699 http fetch GET 200 https://registry.npmjs.org/yallist/-/yallist-4.0.0.tgz 19565ms (cache miss)
8700 http fetch GET 200 https://registry.npmjs.org/cacache/-/cacache-15.3.0.tgz 19574ms (cache miss)
8701 http fetch GET 200 https://registry.npmjs.org/minipass/-/minipass-3.3.6.tgz 19697ms (cache miss)
8702 http fetch GET 200 https://registry.npmjs.org/signal-exit/-/signal-exit-3.0.7.tgz 19876ms (cache miss)
8703 http fetch GET 200 https://registry.npmjs.org/minipass/-/minipass-3.3.6.tgz 19878ms (cache miss)
8704 http fetch GET 200 https://registry.npmjs.org/which/-/which-2.0.2.tgz 19875ms (cache miss)
8705 http fetch GET 200 https://registry.npmjs.org/yallist/-/yallist-4.0.0.tgz 19878ms (cache miss)
8706 http fetch GET 200 https://registry.npmjs.org/yallist/-/yallist-4.0.0.tgz 19876ms (cache miss)
8707 http fetch GET 200 https://registry.npmjs.org/minipass/-/minipass-3.3.6.tgz 20085ms (cache miss)
8708 http fetch GET 200 https://registry.npmjs.org/minipass/-/minipass-3.3.6.tgz 20087ms (cache miss)
8709 http fetch GET 200 https://registry.npmjs.org/builtins/-/builtins-5.1.0.tgz 20099ms (cache miss)
8710 http fetch GET 200 https://registry.npmjs.org/iconv-lite/-/iconv-lite-0.6.3.tgz 20122ms (cache miss)
8711 http fetch GET 200 https://registry.npmjs.org/yallist/-/yallist-4.0.0.tgz 20111ms (cache miss)
8712 http fetch GET 200 https://registry.npmjs.org/semver/-/semver-7.8.5.tgz 20119ms (cache miss)
8713 http fetch GET 200 https://registry.npmjs.org/minipass/-/minipass-3.3.6.tgz 20118ms (cache miss)
8714 http fetch GET 200 https://registry.npmjs.org/semver/-/semver-7.8.5.tgz 20118ms (cache miss)
8715 http fetch GET 200 https://registry.npmjs.org/validate-npm-package-name/-/validate-npm-package-name-4.0.0.tgz 20288ms (cache miss)
8716 http fetch GET 200 https://registry.npmjs.org/yallist/-/yallist-4.0.0.tgz 20292ms (cache miss)
8717 http fetch GET 200 https://registry.npmjs.org/socks-proxy-agent/-/socks-proxy-agent-7.0.0.tgz 20292ms (cache miss)
8718 http fetch GET 200 https://registry.npmjs.org/hosted-git-info/-/hosted-git-info-5.2.1.tgz 20317ms (cache miss)
8719 http fetch GET 200 https://registry.npmjs.org/http-proxy-agent/-/http-proxy-agent-5.0.0.tgz 20316ms (cache miss)
8720 http fetch GET 200 https://registry.npmjs.org/@tootallnate/once/-/once-2.0.1.tgz 20326ms (cache miss)
8721 http fetch GET 200 https://registry.npmjs.org/minipass/-/minipass-3.3.6.tgz 20325ms (cache miss)
8722 http fetch GET 200 https://registry.npmjs.org/semver/-/semver-7.8.5.tgz 20361ms (cache miss)
8723 http fetch GET 200 https://registry.npmjs.org/builtins/-/builtins-5.1.0.tgz 20438ms (cache miss)
8724 http fetch GET 200 https://registry.npmjs.org/validate-npm-package-name/-/validate-npm-package-name-4.0.0.tgz 20489ms (cache miss)
8725 http fetch GET 200 https://registry.npmjs.org/hosted-git-info/-/hosted-git-info-5.2.1.tgz 20500ms (cache miss)
8726 http fetch GET 200 https://registry.npmjs.org/glob/-/glob-7.2.3.tgz 20506ms (cache miss)
8727 warn deprecated glob@7.2.3: Old versions of glob are not supported, and contain widely publicized security vulnerabilities, which have been fixed in the current version. Please update. Support for old versions may be purchased (at exorbitant rates) by contacting i@izs.me
8728 http fetch GET 200 https://registry.npmjs.org/npm-package-arg/-/npm-package-arg-9.1.2.tgz 20504ms (cache miss)
8729 http fetch GET 200 https://registry.npmjs.org/lru-cache/-/lru-cache-7.18.3.tgz 20538ms (cache miss)
8730 http fetch GET 200 https://registry.npmjs.org/minipass-fetch/-/minipass-fetch-2.1.2.tgz 20541ms (cache miss)
8731 http fetch GET 200 https://registry.npmjs.org/make-fetch-happen/-/make-fetch-happen-10.2.1.tgz 20544ms (cache miss)
8732 http fetch GET 200 https://registry.npmjs.org/npm-normalize-package-bin/-/npm-normalize-package-bin-2.0.0.tgz 20594ms (cache miss)
8733 http fetch GET 200 https://registry.npmjs.org/mkdirp/-/mkdirp-1.0.4.tgz 20601ms (cache miss)
8734 http fetch GET 200 https://registry.npmjs.org/p-map/-/p-map-4.0.0.tgz 20600ms (cache miss)
8735 http fetch GET 200 https://registry.npmjs.org/brace-expansion/-/brace-expansion-2.1.7.tgz 20601ms (cache miss)
8736 http fetch GET 200 https://registry.npmjs.org/yallist/-/yallist-4.0.0.tgz 20641ms (cache miss)
8737 http fetch GET 200 https://registry.npmjs.org/mkdirp/-/mkdirp-1.0.4.tgz 20687ms (cache miss)
8738 http fetch GET 200 https://registry.npmjs.org/npm-package-arg/-/npm-package-arg-9.1.2.tgz 20692ms (cache miss)
8739 http fetch GET 200 https://registry.npmjs.org/npm-normalize-package-bin/-/npm-normalize-package-bin-2.0.0.tgz 20715ms (cache miss)
8740 http fetch GET 200 https://registry.npmjs.org/lru-cache/-/lru-cache-7.18.3.tgz 20750ms (cache miss)
8741 http fetch GET 200 https://registry.npmjs.org/minimatch/-/minimatch-5.1.9.tgz 20756ms (cache miss)
8742 http fetch GET 200 https://registry.npmjs.org/builtins/-/builtins-5.1.0.tgz 20829ms (cache miss)
8743 http fetch GET 200 https://registry.npmjs.org/mkdirp/-/mkdirp-1.0.4.tgz 20846ms (cache miss)
8744 http fetch GET 200 https://registry.npmjs.org/lru-cache/-/lru-cache-7.18.3.tgz 20871ms (cache miss)
8745 http fetch GET 200 https://registry.npmjs.org/glob/-/glob-8.1.0.tgz 20872ms (cache miss)
8746 warn deprecated glob@8.1.0: Old versions of glob are not supported, and contain widely publicized security vulnerabilities, which have been fixed in the current version. Please update. Support for old versions may be purchased (at exorbitant rates) by contacting i@izs.me
8747 http fetch GET 200 https://registry.npmjs.org/@dprint/typescript/-/typescript-0.93.4.tgz 20920ms (cache miss)
8748 http fetch GET 200 https://registry.npmjs.org/semver/-/semver-7.8.5.tgz 20899ms (cache miss)
8749 http fetch GET 200 https://registry.npmjs.org/validate-npm-package-name/-/validate-npm-package-name-4.0.0.tgz 20914ms (cache miss)
8750 http fetch GET 200 https://registry.npmjs.org/semver/-/semver-7.8.5.tgz 20935ms (cache miss)
8751 http fetch GET 200 https://registry.npmjs.org/minimatch/-/minimatch-5.1.9.tgz 20939ms (cache miss)
8752 http fetch GET 200 https://registry.npmjs.org/hosted-git-info/-/hosted-git-info-5.2.1.tgz 20939ms (cache miss)
8753 http fetch GET 200 https://registry.npmjs.org/yallist/-/yallist-4.0.0.tgz 20943ms (cache miss)
8754 http fetch GET 200 https://registry.npmjs.org/glob/-/glob-8.1.0.tgz 20946ms (cache miss)
8755 warn deprecated glob@8.1.0: Old versions of glob are not supported, and contain widely publicized security vulnerabilities, which have been fixed in the current version. Please update. Support for old versions may be purchased (at exorbitant rates) by contacting i@izs.me
8756 http fetch GET 200 https://registry.npmjs.org/semver/-/semver-7.8.5.tgz 20952ms (cache miss)
8757 http fetch GET 200 https://registry.npmjs.org/mkdirp/-/mkdirp-1.0.4.tgz 20983ms (cache miss)
8758 http fetch GET 200 https://registry.npmjs.org/builtins/-/builtins-5.1.0.tgz 21006ms (cache miss)
8759 http fetch GET 200 https://registry.npmjs.org/brace-expansion/-/brace-expansion-2.1.7.tgz 21010ms (cache miss)
8760 http fetch GET 200 https://registry.npmjs.org/npm-package-arg/-/npm-package-arg-9.1.2.tgz 21021ms (cache miss)
8761 http fetch GET 200 https://registry.npmjs.org/hosted-git-info/-/hosted-git-info-5.2.1.tgz 21020ms (cache miss)
8762 http fetch GET 200 https://registry.npmjs.org/minipass/-/minipass-3.3.6.tgz 21068ms (cache miss)
8763 http fetch GET 200 https://registry.npmjs.org/lru-cache/-/lru-cache-7.18.3.tgz 21081ms (cache miss)
8764 http fetch GET 200 https://registry.npmjs.org/validate-npm-package-name/-/validate-npm-package-name-4.0.0.tgz 21098ms (cache miss)
8765 http fetch GET 200 https://registry.npmjs.org/symbol-observable/-/symbol-observable-1.0.1.tgz 21138ms (cache miss)
8766 http fetch GET 200 https://registry.npmjs.org/ansi-regex/-/ansi-regex-2.1.1.tgz 21183ms (cache miss)
8767 http fetch GET 200 https://registry.npmjs.org/minipass/-/minipass-3.3.6.tgz 21188ms (cache miss)
8768 http fetch GET 200 https://registry.npmjs.org/mkdirp/-/mkdirp-1.0.4.tgz 21185ms (cache miss)
8769 http fetch GET 200 https://registry.npmjs.org/lru-cache/-/lru-cache-7.18.3.tgz 21190ms (cache miss)
8770 http fetch GET 200 https://registry.npmjs.org/semver/-/semver-7.8.5.tgz 21194ms (cache miss)
8771 http fetch GET 200 https://registry.npmjs.org/onetime/-/onetime-1.1.0.tgz 21192ms (cache miss)
8772 http fetch GET 200 https://registry.npmjs.org/camelcase/-/camelcase-6.3.0.tgz 21202ms (cache miss)
8773 http fetch GET 200 https://registry.npmjs.org/supports-color/-/supports-color-2.0.0.tgz 21244ms (cache miss)
8774 http fetch GET 200 https://registry.npmjs.org/strip-ansi/-/strip-ansi-3.0.1.tgz 21251ms (cache miss)
8775 http fetch GET 200 https://registry.npmjs.org/restore-cursor/-/restore-cursor-1.0.1.tgz 21251ms (cache miss)
8776 http fetch GET 200 https://registry.npmjs.org/ansi-styles/-/ansi-styles-2.2.1.tgz 21265ms (cache miss)
8777 http fetch GET 200 https://registry.npmjs.org/npm-package-arg/-/npm-package-arg-9.1.2.tgz 21269ms (cache miss)
8778 http fetch GET 200 https://registry.npmjs.org/escape-string-regexp/-/escape-string-regexp-1.0.5.tgz 21265ms (cache miss)
8779 http fetch GET 200 https://registry.npmjs.org/cli-cursor/-/cli-cursor-1.0.2.tgz 21272ms (cache miss)
8780 http fetch GET 200 https://registry.npmjs.org/semver/-/semver-7.8.5.tgz 21278ms (cache miss)
8781 http fetch GET 200 https://registry.npmjs.org/onetime/-/onetime-1.1.0.tgz 21276ms (cache miss)
8782 http fetch GET 200 https://registry.npmjs.org/restore-cursor/-/restore-cursor-1.0.1.tgz 21308ms (cache miss)
8783 http fetch GET 200 https://registry.npmjs.org/restore-cursor/-/restore-cursor-1.0.1.tgz 21306ms (cache miss)
8784 http fetch GET 200 https://registry.npmjs.org/cli-cursor/-/cli-cursor-1.0.2.tgz 21308ms (cache miss)
8785 http fetch GET 200 https://registry.npmjs.org/chalk/-/chalk-1.1.3.tgz 21309ms (cache miss)
8786 http fetch GET 200 https://registry.npmjs.org/onetime/-/onetime-1.1.0.tgz 21308ms (cache miss)
8787 http fetch GET 200 https://registry.npmjs.org/ansi-escapes/-/ansi-escapes-1.4.0.tgz 21316ms (cache miss)
8788 http fetch GET 200 https://registry.npmjs.org/supports-color/-/supports-color-2.0.0.tgz 21330ms (cache miss)
8789 http fetch GET 200 https://registry.npmjs.org/strip-ansi/-/strip-ansi-3.0.1.tgz 21331ms (cache miss)
8790 http fetch GET 200 https://registry.npmjs.org/ansi-regex/-/ansi-regex-2.1.1.tgz 21342ms (cache miss)
8791 http fetch GET 200 https://registry.npmjs.org/escape-string-regexp/-/escape-string-regexp-1.0.5.tgz 21352ms (cache miss)
8792 http fetch GET 200 https://registry.npmjs.org/cli-cursor/-/cli-cursor-1.0.2.tgz 21391ms (cache miss)
8793 http fetch GET 200 https://registry.npmjs.org/figures/-/figures-1.7.0.tgz 21392ms (cache miss)
8794 http fetch GET 200 https://registry.npmjs.org/ansi-regex/-/ansi-regex-2.1.1.tgz 21392ms (cache miss)
8795 http fetch GET 200 https://registry.npmjs.org/supports-color/-/supports-color-2.0.0.tgz 21391ms (cache miss)
8796 http fetch GET 200 https://registry.npmjs.org/ansi-styles/-/ansi-styles-2.2.1.tgz 21393ms (cache miss)
8797 http fetch GET 200 https://registry.npmjs.org/escape-string-regexp/-/escape-string-regexp-1.0.5.tgz 21393ms (cache miss)
8798 http fetch GET 200 https://registry.npmjs.org/ansi-styles/-/ansi-styles-2.2.1.tgz 21393ms (cache miss)
8799 http fetch GET 200 https://registry.npmjs.org/strip-ansi/-/strip-ansi-3.0.1.tgz 21392ms (cache miss)
8800 http fetch GET 200 https://registry.npmjs.org/chalk/-/chalk-1.1.3.tgz 21395ms (cache miss)
8801 http fetch GET 200 https://registry.npmjs.org/indent-string/-/indent-string-3.2.0.tgz 21480ms (cache miss)
8802 http fetch GET 200 https://registry.npmjs.org/log-symbols/-/log-symbols-1.0.2.tgz 21481ms (cache miss)
8803 http fetch GET 200 https://registry.npmjs.org/strip-ansi/-/strip-ansi-3.0.1.tgz 21503ms (cache miss)
8804 http fetch GET 200 https://registry.npmjs.org/escape-string-regexp/-/escape-string-regexp-1.0.5.tgz 21503ms (cache miss)
8805 http fetch GET 200 https://registry.npmjs.org/ansi-regex/-/ansi-regex-2.1.1.tgz 21505ms (cache miss)
8806 http fetch GET 200 https://registry.npmjs.org/is-fullwidth-code-point/-/is-fullwidth-code-point-1.0.0.tgz 21504ms (cache miss)
8807 http fetch GET 200 https://registry.npmjs.org/string-width/-/string-width-1.0.2.tgz 21504ms (cache miss)
8808 http fetch GET 200 https://registry.npmjs.org/figures/-/figures-1.7.0.tgz 21520ms (cache miss)
8809 http fetch GET 200 https://registry.npmjs.org/chalk/-/chalk-1.1.3.tgz 21548ms (cache miss)
8810 http fetch GET 200 https://registry.npmjs.org/path-key/-/path-key-2.0.1.tgz 21546ms (cache miss)
8811 http fetch GET 200 https://registry.npmjs.org/ansi-regex/-/ansi-regex-2.1.1.tgz 21548ms (cache miss)
8812 http fetch GET 200 https://registry.npmjs.org/supports-color/-/supports-color-2.0.0.tgz 21574ms (cache miss)
8813 http fetch GET 200 https://registry.npmjs.org/escape-string-regexp/-/escape-string-regexp-1.0.5.tgz 21576ms (cache miss)
8814 http fetch GET 200 https://registry.npmjs.org/ansi-styles/-/ansi-styles-2.2.1.tgz 21584ms (cache miss)
8815 http fetch GET 200 https://registry.npmjs.org/log-symbols/-/log-symbols-1.0.2.tgz 21585ms (cache miss)
8816 http fetch GET 200 https://registry.npmjs.org/acorn/-/acorn-8.18.0.tgz 21601ms (cache miss)
8817 http fetch GET 200 https://registry.npmjs.org/which/-/which-1.3.1.tgz 21599ms (cache miss)
8818 http fetch GET 200 https://registry.npmjs.org/escape-string-regexp/-/escape-string-regexp-1.0.5.tgz 21615ms (cache miss)
8819 http fetch GET 200 https://registry.npmjs.org/strip-ansi/-/strip-ansi-3.0.1.tgz 21615ms (cache miss)
8820 http fetch GET 200 https://registry.npmjs.org/chalk/-/chalk-2.4.2.tgz 21641ms (cache miss)
8821 http fetch GET 200 https://registry.npmjs.org/chalk/-/chalk-1.1.3.tgz 21639ms (cache miss)
8822 http fetch GET 200 https://registry.npmjs.org/figures/-/figures-1.7.0.tgz 21663ms (cache miss)
8823 http fetch GET 200 https://registry.npmjs.org/acorn/-/acorn-8.18.0.tgz 21682ms (cache miss)
8824 http fetch GET 200 https://registry.npmjs.org/signal-exit/-/signal-exit-3.0.7.tgz 21685ms (cache miss)
8825 http fetch GET 200 https://registry.npmjs.org/chalk/-/chalk-2.4.2.tgz 21686ms (cache miss)
8826 http fetch GET 200 https://registry.npmjs.org/which/-/which-1.3.1.tgz 21688ms (cache miss)
8827 http fetch GET 200 https://registry.npmjs.org/escape-string-regexp/-/escape-string-regexp-1.0.5.tgz 21686ms (cache miss)
8828 http fetch GET 200 https://registry.npmjs.org/is-fullwidth-code-point/-/is-fullwidth-code-point-3.0.0.tgz 21694ms (cache miss)
8829 http fetch GET 200 https://registry.npmjs.org/color-name/-/color-name-1.1.4.tgz 21723ms (cache miss)
8830 http fetch GET 200 https://registry.npmjs.org/cross-spawn/-/cross-spawn-5.1.0.tgz 21749ms (cache miss)
8831 http fetch GET 200 https://registry.npmjs.org/chalk/-/chalk-2.4.2.tgz 21747ms (cache miss)
8832 http fetch GET 200 https://registry.npmjs.org/string-width/-/string-width-4.2.3.tgz 21767ms (cache miss)
8833 http fetch GET 200 https://registry.npmjs.org/ansi-styles/-/ansi-styles-4.3.0.tgz 21768ms (cache miss)
8834 http fetch GET 200 https://registry.npmjs.org/ansi-regex/-/ansi-regex-6.4.0.tgz 21767ms (cache miss)
8835 http fetch GET 200 https://registry.npmjs.org/ansi-regex/-/ansi-regex-5.0.1.tgz 21767ms (cache miss)
8836 http fetch GET 200 https://registry.npmjs.org/strip-ansi/-/strip-ansi-7.2.0.tgz 21767ms (cache miss)
8837 http fetch GET 200 https://registry.npmjs.org/color-convert/-/color-convert-2.0.1.tgz 21769ms (cache miss)
8838 http fetch GET 200 https://registry.npmjs.org/string-width/-/string-width-5.1.2.tgz 21787ms (cache miss)
8839 http fetch GET 200 https://registry.npmjs.org/ansi-regex/-/ansi-regex-6.4.0.tgz 21806ms (cache miss)
8840 http fetch GET 200 https://registry.npmjs.org/string-width/-/string-width-5.1.2.tgz 21819ms (cache miss)
8841 http fetch GET 200 https://registry.npmjs.org/is-fullwidth-code-point/-/is-fullwidth-code-point-3.0.0.tgz 21820ms (cache miss)
8842 http fetch GET 200 https://registry.npmjs.org/strip-ansi/-/strip-ansi-7.2.0.tgz 21820ms (cache miss)
8843 http fetch GET 200 https://registry.npmjs.org/strip-ansi/-/strip-ansi-4.0.0.tgz 21832ms (cache miss)
8844 http fetch GET 200 https://registry.npmjs.org/emoji-regex/-/emoji-regex-9.2.2.tgz 21843ms (cache miss)
8845 http fetch GET 200 https://registry.npmjs.org/signal-exit/-/signal-exit-3.0.7.tgz 21859ms (cache miss)
8846 http fetch GET 200 https://registry.npmjs.org/escape-string-regexp/-/escape-string-regexp-1.0.5.tgz 21858ms (cache miss)
8847 http fetch GET 200 https://registry.npmjs.org/ansi-styles/-/ansi-styles-6.2.3.tgz 21885ms (cache miss)
8848 http fetch GET 200 https://registry.npmjs.org/tmp/-/tmp-0.0.33.tgz 21909ms (cache miss)
8849 http fetch GET 200 https://registry.npmjs.org/resolve-from/-/resolve-from-5.0.0.tgz 21909ms (cache miss)
8850 http fetch GET 200 https://registry.npmjs.org/is-fullwidth-code-point/-/is-fullwidth-code-point-3.0.0.tgz 21953ms (cache miss)
8851 http fetch GET 200 https://registry.npmjs.org/emoji-regex/-/emoji-regex-9.2.2.tgz 21958ms (cache miss)
8852 http fetch GET 200 https://registry.npmjs.org/string-width/-/string-width-4.2.3.tgz 21989ms (cache miss)
8853 http fetch GET 200 https://registry.npmjs.org/has-flag/-/has-flag-4.0.0.tgz 21987ms (cache miss)
8854 http fetch GET 200 https://registry.npmjs.org/balanced-match/-/balanced-match-4.0.4.tgz 22017ms (cache miss)
8855 http fetch GET 200 https://registry.npmjs.org/safe-buffer/-/safe-buffer-5.1.2.tgz 22020ms (cache miss)
8856 http fetch GET 200 https://registry.npmjs.org/y18n/-/y18n-5.0.8.tgz 22019ms (cache miss)
8857 http fetch GET 200 https://registry.npmjs.org/camelcase/-/camelcase-5.3.1.tgz 22086ms (cache miss)
8858 http fetch GET 200 https://registry.npmjs.org/supports-color/-/supports-color-7.2.0.tgz 22087ms (cache miss)
8859 http fetch GET 200 https://registry.npmjs.org/ansi-regex/-/ansi-regex-4.1.1.tgz 22104ms (cache miss)
8860 http fetch GET 200 https://registry.npmjs.org/brace-expansion/-/brace-expansion-5.0.12.tgz 22116ms (cache miss)
8861 http fetch GET 200 https://registry.npmjs.org/path-exists/-/path-exists-3.0.0.tgz 22133ms (cache miss)
8862 http fetch GET 200 https://registry.npmjs.org/p-locate/-/p-locate-3.0.0.tgz 22143ms (cache miss)
8863 http fetch GET 200 https://registry.npmjs.org/emoji-regex/-/emoji-regex-7.0.3.tgz 22145ms (cache miss)
8864 http fetch GET 200 https://registry.npmjs.org/semver/-/semver-7.8.5.tgz 22158ms (cache miss)
8865 http fetch GET 200 https://registry.npmjs.org/wrap-ansi/-/wrap-ansi-5.1.0.tgz 22172ms (cache miss)
8866 http fetch GET 200 https://registry.npmjs.org/p-limit/-/p-limit-2.3.0.tgz 22181ms (cache miss)
8867 http fetch GET 200 https://registry.npmjs.org/locate-path/-/locate-path-3.0.0.tgz 22180ms (cache miss)
8868 http fetch GET 200 https://registry.npmjs.org/decamelize/-/decamelize-1.2.0.tgz 22193ms (cache miss)
8869 http fetch GET 200 https://registry.npmjs.org/strip-ansi/-/strip-ansi-5.2.0.tgz 22216ms (cache miss)
8870 http fetch GET 200 https://registry.npmjs.org/find-up/-/find-up-3.0.0.tgz 22228ms (cache miss)
8871 http fetch GET 200 https://registry.npmjs.org/glob/-/glob-7.2.3.tgz 22270ms (cache miss)
8872 http fetch GET 200 https://registry.npmjs.org/cliui/-/cliui-5.0.0.tgz 22261ms (cache miss)
8873 warn deprecated glob@7.2.3: Old versions of glob are not supported, and contain widely publicized security vulnerabilities, which have been fixed in the current version. Please update. Support for old versions may be purchased (at exorbitant rates) by contacting i@izs.me
8874 http fetch GET 200 https://registry.npmjs.org/string-width/-/string-width-3.1.0.tgz 22263ms (cache miss)
8875 http fetch GET 200 https://registry.npmjs.org/js-yaml/-/js-yaml-3.15.2.tgz 22294ms (cache miss)
8876 http fetch GET 200 https://registry.npmjs.org/which/-/which-1.3.1.tgz 22299ms (cache miss)
8877 http fetch GET 200 https://registry.npmjs.org/rimraf/-/rimraf-2.7.1.tgz 22322ms (cache miss)
8878 warn deprecated rimraf@2.7.1: Rimraf versions prior to v4 are no longer supported
8879 http fetch GET 200 https://registry.npmjs.org/minimatch/-/minimatch-10.2.6.tgz 22351ms (cache miss)
8880 http fetch GET 200 https://registry.npmjs.org/punycode/-/punycode-2.3.1.tgz 22349ms (cache miss)
8881 http fetch GET 200 https://registry.npmjs.org/lru-cache/-/lru-cache-10.4.3.tgz 22397ms (cache miss)
8882 http fetch GET 200 https://registry.npmjs.org/glob/-/glob-7.2.3.tgz 22429ms (cache miss)
8883 warn deprecated glob@7.2.3: Old versions of glob are not supported, and contain widely publicized security vulnerabilities, which have been fixed in the current version. Please update. Support for old versions may be purchased (at exorbitant rates) by contacting i@izs.me
8884 http fetch GET 200 https://registry.npmjs.org/glob/-/glob-7.2.3.tgz 22437ms (cache miss)
8885 http fetch GET 200 https://registry.npmjs.org/escape-string-regexp/-/escape-string-regexp-1.0.5.tgz 22438ms (cache miss)
8886 warn deprecated glob@7.2.3: Old versions of glob are not supported, and contain widely publicized security vulnerabilities, which have been fixed in the current version. Please update. Support for old versions may be purchased (at exorbitant rates) by contacting i@izs.me
8887 http fetch GET 200 https://registry.npmjs.org/fast-deep-equal/-/fast-deep-equal-1.1.0.tgz 22596ms (cache miss)
8888 http fetch GET 200 https://registry.npmjs.org/rimraf/-/rimraf-2.6.3.tgz 22597ms (cache miss)
8889 warn deprecated rimraf@2.6.3: Rimraf versions prior to v4 are no longer supported
8890 http fetch GET 200 https://registry.npmjs.org/slice-ansi/-/slice-ansi-1.0.0.tgz 22597ms (cache miss)
8891 http fetch GET 200 https://registry.npmjs.org/@octokit/types/-/types-13.10.0.tgz 22632ms (cache miss)
8892 http fetch GET 200 https://registry.npmjs.org/yargs-parser/-/yargs-parser-15.0.3.tgz 22678ms (cache miss)
8893 http fetch GET 200 https://registry.npmjs.org/resolve-from/-/resolve-from-1.0.1.tgz 22698ms (cache miss)
8894 http fetch GET 200 https://registry.npmjs.org/chalk/-/chalk-2.4.2.tgz 22769ms (cache miss)
8895 http fetch GET 200 https://registry.npmjs.org/estraverse/-/estraverse-5.3.0.tgz 22771ms (cache miss)
8896 http fetch GET 200 https://registry.npmjs.org/qs/-/qs-6.16.0.tgz 22791ms (cache miss)
8897 http fetch GET 200 https://registry.npmjs.org/ajv-keywords/-/ajv-keywords-2.1.1.tgz 22781ms (cache miss)
8898 http fetch GET 200 https://registry.npmjs.org/escape-string-regexp/-/escape-string-regexp-1.0.5.tgz 22795ms (cache miss)
8899 http fetch GET 200 https://registry.npmjs.org/@octokit/types/-/types-13.10.0.tgz 22866ms (cache miss)
8900 http fetch GET 200 https://registry.npmjs.org/yargs/-/yargs-14.2.3.tgz 22912ms (cache miss)
8901 http fetch GET 200 https://registry.npmjs.org/strip-ansi/-/strip-ansi-4.0.0.tgz 23038ms (cache miss)
8902 http fetch GET 200 https://registry.npmjs.org/strip-ansi/-/strip-ansi-3.0.1.tgz 23082ms (cache miss)
8903 http fetch GET 200 https://registry.npmjs.org/supports-color/-/supports-color-2.0.0.tgz 23082ms (cache miss)
8904 http fetch GET 200 https://registry.npmjs.org/ansi-styles/-/ansi-styles-2.2.1.tgz 23082ms (cache miss)
8905 http fetch GET 200 https://registry.npmjs.org/escape-string-regexp/-/escape-string-regexp-1.0.5.tgz 23082ms (cache miss)
8906 http fetch GET 200 https://registry.npmjs.org/ansi-regex/-/ansi-regex-2.1.1.tgz 23084ms (cache miss)
8907 http fetch GET 200 https://registry.npmjs.org/chalk/-/chalk-2.4.2.tgz 23085ms (cache miss)
8908 http fetch GET 200 https://registry.npmjs.org/ansi-regex/-/ansi-regex-5.0.1.tgz 23205ms (cache miss)
8909 http fetch GET 200 https://registry.npmjs.org/chalk/-/chalk-1.1.3.tgz 23205ms (cache miss)
8910 http fetch GET 200 https://registry.npmjs.org/type-check/-/type-check-0.4.0.tgz 23279ms (cache miss)
8911 http fetch GET 200 https://registry.npmjs.org/estraverse/-/estraverse-5.3.0.tgz 23280ms (cache miss)
8912 http fetch GET 200 https://registry.npmjs.org/type-check/-/type-check-0.4.0.tgz 23282ms (cache miss)
8913 http fetch GET 200 https://registry.npmjs.org/prelude-ls/-/prelude-ls-1.2.1.tgz 23295ms (cache miss)
8914 http fetch GET 200 https://registry.npmjs.org/prelude-ls/-/prelude-ls-1.2.1.tgz 23384ms (cache miss)
8915 http fetch GET 200 https://registry.npmjs.org/flat-cache/-/flat-cache-3.2.0.tgz 23400ms (cache miss)
8916 http fetch GET 200 https://registry.npmjs.org/shebang-command/-/shebang-command-2.0.0.tgz 23682ms (cache miss)
8917 http fetch GET 200 https://registry.npmjs.org/shebang-regex/-/shebang-regex-3.0.0.tgz 23683ms (cache miss)
8918 http fetch GET 200 https://registry.npmjs.org/which/-/which-2.0.2.tgz 23682ms (cache miss)
8919 http fetch GET 200 https://registry.npmjs.org/acorn-jsx/-/acorn-jsx-5.3.2.tgz 23695ms (cache miss)
8920 http fetch GET 200 https://registry.npmjs.org/estraverse/-/estraverse-5.3.0.tgz 23840ms (cache miss)
8921 http fetch GET 200 https://registry.npmjs.org/has-flag/-/has-flag-4.0.0.tgz 23903ms (cache miss)
8922 http fetch GET 200 https://registry.npmjs.org/supports-color/-/supports-color-7.2.0.tgz 23903ms (cache miss)
8923 http fetch GET 200 https://registry.npmjs.org/color-name/-/color-name-1.1.4.tgz 23904ms (cache miss)
8924 http fetch GET 200 https://registry.npmjs.org/acorn/-/acorn-3.3.0.tgz 23920ms (cache miss)
8925 http fetch GET 200 https://registry.npmjs.org/argparse/-/argparse-2.0.1.tgz 24001ms (cache miss)
8926 http fetch GET 200 https://registry.npmjs.org/color-convert/-/color-convert-2.0.1.tgz 24085ms (cache miss)
8927 http fetch GET 200 https://registry.npmjs.org/escape-string-regexp/-/escape-string-regexp-1.0.5.tgz 24092ms (cache miss)
8928 http fetch GET 200 https://registry.npmjs.org/ansi-styles/-/ansi-styles-4.3.0.tgz 24105ms (cache miss)
8929 http fetch GET 200 https://registry.npmjs.org/json-schema-traverse/-/json-schema-traverse-0.4.1.tgz 24104ms (cache miss)
8930 http fetch GET 200 https://registry.npmjs.org/globals/-/globals-13.24.0.tgz 24120ms (cache miss)
8931 http fetch GET 200 https://registry.npmjs.org/chalk/-/chalk-2.4.2.tgz 24120ms (cache miss)
8932 http fetch GET 200 https://registry.npmjs.org/foreground-child/-/foreground-child-4.0.3.tgz 24236ms (cache miss)
8933 http fetch GET 200 https://registry.npmjs.org/semver/-/semver-7.8.5.tgz 24272ms (cache miss)
8934 http fetch GET 200 https://registry.npmjs.org/glob/-/glob-7.2.3.tgz 24292ms (cache miss)
8935 warn deprecated glob@7.2.3: Old versions of glob are not supported, and contain widely publicized security vulnerabilities, which have been fixed in the current version. Please update. Support for old versions may be purchased (at exorbitant rates) by contacting i@izs.me
8936 http fetch GET 200 https://registry.npmjs.org/color-name/-/color-name-1.1.4.tgz 24396ms (cache miss)
8937 http fetch GET 200 https://registry.npmjs.org/color-convert/-/color-convert-2.0.1.tgz 24406ms (cache miss)
8938 http fetch GET 200 https://registry.npmjs.org/semver/-/semver-7.8.5.tgz 24445ms (cache miss)
8939 http fetch GET 200 https://registry.npmjs.org/commander/-/commander-7.2.0.tgz 24454ms (cache miss)
8940 http fetch GET 200 https://registry.npmjs.org/is-fullwidth-code-point/-/is-fullwidth-code-point-3.0.0.tgz 24504ms (cache miss)
8941 http fetch GET 200 https://registry.npmjs.org/ansi-styles/-/ansi-styles-4.3.0.tgz 24504ms (cache miss)
8942 http fetch GET 200 https://registry.npmjs.org/semver/-/semver-7.8.5.tgz 24543ms (cache miss)
8943 http fetch GET 200 https://registry.npmjs.org/wrap-ansi/-/wrap-ansi-7.0.0.tgz 24567ms (cache miss)
8944 http fetch GET 200 https://registry.npmjs.org/y18n/-/y18n-5.0.8.tgz 24583ms (cache miss)
8945 http fetch GET 200 https://registry.npmjs.org/string-width/-/string-width-4.2.3.tgz 24604ms (cache miss)
8946 http fetch GET 200 https://registry.npmjs.org/has-flag/-/has-flag-4.0.0.tgz 24604ms (cache miss)
8947 http fetch GET 200 https://registry.npmjs.org/cliui/-/cliui-7.0.4.tgz 24690ms (cache miss)
8948 http fetch GET 200 https://registry.npmjs.org/brace-expansion/-/brace-expansion-2.1.7.tgz 24756ms (cache miss)
8949 http fetch GET 200 https://registry.npmjs.org/commander/-/commander-14.0.3.tgz 24828ms (cache miss)
8950 http fetch GET 200 https://registry.npmjs.org/normalize-path/-/normalize-path-3.0.0.tgz 24822ms (cache miss)
8951 http fetch GET 200 https://registry.npmjs.org/glob-parent/-/glob-parent-5.1.2.tgz 24823ms (cache miss)
8952 http fetch GET 200 https://registry.npmjs.org/acorn/-/acorn-8.18.0.tgz 24834ms (cache miss)
8953 http fetch GET 200 https://registry.npmjs.org/readdirp/-/readdirp-3.6.0.tgz 24865ms (cache miss)
8954 http fetch GET 200 https://registry.npmjs.org/picomatch/-/picomatch-2.3.2.tgz 24868ms (cache miss)
8955 http fetch GET 200 https://registry.npmjs.org/acorn/-/acorn-8.18.0.tgz 24969ms (cache miss)
8956 http fetch GET 200 https://registry.npmjs.org/supports-color/-/supports-color-8.1.1.tgz 25025ms (cache miss)
8957 http fetch GET 200 https://registry.npmjs.org/log-symbols/-/log-symbols-4.1.0.tgz 25042ms (cache miss)
8958 http fetch GET 200 https://registry.npmjs.org/minimatch/-/minimatch-5.1.9.tgz 25043ms (cache miss)
8959 http fetch GET 200 https://registry.npmjs.org/glob/-/glob-8.1.0.tgz 25054ms (cache miss)
8960 warn deprecated glob@8.1.0: Old versions of glob are not supported, and contain widely publicized security vulnerabilities, which have been fixed in the current version. Please update. Support for old versions may be purchased (at exorbitant rates) by contacting i@izs.me
8961 http fetch GET 200 https://registry.npmjs.org/browser-stdout/-/browser-stdout-1.3.1.tgz 25199ms (cache miss)
8962 http fetch GET 200 https://registry.npmjs.org/yargs-parser/-/yargs-parser-20.2.9.tgz 25214ms (cache miss)
8963 http fetch GET 200 https://registry.npmjs.org/brace-expansion/-/brace-expansion-2.1.7.tgz 25243ms (cache miss)
8964 http fetch GET 200 https://registry.npmjs.org/chokidar/-/chokidar-3.6.0.tgz 25335ms (cache miss)
8965 http fetch GET 200 https://registry.npmjs.org/he/-/he-1.2.0.tgz 25337ms (cache miss)
8966 http fetch GET 200 https://registry.npmjs.org/flat-cache/-/flat-cache-4.0.1.tgz 25345ms (cache miss)
8967 http fetch GET 200 https://registry.npmjs.org/estraverse/-/estraverse-5.3.0.tgz 25407ms (cache miss)
8968 http fetch GET 200 https://registry.npmjs.org/yargs/-/yargs-16.2.2.tgz 25412ms (cache miss)
8969 http fetch GET 200 https://registry.npmjs.org/file-entry-cache/-/file-entry-cache-8.0.0.tgz 25487ms (cache miss)
8970 http fetch GET 200 https://registry.npmjs.org/globals/-/globals-14.0.0.tgz 25496ms (cache miss)
8971 http fetch GET 200 https://registry.npmjs.org/acorn-jsx/-/acorn-jsx-5.3.2.tgz 25507ms (cache miss)
8972 http fetch GET 200 https://registry.npmjs.org/eslint-visitor-keys/-/eslint-visitor-keys-4.2.1.tgz 25537ms (cache miss)
8973 http fetch GET 200 https://registry.npmjs.org/espree/-/espree-10.4.0.tgz 25617ms (cache miss)
8974 http fetch GET 200 https://registry.npmjs.org/which/-/which-1.3.1.tgz 25699ms (cache miss)
8975 http fetch GET 200 https://registry.npmjs.org/fast-deep-equal/-/fast-deep-equal-1.1.0.tgz 25727ms (cache miss)
8976 http fetch GET 200 https://registry.npmjs.org/prettier/-/prettier-2.0.5.tgz 25908ms (cache miss)
8977 http fetch GET 200 https://registry.npmjs.org/eslint-scope/-/eslint-scope-8.4.0.tgz 25760ms (cache miss)
8978 http fetch GET 200 https://registry.npmjs.org/@octokit/openapi-types/-/openapi-types-24.2.0.tgz 25837ms (cache miss)
8979 http fetch GET 200 https://registry.npmjs.org/minimatch/-/minimatch-9.0.9.tgz 25871ms (cache miss)
8980 http fetch GET 200 https://registry.npmjs.org/strip-ansi/-/strip-ansi-4.0.0.tgz 25876ms (cache miss)
8981 http fetch GET 200 https://registry.npmjs.org/escape-string-regexp/-/escape-string-regexp-1.0.5.tgz 25887ms (cache miss)
8982 http fetch GET 200 https://registry.npmjs.org/strip-json-comments/-/strip-json-comments-2.0.1.tgz 25904ms (cache miss)
8983 http fetch GET 200 https://registry.npmjs.org/levn/-/levn-0.3.0.tgz 25911ms (cache miss)
8984 http fetch GET 200 https://registry.npmjs.org/globals/-/globals-11.12.0.tgz 25951ms (cache miss)
8985 http fetch GET 200 https://registry.npmjs.org/optionator/-/optionator-0.8.3.tgz 25981ms (cache miss)
8986 http fetch GET 200 https://registry.npmjs.org/ignore/-/ignore-3.3.10.tgz 26007ms (cache miss)
8987 http fetch GET 200 https://registry.npmjs.org/file-entry-cache/-/file-entry-cache-2.0.0.tgz 26020ms (cache miss)
8988 http fetch GET 200 https://registry.npmjs.org/espree/-/espree-3.5.4.tgz 26031ms (cache miss)
8989 http fetch GET 200 https://registry.npmjs.org/glob/-/glob-7.2.3.tgz 26056ms (cache miss)
8990 warn deprecated glob@7.2.3: Old versions of glob are not supported, and contain widely publicized security vulnerabilities, which have been fixed in the current version. Please update. Support for old versions may be purchased (at exorbitant rates) by contacting i@izs.me
8991 http fetch GET 200 https://registry.npmjs.org/eslint-visitor-keys/-/eslint-visitor-keys-1.3.0.tgz 26185ms (cache miss)
8992 http fetch GET 200 https://registry.npmjs.org/cross-spawn/-/cross-spawn-5.1.0.tgz 26186ms (cache miss)
8993 http fetch GET 200 https://registry.npmjs.org/eslint-scope/-/eslint-scope-3.7.3.tgz 26200ms (cache miss)
8994 http fetch GET 200 https://registry.npmjs.org/doctrine/-/doctrine-2.1.0.tgz 26213ms (cache miss)
8995 http fetch GET 200 https://registry.npmjs.org/diff/-/diff-5.2.2.tgz 26225ms (cache miss)
8996 http fetch GET 200 https://registry.npmjs.org/debug/-/debug-3.2.7.tgz 26227ms (cache miss)
8997 http fetch GET 200 https://registry.npmjs.org/diff/-/diff-3.3.1.tgz 26234ms (cache miss)
8998 http fetch GET 200 https://registry.npmjs.org/ajv/-/ajv-5.5.2.tgz 26306ms (cache miss)
8999 http fetch GET 200 https://registry.npmjs.org/ms/-/ms-2.0.0.tgz 26313ms (cache miss)
9000 http fetch GET 200 https://registry.npmjs.org/supports-color/-/supports-color-4.4.0.tgz 26329ms (cache miss)
9001 http fetch GET 200 https://registry.npmjs.org/chalk/-/chalk-2.4.2.tgz 26430ms (cache miss)
9002 http fetch GET 200 https://registry.npmjs.org/glob/-/glob-7.1.2.tgz 26431ms (cache miss)
9003 warn deprecated glob@7.1.2: Old versions of glob are not supported, and contain widely publicized security vulnerabilities, which have been fixed in the current version. Please update. Support for old versions may be purchased (at exorbitant rates) by contacting i@izs.me
9004 http fetch GET 200 https://registry.npmjs.org/js-yaml/-/js-yaml-3.15.2.tgz 26444ms (cache miss)
9005 http fetch GET 200 https://registry.npmjs.org/debug/-/debug-3.1.0.tgz 26449ms (cache miss)
9006 http fetch GET 200 https://registry.npmjs.org/eslint-visitor-keys/-/eslint-visitor-keys-2.1.0.tgz 26547ms (cache miss)
9007 http fetch GET 200 https://registry.npmjs.org/globals/-/globals-13.24.0.tgz 26547ms (cache miss)
9008 http fetch GET 200 https://registry.npmjs.org/acorn/-/acorn-8.18.0.tgz 26744ms (cache miss)
9009 http fetch GET 200 https://registry.npmjs.org/strip-json-comments/-/strip-json-comments-5.0.3.tgz 26868ms (cache miss)
9010 http fetch GET 200 https://registry.npmjs.org/eslint-utils/-/eslint-utils-3.0.0.tgz 26898ms (cache miss)
9011 http fetch GET 200 https://registry.npmjs.org/@eslint/eslintrc/-/eslintrc-3.3.7.tgz 26913ms (cache miss)
9012 http fetch GET 200 https://registry.npmjs.org/ignore/-/ignore-7.0.12.tgz 26911ms (cache miss)
9013 http fetch GET 200 https://registry.npmjs.org/@ljharb/eslint-config/-/eslint-config-21.4.0.tgz 26912ms (cache miss)
9014 http fetch GET 200 https://registry.npmjs.org/typescript-eslint/-/typescript-eslint-8.71.0.tgz 27055ms (cache miss)
9015 http fetch GET 200 https://registry.npmjs.org/esbuild/-/esbuild-0.25.12.tgz 27194ms (cache miss)
9016 http fetch GET 200 https://registry.npmjs.org/semver/-/semver-7.8.5.tgz 27197ms (cache miss)
9017 http fetch GET 200 https://registry.npmjs.org/@typescript-eslint/project-service/-/project-service-8.71.0.tgz 27231ms (cache miss)
9018 http fetch GET 200 https://registry.npmjs.org/mocha/-/mocha-4.0.1.tgz 27255ms (cache miss)
9019 http fetch GET 200 https://registry.npmjs.org/@typescript-eslint/tsconfig-utils/-/tsconfig-utils-8.71.0.tgz 27400ms (cache miss)
9020 http fetch GET 200 https://registry.npmjs.org/ts-api-utils/-/ts-api-utils-2.5.0.tgz 27449ms (cache miss)
9021 http fetch GET 200 https://registry.npmjs.org/@typescript-eslint/parser/-/parser-8.71.0.tgz 27616ms (cache miss)
9022 http fetch GET 200 https://registry.npmjs.org/@typescript-eslint/utils/-/utils-8.71.0.tgz 27970ms (cache miss)
9023 http fetch GET 200 https://registry.npmjs.org/ts-api-utils/-/ts-api-utils-2.5.0.tgz 28025ms (cache miss)
9024 http fetch GET 200 https://registry.npmjs.org/minimatch/-/minimatch-10.2.6.tgz 28051ms (cache miss)
9025 http fetch GET 200 https://registry.npmjs.org/@typescript-eslint/tsconfig-utils/-/tsconfig-utils-8.71.0.tgz 28139ms (cache miss)
9026 http fetch GET 200 https://registry.npmjs.org/@octokit/openapi-types/-/openapi-types-24.2.0.tgz 28403ms (cache miss)
9027 http fetch GET 200 https://registry.npmjs.org/@eslint/eslintrc/-/eslintrc-1.4.1.tgz 28362ms (cache miss)
9028 http fetch GET 200 https://registry.npmjs.org/@typescript-eslint/type-utils/-/type-utils-8.71.0.tgz 28473ms (cache miss)
9029 http fetch GET 200 https://registry.npmjs.org/@typescript-eslint/project-service/-/project-service-8.71.0.tgz 28506ms (cache miss)
9030 http fetch GET 200 https://registry.npmjs.org/ts-api-utils/-/ts-api-utils-2.5.0.tgz 28575ms (cache miss)
9031 http fetch GET 200 https://registry.npmjs.org/@typescript-eslint/typescript-estree/-/typescript-estree-8.71.0.tgz 28660ms (cache miss)
9032 http fetch GET 200 https://registry.npmjs.org/@typescript-eslint/tsconfig-utils/-/tsconfig-utils-8.71.0.tgz 28680ms (cache miss)
9033 http fetch GET 200 https://registry.npmjs.org/@typescript-eslint/project-service/-/project-service-8.71.0.tgz 28779ms (cache miss)
9034 http fetch GET 200 https://registry.npmjs.org/ts-api-utils/-/ts-api-utils-2.5.0.tgz 28832ms (cache miss)
9035 http fetch GET 200 https://registry.npmjs.org/playwright-core/-/playwright-core-1.63.0.tgz 29033ms (cache miss)
9036 http fetch GET 200 https://registry.npmjs.org/eslint-plugin-regexp/-/eslint-plugin-regexp-2.10.0.tgz 29011ms (cache miss)
9037 http fetch GET 200 https://registry.npmjs.org/@typescript-eslint/rule-tester/-/rule-tester-8.71.0.tgz 29058ms (cache miss)
9038 http fetch GET 200 https://registry.npmjs.org/balanced-match/-/balanced-match-4.0.4.tgz 29081ms (cache miss)
9039 http fetch GET 200 https://registry.npmjs.org/@typescript-eslint/tsconfig-utils/-/tsconfig-utils-8.71.0.tgz 29092ms (cache miss)
9040 http fetch GET 200 https://registry.npmjs.org/ts-api-utils/-/ts-api-utils-2.5.0.tgz 29137ms (cache miss)
9041 http fetch GET 200 https://registry.npmjs.org/@typescript-eslint/project-service/-/project-service-8.71.0.tgz 29137ms (cache miss)
9042 http fetch GET 200 https://registry.npmjs.org/@typescript-eslint/typescript-estree/-/typescript-estree-8.71.0.tgz 29191ms (cache miss)
9043 http fetch GET 200 https://registry.npmjs.org/@typescript-eslint/parser/-/parser-8.71.0.tgz 29280ms (cache miss)
9044 http fetch GET 200 https://registry.npmjs.org/has-flag/-/has-flag-2.0.0.tgz 29281ms (cache miss)
9045 http fetch GET 200 https://registry.npmjs.org/mkdirp/-/mkdirp-0.5.1.tgz 29303ms (cache miss)
9046 http fetch GET 200 https://registry.npmjs.org/minimist/-/minimist-0.0.8.tgz 29303ms (cache miss)
9047 http fetch GET 200 https://registry.npmjs.org/brace-expansion/-/brace-expansion-5.0.12.tgz 29305ms (cache miss)
9048 warn deprecated mkdirp@0.5.1: Legacy versions of mkdirp are no longer supported. Please update to mkdirp 1.x. (Note that the API surface has changed to use Promises in 1.x.)
9049 http fetch GET 200 https://registry.npmjs.org/eslint/-/eslint-4.18.2.tgz 29334ms (cache miss)
9050 warn deprecated eslint@4.18.2: This version is no longer supported. Please see https://eslint.org/version-support for other options.
9051 http fetch GET 200 https://registry.npmjs.org/@typescript-eslint/typescript-estree/-/typescript-estree-8.71.0.tgz 29341ms (cache miss)
9052 http fetch GET 200 https://registry.npmjs.org/eslint/-/eslint-8.8.0.tgz 29381ms (cache miss)
9053 warn deprecated eslint@8.8.0: This version is no longer supported. Please see https://eslint.org/version-support for other options.
9054 http fetch GET 200 https://registry.npmjs.org/@typescript-eslint/typescript-estree/-/typescript-estree-8.71.0.tgz 29443ms (cache miss)
9055 http fetch GET 200 https://registry.npmjs.org/knip/-/knip-5.88.1.tgz 29522ms (cache miss)
9056 http fetch GET 200 https://registry.npmjs.org/@typescript-eslint/eslint-plugin/-/eslint-plugin-8.71.0.tgz 29731ms (cache miss)
9057 http fetch GET 200 https://registry.npmjs.org/ajv/-/ajv-5.5.2.tgz 29752ms (cache miss)
9058 http fetch GET 200 https://registry.npmjs.org/typescript 32851ms (cache miss)
9059 silly packumentCache corgi:https://registry.npmjs.org/typescript set size:undefined disposed:false
9060 http fetch GET 200 https://registry.npmjs.org/@esbuild/linux-x64/-/linux-x64-0.25.12.tgz 35992ms (cache miss)
9061 http fetch GET 200 https://registry.npmjs.org/@dprint/linux-x64-glibc/-/linux-x64-glibc-0.49.1.tgz 47509ms (cache miss)
9062 http fetch GET 200 https://registry.npmjs.org/typescript/-/typescript-5.9.3.tgz 21292ms (cache miss)
9063 silly timing Tried to end timer that doesn't exist: build:link:node_modules/mkdirp
9064 info run husky@0.14.3 install node_modules/husky node ./bin/install.js
9065 info run husky@0.14.3 install { code: 0, signal: null }
9066 info run esbuild@0.25.12 postinstall typescript@5.9.3/node_modules/esbuild node install.js
9067 info run dprint@0.49.1 postinstall node_modules/dprint node ./install.js
9068 info run esbuild@0.25.12 postinstall { code: 1, signal: null }
9069 info run dprint@0.49.1 postinstall { code: 0, signal: null }
9070 verbose stack Error: command failed
9070 verbose stack     at promiseSpawn (/home/marco/.nvm/versions/node/v24.21.0/lib/node_modules/npm/node_modules/@npmcli/promise-spawn/lib/index.js:22:22)
9070 verbose stack     at spawnWithShell (/home/marco/.nvm/versions/node/v24.21.0/lib/node_modules/npm/node_modules/@npmcli/promise-spawn/lib/index.js:124:10)
9070 verbose stack     at promiseSpawn (/home/marco/.nvm/versions/node/v24.21.0/lib/node_modules/npm/node_modules/@npmcli/promise-spawn/lib/index.js:12:12)
9070 verbose stack     at runScriptPkg (/home/marco/.nvm/versions/node/v24.21.0/lib/node_modules/npm/node_modules/@npmcli/run-script/lib/run-script-pkg.js:79:13)
9070 verbose stack     at runScript (/home/marco/.nvm/versions/node/v24.21.0/lib/node_modules/npm/node_modules/@npmcli/run-script/lib/run-script.js:9:12)
9070 verbose stack     at /home/marco/.nvm/versions/node/v24.21.0/lib/node_modules/npm/node_modules/@npmcli/arborist/lib/arborist/rebuild.js:348:17
9070 verbose stack     at run (/home/marco/.nvm/versions/node/v24.21.0/lib/node_modules/npm/node_modules/promise-call-limit/dist/commonjs/index.js:67:22)
9070 verbose stack     at /home/marco/.nvm/versions/node/v24.21.0/lib/node_modules/npm/node_modules/promise-call-limit/dist/commonjs/index.js:84:9
9070 verbose stack     at new Promise (<anonymous>)
9070 verbose stack     at callLimit (/home/marco/.nvm/versions/node/v24.21.0/lib/node_modules/npm/node_modules/promise-call-limit/dist/commonjs/index.js:35:69)
9071 verbose pkgid esbuild@0.25.12
9072 error code 1
9073 error path /home/marco/Documents/deepseek-harness/default-workspace/node_modules/.pnpm/typescript@5.9.3/node_modules/esbuild
9074 error command failed
9075 error command sh -c node install.js
9076 error /home/marco/Documents/deepseek-harness/default-workspace/node_modules/.pnpm/typescript@5.9.3/node_modules/esbuild/install.js:136
9076 error     throw new Error(`Expected ${JSON.stringify(versionFromPackageJSON)} but got ${JSON.stringify(stdout)}`);
9076 error           ^
9076 error
9076 error Error: Expected "0.25.12" but got "0.28.2"
9076 error     at validateBinaryVersion (/home/marco/Documents/deepseek-harness/default-workspace/node_modules/.pnpm/typescript@5.9.3/node_modules/esbuild/install.js:136:11)
9076 error     at /home/marco/Documents/deepseek-harness/default-workspace/node_modules/.pnpm/typescript@5.9.3/node_modules/esbuild/install.js:287:5
9076 error
9076 error Node.js v24.21.0
9077 silly unfinished npm timer reify 1790975698863
9078 silly unfinished npm timer reify:build 1790975818219
9079 silly unfinished npm timer build 1790975818222
9080 silly unfinished npm timer build:deps 1790975818222
9081 silly unfinished npm timer build:run:postinstall 1790975818360
9082 silly unfinished npm timer build:run:postinstall:typescript@5.9.3/node_modules/esbuild 1790975818360
9083 verbose cwd /home/marco/Documents/deepseek-harness/default-workspace/.uitest
9084 verbose os Linux 7.0.0-38-generic
9085 verbose node v24.21.0
9086 verbose npm  v11.19.0
9087 verbose exit 1
9088 verbose code 1
9089 error A complete log of this run can be found in: /home/marco/Documents/deepseek-harness/default-workspace/.npm-cache/_logs/2026-10-02T21_14_58_545Z-debug-0.log
